HIERARCHY
ROOT Hips
{
  OFFSET 0 0 0
  CHANNELS 6 Xposition Yposition Zposition Zrotation Xrotation Yrotation
  JOINT LeftUpLeg
  {
    OFFSET 5.8 -9.3 -2.6
    CHANNELS 3 Zrotation Xrotation Yrotation
    JOINT LeftLeg
    {
      OFFSET 5.5 -37.9 0.8
      CHANNELS 3 Zrotation Xrotation Yrotation
      JOINT LeftFoot
      {
        OFFSET -4.3 -41.4 -3.8
        CHANNELS 3 Zrotation Xrotation Yrotation
        JOINT LeftToeBase
        {
          OFFSET 4.7 -5.3 12.7
          CHANNELS 3 Zrotation Xrotation Yrotation
          End Site
          {
            OFFSET 0 0 6
          }
        }
      }
    }
  }
  JOINT RightUpLeg
  {
    OFFSET -6.3 -10.4 -2.1
    CHANNELS 3 Zrotation Xrotation Yrotation
    JOINT RightLeg
    {
      OFFSET -4.4 -36.3 0.6
      CHANNELS 3 Zrotation Xrotation Yrotation
      JOINT RightFoot
      {
        OFFSET 1.5 -41.1 -4
        CHANNELS 3 Zrotation Xrotation Yrotation
        JOINT RightToeBase
        {
          OFFSET -3.6 -5.6 13.1
          CHANNELS 3 Zrotation Xrotation Yrotation
          End Site
          {
            OFFSET 0 0 6
          }
        }
      }
    }
  }
  JOINT Spine
  {
    OFFSET -0.3 11.1 -2.7
    CHANNELS 3 Zrotation Xrotation Yrotation
    JOINT Spine1
    {
      OFFSET 1 13.6 2.1
      CHANNELS 3 Zrotation Xrotation Yrotation
      JOINT Spine2
      {
        OFFSET -1.1 4.9 2
        CHANNELS 3 Zrotation Xrotation Yrotation
        JOINT Neck
        {
          OFFSET -1.3 16.5 -4.4
          CHANNELS 3 Zrotation Xrotation Yrotation
          JOINT Head
          {
            OFFSET 2.5 15.8 1.3
            CHANNELS 3 Zrotation Xrotation Yrotation
            End Site
            {
              OFFSET 0 16 0
            }
          }
        }
        JOINT LeftShoulder
        {
          OFFSET 4.6 8.4 -2.6
          CHANNELS 3 Zrotation Xrotation Yrotation
          JOINT LeftArm
          {
            OFFSET 12.6 3.3 -2.1
            CHANNELS 3 Zrotation Xrotation Yrotation
            JOINT LeftForeArm
            {
              OFFSET 24.9 -2.4 -2.5
              CHANNELS 3 Zrotation Xrotation Yrotation
              JOINT LeftHand
              {
                OFFSET 25.5 0 -0.2
                CHANNELS 3 Zrotation Xrotation Yrotation
                JOINT LeftHandThumb1
                {
                  OFFSET 2.5 3.5 0
                  CHANNELS 3 Zrotation Xrotation Yrotation
                  JOINT LeftHandThumb2
                  {
                    OFFSET 3.2 0 0
                    CHANNELS 3 Zrotation Xrotation Yrotation
                    JOINT LeftHandThumb3
                    {
                      OFFSET 2.5 0 0
                      CHANNELS 3 Zrotation Xrotation Yrotation
                      End Site
                      {
                        OFFSET 2.2 0 0
                      }
                    }
                  }
                }
                JOINT LeftHandIndex1
                {
                  OFFSET 6.5 2.5 0
                  CHANNELS 3 Zrotation Xrotation Yrotation
                  JOINT LeftHandIndex2
                  {
                    OFFSET 3.5 0 0
                    CHANNELS 3 Zrotation Xrotation Yrotation
                    JOINT LeftHandIndex3
                    {
                      OFFSET 2.5 0 0
                      CHANNELS 3 Zrotation Xrotation Yrotation
                      End Site
                      {
                        OFFSET 2 0 0
                      }
                    }
                  }
                }
                JOINT LeftHandMiddle1
                {
                  OFFSET 6.5 0 0
                  CHANNELS 3 Zrotation Xrotation Yrotation
                  JOINT LeftHandMiddle2
                  {
                    OFFSET 3.5 0 0
                    CHANNELS 3 Zrotation Xrotation Yrotation
                    JOINT LeftHandMiddle3
                    {
                      OFFSET 2.5 0 0
                      CHANNELS 3 Zrotation Xrotation Yrotation
                      End Site
                      {
                        OFFSET 2 0 0
                      }
                    }
                  }
                }
                JOINT LeftHandRing1
                {
                  OFFSET 6.5 -2 0
                  CHANNELS 3 Zrotation Xrotation Yrotation
                  JOINT LeftHandRing2
                  {
                    OFFSET 3.5 0 0
                    CHANNELS 3 Zrotation Xrotation Yrotation
                    JOINT LeftHandRing3
                    {
                      OFFSET 2.5 0 0
                      CHANNELS 3 Zrotation Xrotation Yrotation
                      End Site
                      {
                        OFFSET 2 0 0
                      }
                    }
                  }
                }
                JOINT LeftHandPinky1
                {
                  OFFSET 6.5 -4 0
                  CHANNELS 3 Zrotation Xrotation Yrotation
                  JOINT LeftHandPinky2
                  {
                    OFFSET 3.5 0 0
                    CHANNELS 3 Zrotation Xrotation Yrotation
                    JOINT LeftHandPinky3
                    {
                      OFFSET 2.5 0 0
                      CHANNELS 3 Zrotation Xrotation Yrotation
                      End Site
                      {
                        OFFSET 2 0 0
                      }
                    }
                  }
                }
              }
            }
          }
        }
        JOINT RightShoulder
        {
          OFFSET -4.8 8.3 -3.2
          CHANNELS 3 Zrotation Xrotation Yrotation
          JOINT RightArm
          {
            OFFSET -13 3.6 -1.7
            CHANNELS 3 Zrotation Xrotation Yrotation
            JOINT RightForeArm
            {
              OFFSET -24.4 -2.8 -2.4
              CHANNELS 3 Zrotation Xrotation Yrotation
              JOINT RightHand
              {
                OFFSET -25.5 0.4 0
                CHANNELS 3 Zrotation Xrotation Yrotation
                JOINT RightHandThumb1
                {
                  OFFSET -2.5 3.5 0
                  CHANNELS 3 Zrotation Xrotation Yrotation
                  JOINT RightHandThumb2
                  {
                    OFFSET -3.2 0 0
                    CHANNELS 3 Zrotation Xrotation Yrotation
                    JOINT RightHandThumb3
                    {
                      OFFSET -2.5 0 0
                      CHANNELS 3 Zrotation Xrotation Yrotation
                      End Site
                      {
                        OFFSET -2.2 0 0
                      }
                    }
                  }
                }
                JOINT RightHandIndex1
                {
                  OFFSET -6.5 2.5 0
                  CHANNELS 3 Zrotation Xrotation Yrotation
                  JOINT RightHandIndex2
                  {
                    OFFSET -3.5 0 0
                    CHANNELS 3 Zrotation Xrotation Yrotation
                    JOINT RightHandIndex3
                    {
                      OFFSET -2.5 0 0
                      CHANNELS 3 Zrotation Xrotation Yrotation
                      End Site
                      {
                        OFFSET -2 0 0
                      }
                    }
                  }
                }
                JOINT RightHandMiddle1
                {
                  OFFSET -6.5 0 0
                  CHANNELS 3 Zrotation Xrotation Yrotation
                  JOINT RightHandMiddle2
                  {
                    OFFSET -3.5 0 0
                    CHANNELS 3 Zrotation Xrotation Yrotation
                    JOINT RightHandMiddle3
                    {
                      OFFSET -2.5 0 0
                      CHANNELS 3 Zrotation Xrotation Yrotation
                      End Site
                      {
                        OFFSET -2 0 0
                      }
                    }
                  }
                }
                JOINT RightHandRing1
                {
                  OFFSET -6.5 -2 0
                  CHANNELS 3 Zrotation Xrotation Yrotation
                  JOINT RightHandRing2
                  {
                    OFFSET -3.5 0 0
                    CHANNELS 3 Zrotation Xrotation Yrotation
                    JOINT RightHandRing3
                    {
                      OFFSET -2.5 0 0
                      CHANNELS 3 Zrotation Xrotation Yrotation
                      End Site
                      {
                        OFFSET -2 0 0
                      }
                    }
                  }
                }
                JOINT RightHandPinky1
                {
                  OFFSET -6.5 -4 0
                  CHANNELS 3 Zrotation Xrotation Yrotation
                  JOINT RightHandPinky2
                  {
                    OFFSET -3.5 0 0
                    CHANNELS 3 Zrotation Xrotation Yrotation
                    JOINT RightHandPinky3
                    {
                      OFFSET -2.5 0 0
                      CHANNELS 3 Zrotation Xrotation Yrotation
                      End Site
                      {
                        OFFSET -2 0 0
                      }
                    }
                  }
                }
              }
            }
          }
        }
      }
    }
  }
}
MOTION
Frames: 230
Frame Time: 0.0333333
0.0000 294.6274 0.0000 -11.6640 9.3665 7.6982 5.2842 -20.0966 -1.8783 13.0319 18.4261 -5.2353 -8.6243 7.1754 -17.4794 -0.0000 0.0000 -0.0000 19.4845 -8.9441 3.0083 -13.0267 8.5970 2.5625 -17.7741 -6.6480 -30.5386 -0.0000 0.0000 -0.0000 1.1114 0.6673 -5.9622 1.1114 0.6673 -5.9622 1.1114 0.6673 -5.9622 14.1754 -14.1326 3.5538 14.1754 -14.1326 3.5538 -0.0000 0.0000 -0.0000 -63.3810 -2.8064 -7.8757 -13.3752 -0.6459 4.6059 -21.2100 4.0920 -21.6043 -0.0000 0.0000 -0.0000 -0.0000 0.0000 -0.0000 -0.0000 0.0000 -0.0000 -0.0000 0.0000 -0.0000 -0.0000 0.0000 -0.0000 -0.0000 0.0000 -0.0000 -0.0000 0.0000 -0.0000 -0.0000 0.0000 -0.0000 -0.0000 0.0000 -0.0000 -0.0000 0.0000 -0.0000 -0.0000 0.0000 -0.0000 -0.0000 0.0000 -0.0000 -0.0000 0.0000 -0.0000 -0.0000 0.0000 -0.0000 -0.0000 0.0000 -0.0000 -0.0000 0.0000 -0.0000 86.9670 6.6599 21.5821 -2.1887 -0.0348 10.1593 28.4779 8.6133 33.0577 -0.0000 0.0000 -0.0000 -0.0000 0.0000 -0.0000 -0.0000 0.0000 -0.0000 -0.0000 0.0000 -0.0000 -0.0000 0.0000 -0.0000 -0.0000 0.0000 -0.0000 -0.0000 0.0000 -0.0000 -0.0000 0.0000 -0.0000 -0.0000 0.0000 -0.0000 -0.0000 0.0000 -0.0000 -0.0000 0.0000 -0.0000 -0.0000 0.0000 -0.0000 -0.0000 0.0000 -0.0000 -0.0000 0.0000 -0.0000 -0.0000 0.0000 -0.0000
0.4017 293.9003 4.0294 -11.5840 9.8564 8.3018 4.6735 -21.7339 -2.1740 12.9391 18.9908 -5.3340 -8.5600 6.5461 -17.7431 0.0000 0.0000 0.0000 18.7789 -9.9894 3.2426 -11.9413 8.7749 2.3977 -17.6867 -7.1240 -29.9875 0.0000 0.0000 0.0000 1.1331 0.7047 -6.0223 1.1331 0.7047 -6.0223 1.1331 0.7047 -6.0223 14.3528 -14.3407 3.9546 14.3528 -14.3407 3.9546 0.0000 0.0000 0.0000 -63.4249 -2.7789 -7.9349 -12.5477 -0.6145 4.6863 -21.0666 4.0692 -21.6332 9.0586 1.1444 14.3712 -23.6564 -2.5279 12.0284 -21.6293 4.5909 -23.7022 14.5378 0.1401 1.0985 -18.0036 1.5655 -9.8581 -6.8373 -2.3715 38.2214 -1.9170 -0.1451 8.6580 -18.7334 -3.2687 19.6270 15.4146 -1.7014 -12.5227 -4.9288 -0.5419 12.5411 -17.4211 -1.7118 11.1385 9.1641 -0.1837 -2.2921 -19.4052 0.5342 -3.1236 -1.2844 0.0267 -2.3795 8.3502 0.9482 12.9345 0.0000 0.0000 0.0000 86.7566 7.4886 22.7182 -2.9040 -0.0917 9.4756 27.3800 8.4211 33.6333 0.0000 0.0000 0.0000 0.0000 0.0000 0.0000 0.0000 0.0000 0.0000 0.0000 0.0000 0.0000 0.0000 0.0000 0.0000 0.0000 0.0000 0.0000 0.0000 0.0000 0.0000 0.0000 0.0000 0.0000 0.0000 0.0000 0.0000 0.0000 0.0000 0.0000 0.0000 0.0000 0.0000 0.0000 0.0000 0.0000 0.0000 0.0000 0.0000 0.0000 0.0000 0.0000 0.0000 0.0000 0.0000
0.7442 292.7382 7.1595 -11.3805 11.2368 8.7832 4.7101 -24.5625 -2.4682 11.6986 19.7914 -5.1705 -8.5583 10.0338 -14.9467 0.0000 0.0000 0.0000 17.1676 -13.3836 4.0090 -9.9251 10.3495 2.2353 -17.2622 -5.6846 -30.4828 0.0000 0.0000 0.0000 1.1383 0.7589 -6.2531 1.1383 0.7589 -6.2531 1.1383 0.7589 -6.2531 14.5120 -15.0867 4.3948 14.5120 -15.0867 4.3948 0.0000 0.0000 0.0000 -62.6814 -2.0004 -9.4823 -12.0691 -0.6680 5.4139 -20.2371 3.9917 -22.0984 2.2068 0.4510 23.0998 -4.5069 0.7239 -18.2403 -9.8938 0.0238 -0.2755 -4.0082 -0.8222 23.1764 7.1542 0.7438 11.8557 -5.3811 0.9235 -19.4629 -5.1794 -0.8176 17.9283 7.1106 0.6557 10.5240 -2.6850 -0.0729 3.1097 -3.2354 -0.5389 18.9084 -1.9003 -0.1591 9.5681 16.1784 3.6049 24.9691 -22.5921 -4.1018 20.3276 16.1585 1.1279 7.9334 15.7045 0.9689 7.0166 0.0000 0.0000 0.0000 86.1221 9.3007 25.2721 -3.7004 -0.1473 8.8535 26.0327 8.2593 34.6904 0.0000 0.0000 0.0000 0.0000 0.0000 0.0000 0.0000 0.0000 0.0000 0.0000 0.0000 0.0000 0.0000 0.0000 0.0000 0.0000 0.0000 0.0000 0.0000 0.0000 0.0000 0.0000 0.0000 0.0000 0.0000 0.0000 0.0000 0.0000 0.0000 0.0000 0.0000 0.0000 0.0000 0.0000 0.0000 0.0000 0.0000 0.0000 0.0000 0.0000 0.0000 0.0000 0.0000 0.0000 0.0000
1.4489 290.7295 15.5359 -11.8361 12.9032 9.3433 4.2738 -27.3598 -2.8856 12.0450 22.3916 -5.8114 -9.9013 13.0211 -16.8920 0.0000 0.0000 0.0000 16.3096 -15.9973 4.5973 -8.0512 11.0169 1.9524 -16.3696 -5.1412 -29.3913 0.0000 0.0000 0.0000 1.2478 0.8355 -6.5484 1.2478 0.8355 -6.5484 1.2478 0.8355 -6.5484 14.6941 -16.1402 4.6612 14.6941 -16.1402 4.6612 0.0000 0.0000 0.0000 -60.5635 -1.4392 -10.6036 -12.2516 -0.6587 5.2329 -18.6320 3.8344 -23.0667 2.2068 0.4510 23.0998 -4.5069 0.7239 -18.2403 -9.8938 0.0238 -0.2755 -4.0082 -0.8222 23.1764 7.1542 0.7438 11.8557 -5.3811 0.9235 -19.4629 -5.1794 -0.8176 17.9283 7.1106 0.6557 10.5240 -2.6850 -0.0729 3.1097 -3.2354 -0.5389 18.9084 -1.9003 -0.1591 9.5681 16.1784 3.6049 24.9691 -22.5921 -4.1018 20.3276 16.1585 1.1279 7.9334 15.7045 0.9689 7.0166 0.0000 0.0000 0.0000 85.7798 11.3143 28.0564 -6.2210 -0.3240 8.3740 23.9083 7.8933 36.0976 -38.8544 -2.7394 7.7567 39.1469 4.6431 13.0094 29.6970 -1.3668 -5.1521 4.9023 -0.3047 -7.1088 6.2388 -0.1087 -1.9940 9.9196 1.7582 20.0539 3.3390 0.0692 2.3726 12.8259 0.4246 3.7765 -7.3706 0.1894 -2.9397 10.2493 -0.3345 -3.7290 -4.0875 -0.0944 2.6442 7.2555 -0.0585 -0.9224 15.3386 -1.7984 -13.2964 5.4763 0.2539 5.3041 -13.5764 -2.2896 19.0598
1.9534 288.6156 21.3977 -11.6538 13.7573 9.0091 3.9957 -29.5390 -3.2110 12.5077 25.5052 -6.6188 -10.9399 12.5102 -21.1433 0.0000 0.0000 0.0000 15.0383 -17.8676 4.8736 -5.7319 13.1153 1.6827 -16.2634 -6.4395 -28.0956 0.0000 0.0000 0.0000 1.3455 0.8656 -6.9625 1.3455 0.8656 -6.9625 1.3455 0.8656 -6.9625 14.8111 -16.6135 4.7442 14.8111 -16.6135 4.7442 0.0000 0.0000 0.0000 -58.7598 -1.0393 -11.4724 -11.4453 -0.6786 5.8652 -15.5860 3.2117 -23.1530 8.9992 0.1109 1.4089 -5.3385 0.9243 -19.6321 -11.8339 -0.7147 6.8878 -6.6192 0.1559 -2.6947 -0.6032 0.0297 -5.6450 -15.2285 4.5337 -32.9892 -10.6257 0.9746 -10.4516 0.8696 -0.1451 -18.9449 -16.3264 -1.5612 10.8515 -4.3908 0.4183 -10.8786 -15.3275 1.2264 -9.0951 -3.5123 -0.2850 9.2763 -22.9907 -1.6456 8.0790 11.8530 -0.9164 -8.8106 0.4227 -0.0105 -2.8365 0.0000 0.0000 0.0000 84.6092 11.9455 29.2793 -7.9639 -0.4622 8.5648 22.9644 7.6390 36.3880 -38.8544 -2.7394 7.7567 39.1469 4.6431 13.0094 29.6970 -1.3668 -5.1521 4.9023 -0.3047 -7.1088 6.2388 -0.1087 -1.9940 9.9196 1.7582 20.0539 3.3390 0.0692 2.3726 12.8259 0.4246 3.7765 -7.3706 0.1894 -2.9397 10.2493 -0.3345 -3.7290 -4.0875 -0.0944 2.6442 7.2555 -0.0585 -0.9224 15.3386 -1.7984 -13.2964 5.4763 0.2539 5.3041 -13.5764 -2.2896 19.0598
2.3216 286.4630 26.5148 -11.6593 15.4740 6.9410 4.6776 -33.3352 -3.4357 11.2509 30.2211 -7.1834 -11.5067 12.8961 -22.9387 0.0000 0.0000 0.0000 13.7672 -20.2950 5.2484 -2.6943 15.5446 1.1861 -16.8640 -7.2026 -28.5069 0.0000 0.0000 0.0000 1.5471 0.8937 -7.2815 1.5471 0.8937 -7.2815 1.5471 0.8937 -7.2815 15.4642 -17.4491 5.6523 15.4642 -17.4491 5.6523 0.0000 0.0000 0.0000 -55.9502 -1.1003 -11.3332 -10.0989 -0.7989 8.1239 -10.3934 2.1719 -23.5465 7.2941 -0.8090 -12.6415 -5.2905 0.4054 -8.7581 -3.0302 -0.4001 15.0397 -10.9874 -0.8672 8.9983 -4.7487 0.2294 -5.5275 1.7981 -0.5057 -31.4115 -15.5014 -0.1805 1.3263 4.1423 -0.7416 -20.2931 -6.6115 -0.3243 5.6109 -14.0059 -0.3043 2.4773 -8.5365 0.8934 -11.9276 -2.6693 -0.1510 6.4753 -27.5913 -2.2371 9.0929 8.1487 -1.0701 -14.9377 -3.3590 -0.0155 0.5270 0.0000 0.0000 0.0000 82.9381 12.5974 30.7537 -9.6479 -0.5994 8.7187 22.2020 7.4927 36.9098 -38.8544 -2.7394 7.7567 39.1469 4.6431 13.0094 29.6970 -1.3668 -5.1521 4.9023 -0.3047 -7.1088 6.2388 -0.1087 -1.9940 9.9196 1.7582 20.0539 3.3390 0.0692 2.3726 12.8259 0.4246 3.7765 -7.3706 0.1894 -2.9397 10.2493 -0.3345 -3.7290 -4.0875 -0.0944 2.6442 7.2555 -0.0585 -0.9224 15.3386 -1.7984 -13.2964 5.4763 0.2539 5.3041 -13.5764 -2.2896 19.0598
2.4855 284.8168 29.7728 -12.5508 15.2999 7.2874 4.8597 -35.8950 -3.6599 12.1392 34.2126 -8.3722 -11.1795 10.0977 -23.7522 0.0000 0.0000 0.0000 13.8616 -25.1978 6.5130 -0.0235 21.5021 0.7863 -18.4100 -7.2324 -31.1266 0.0000 0.0000 0.0000 1.6716 0.9636 -7.2123 1.6716 0.9636 -7.2123 1.6716 0.9636 -7.2123 15.8287 -17.5856 5.4303 15.8287 -17.5856 5.4303 0.0000 0.0000 0.0000 -51.6372 -0.6369 -12.5778 -8.3841 -0.8810 11.0775 -6.0515 1.0998 -20.5825 11.9059 -0.1427 -1.3689 -4.6535 0.6426 -15.7154 -14.3230 -1.3700 10.8713 -9.1005 -0.9730 12.1807 -2.1818 0.0147 -0.7719 2.1691 -0.6514 -33.4290 -17.5526 -1.4051 9.0824 10.4370 -1.8954 -20.5315 -8.0293 -0.7795 11.0724 -11.7728 -0.9871 9.5526 -7.7352 0.2570 -3.8002 12.6314 0.5240 4.7316 -28.2400 -4.6131 18.1938 12.7817 -0.4626 -4.1282 8.3682 -1.1049 -15.0176 0.0000 0.0000 0.0000 79.6517 13.7689 33.7144 -12.2953 -0.3975 4.3243 16.1226 5.7513 39.0556 -38.8544 -2.7394 7.7567 39.1469 4.6431 13.0094 29.6970 -1.3668 -5.1521 4.9023 -0.3047 -7.1088 6.2388 -0.1087 -1.9940 9.9196 1.7582 20.0539 3.3390 0.0692 2.3726 12.8259 0.4246 3.7765 -7.3706 0.1894 -2.9397 10.2493 -0.3345 -3.7290 -4.0875 -0.0944 2.6442 7.2555 -0.0585 -0.9224 15.3386 -1.7984 -13.2964 5.4763 0.2539 5.3041 -13.5764 -2.2896 19.0598
2.5207 283.9457 31.8199 -12.2304 15.1901 6.5063 4.7120 -38.4602 -4.0016 13.0566 38.4865 -9.7165 -12.1457 8.9265 -27.7355 0.0000 0.0000 0.0000 13.6363 -28.1232 7.2023 1.7776 25.5635 0.3642 -19.2127 -8.2041 -31.6605 0.0000 0.0000 0.0000 1.5104 0.9159 -7.1543 1.5104 0.9159 -7.1543 1.5104 0.9159 -7.1543 15.3620 -17.3500 4.8310 15.3620 -17.3500 4.8310 0.0000 0.0000 0.0000 -46.7017 -0.8601 -12.0683 -8.4140 -0.9369 11.7865 -0.9627 0.1396 -16.4973 18.0855 2.8569 17.8102 -6.2389 0.9773 -17.7884 -17.2013 -2.1646 14.2393 -6.5432 -1.5290 26.2793 0.5194 0.0672 14.7420 10.8479 -0.6105 -6.4234 -11.0610 -2.0568 21.0062 11.5521 0.3689 3.6459 -5.7632 -0.8909 17.5600 -6.2222 -1.2410 22.5377 -0.4440 -0.0082 2.1241 11.8207 1.8648 17.8691 -16.3861 -3.7536 25.6429 5.3646 0.2678 5.7125 22.5860 -0.3027 -1.5157 0.0000 0.0000 0.0000 75.7927 13.9495 35.6994 -13.4829 -0.2641 2.5805 12.4180 4.5501 40.1212 -38.8544 -2.7394 7.7567 39.1469 4.6431 13.0094 29.6970 -1.3668 -5.1521 4.9023 -0.3047 -7.1088 6.2388 -0.1087 -1.9940 9.9196 1.7582 20.0539 3.3390 0.0692 2.3726 12.8259 0.4246 3.7765 -7.3706 0.1894 -2.9397 10.2493 -0.3345 -3.7290 -4.0875 -0.0944 2.6442 7.2555 -0.0585 -0.9224 15.3386 -1.7984 -13.2964 5.4763 0.2539 5.3041 -13.5764 -2.2896 19.0598
3.1004 283.3657 44.8023 -11.6319 14.5588 6.7336 4.7367 -37.4831 -3.8815 13.1672 38.0111 -9.6559 -11.9781 7.0785 -28.1241 0.0000 0.0000 0.0000 14.5426 -25.9798 6.8908 -0.6641 24.5360 1.0955 -19.4804 -9.8278 -30.7839 0.0000 0.0000 0.0000 1.2025 0.9149 -7.2622 1.2025 0.9149 -7.2622 1.2025 0.9149 -7.2622 15.1849 -17.4867 4.3254 15.1849 -17.4867 4.3254 0.0000 0.0000 0.0000 -42.6597 -1.4994 -9.9163 -5.9699 -0.7514 13.4364 4.1189 -0.4474 -12.3936 18.0855 2.8569 17.8102 -6.2389 0.9773 -17.7884 -17.2013 -2.1646 14.2393 -6.5432 -1.5290 26.2793 0.5194 0.0672 14.7420 10.8479 -0.6105 -6.4234 -11.0610 -2.0568 21.0062 11.5521 0.3689 3.6459 -5.7632 -0.8909 17.5600 -6.2222 -1.2410 22.5377 -0.4440 -0.0082 2.1241 11.8207 1.8648 17.8691 -16.3861 -3.7536 25.6429 5.3646 0.2678 5.7125 22.5860 -0.3027 -1.5157 0.0000 0.0000 0.0000 72.2082 12.7376 35.4112 -14.5263 -0.1740 1.5598 7.9601 2.9921 41.1490 -40.7426 -5.3502 14.3435 39.4066 1.1458 3.1987 2.8599 -0.2713 -10.8376 4.6439 0.3236 7.9681 8.9673 -0.6585 -8.3830 26.0131 7.4214 31.3662 9.7351 1.3853 16.1601 9.1377 0.4746 5.9343 -3.0448 0.0761 -2.8636 14.3540 1.7075 13.4980 -4.2958 -0.2650 7.0572 4.0628 -0.3080 -8.6670 17.5863 0.3766 2.4345 1.2869 0.1726 15.2780 0.2934 -0.0067 -2.6111
4.0430 283.5167 65.9588 -10.7052 13.3192 5.4446 4.8267 -35.7587 -3.6561 12.4344 34.9611 -8.6564 -11.4138 4.0556 -27.7977 0.0000 0.0000 0.0000 15.4034 -24.6500 6.7555 -2.7311 24.0486 1.7045 -19.5295 -10.1290 -30.6253 0.0000 0.0000 0.0000 0.8063 0.8372 -7.1131 0.8063 0.8372 -7.1131 0.8063 0.8372 -7.1131 14.9794 -16.9456 4.2292 14.9794 -16.9456 4.2292 0.0000 0.0000 0.0000 -38.2493 -2.1790 -6.8786 -4.4770 -0.5991 14.3377 6.5673 -0.6018 -10.4599 18.0855 2.8569 17.8102 -6.2389 0.9773 -17.7884 -17.2013 -2.1646 14.2393 -6.5432 -1.5290 26.2793 0.5194 0.0672 14.7420 10.8479 -0.6105 -6.4234 -11.0610 -2.0568 21.0062 11.5521 0.3689 3.6459 -5.7632 -0.8909 17.5600 -6.2222 -1.2410 22.5377 -0.4440 -0.0082 2.1241 11.8207 1.8648 17.8691 -16.3861 -3.7536 25.6429 5.3646 0.2678 5.7125 22.5860 -0.3027 -1.5157 0.0000 0.0000 0.0000 68.8313 10.9105 33.7930 -14.8332 -0.3004 2.6292 4.2448 1.6602 42.7064 -45.9441 -5.1478 12.1069 31.7622 -0.3234 -1.1368 15.0376 0.5846 4.4273 -7.1656 0.0722 -1.1524 13.3433 -1.2078 -10.2981 3.4217 0.3850 12.8372 -2.1043 -0.0411 2.2360 8.6562 -0.2858 -3.7751 -7.5670 0.7490 -11.2902 1.1530 -0.0110 -1.0948 8.5495 -0.7881 -10.5138 -17.2111 0.4239 -2.8007 7.8926 -1.0142 -14.6217 -0.3145 -0.0306 11.1023 -14.0997 -0.5604 4.5293
5.5324 284.0424 93.4898 -10.5371 12.1281 6.7499 3.7153 -35.1309 -3.9624 13.6402 35.4421 -9.2634 -9.9514 4.8107 -23.0596 0.0000 0.0000 0.0000 16.5029 -21.8272 6.2408 -5.7168 23.4389 2.5638 -18.7211 -10.2327 -29.2140 0.0000 0.0000 0.0000 0.7077 0.8423 -7.0504 0.7077 0.8423 -7.0504 0.7077 0.8423 -7.0504 14.9935 -16.7089 3.8673 14.9935 -16.7089 3.8673 0.0000 0.0000 0.0000 -33.8330 -2.6654 -3.5931 -2.1512 -0.2388 11.7667 10.5763 -0.7632 -8.2312 23.8150 2.4729 11.6881 -1.7909 0.1094 -6.9919 -10.5620 -0.2472 2.6743 -5.7861 -1.1635 22.7216 -0.5619 -0.1319 26.4247 23.7778 0.7522 3.5716 -12.1249 -2.6229 24.3281 12.8812 0.9947 8.7941 1.5136 0.2740 20.5187 -5.9298 -1.4820 28.0413 -5.3721 -0.4988 10.6025 18.0443 1.9402 12.1746 -21.3443 -4.9540 25.8565 14.6993 1.0802 8.3602 13.1484 -0.5604 -4.8600 0.0000 0.0000 0.0000 64.6826 8.6805 31.4137 -16.4010 -0.6178 4.8187 -1.3542 -0.5393 43.4302 -39.9534 -8.0784 21.9865 31.1558 -1.4585 -5.2282 15.6339 0.2409 1.7543 -1.4952 -0.1031 7.8915 7.5414 -0.5222 -7.9102 6.1145 0.6582 12.2762 1.3381 0.1522 12.9751 8.0729 -0.4041 -5.7225 -8.6822 0.1994 -2.6264 5.8429 0.4777 9.3407 0.9048 -0.1127 -14.2035 -15.0177 -0.7403 5.6123 10.9399 -0.6116 -6.3801 0.7314 0.0771 12.0324 -18.4470 -0.0450 0.2772
7.1249 285.0302 120.8111 -10.5897 10.9717 8.8508 3.6263 -32.5932 -3.6837 15.7630 34.0632 -9.8025 -10.9772 4.1077 -26.4778 0.0000 0.0000 0.0000 15.9357 -23.5331 6.5812 -5.1191 27.5351 2.7175 -16.4606 -10.9562 -24.8784 0.0000 0.0000 0.0000 0.6197 0.8973 -7.4001 0.6197 0.8973 -7.4001 0.6197 0.8973 -7.4001 15.1770 -16.6287 3.2552 15.1770 -16.6287 3.2552 0.0000 0.0000 0.0000 -26.9484 -2.6404 -0.3767 -3.6787 -0.3121 8.7977 15.9709 -0.8976 -6.3918 20.6494 3.2140 17.5091 -1.3704 0.2984 -24.5693 -11.4528 -1.9739 19.4955 -8.4055 -1.7151 23.0267 9.9260 0.9174 10.5345 9.3771 -0.5764 -7.0191 -7.2508 -0.9882 15.5020 13.7072 0.9511 7.9010 -2.6648 -0.2730 11.6962 1.1002 0.1877 19.3577 -9.4180 -0.6114 7.4125 21.8203 1.4730 7.6309 -15.8832 -2.8496 20.2188 9.5534 0.8590 10.2527 14.0235 -1.5036 -12.1800 0.0000 0.0000 0.0000 60.1250 7.2113 30.3382 -17.2145 -0.9923 7.3212 -7.5029 -3.1730 45.7987 -53.9624 -6.4341 12.6002 36.6533 -1.2726 -3.8406 24.3639 -1.3516 -6.2548 -3.6017 -0.3645 11.5544 9.5567 -0.2826 -3.3791 10.2341 3.5254 37.9318 3.4409 0.4473 14.8089 -0.6110 -0.0949 17.6500 -9.5221 0.6021 -7.2197 5.2559 0.6173 13.3873 -5.8692 -0.5485 10.6687 -11.6100 0.6267 -6.1590 14.1008 -0.3171 -2.5639 -9.6847 -1.5284 17.8954 -14.8708 -1.2737 9.7363
8.4966 286.4308 140.1906 -10.6000 9.7163 10.8308 3.8184 -30.8809 -3.4199 18.0842 33.5432 -10.6078 -11.5880 4.1578 -28.2707 0.0000 0.0000 0.0000 14.0258 -26.1175 6.7917 -3.2603 32.4636 2.4180 -14.4640 -11.7905 -20.8614 0.0000 0.0000 0.0000 0.5662 0.9227 -7.8182 0.5662 0.9227 -7.8182 0.5662 0.9227 -7.8182 14.9606 -16.2024 2.4795 14.9606 -16.2024 2.4795 0.0000 0.0000 0.0000 -19.5651 -2.2580 3.9992 -5.2499 -0.3537 6.8050 21.4257 -0.8738 -4.6161 31.6775 1.6910 5.9555 -32.9847 -0.5030 1.6989 4.0933 -0.5315 -14.7891 8.2819 -0.9612 -13.2171 -11.9053 1.6934 -16.1346 -12.6043 -3.8729 34.0435 2.6805 -0.1521 -6.4932 -12.9992 -1.2661 11.0792 12.0786 -0.5297 -5.0037 -7.0339 0.5164 -8.3879 -0.8732 -0.1017 13.2826 6.0189 -0.8539 -16.1345 -35.8977 5.4548 -16.7319 10.3305 2.4900 27.0363 6.6100 0.3727 6.4473 0.0000 0.0000 0.0000 54.9686 5.8330 29.4267 -17.9657 -1.3174 9.2551 -14.0925 -6.0809 46.5089 -46.1093 -9.8059 22.7911 32.8276 -1.9971 -6.7725 13.3304 -0.4360 -3.7295 6.3472 0.8274 14.8390 16.8456 0.8946 6.0358 17.8710 4.9968 31.0195 11.9547 2.4773 23.3355 16.2240 1.6703 11.6784 -10.0776 -0.1845 2.0924 16.0097 2.5318 17.8602 0.2314 0.0258 12.7296 -1.3728 -0.0607 5.0615 12.4391 -0.1739 -1.5958 4.6103 0.7970 19.6063 -14.6329 -1.9303 14.9500
9.3681 288.4358 149.1595 -10.9568 10.4135 12.9573 4.8843 -27.2046 -2.7070 18.7415 27.4072 -9.1811 -12.2586 5.8691 -29.5675 0.0000 0.0000 0.0000 11.5473 -22.4105 5.2821 -3.6028 28.0226 2.2415 -10.4996 -12.5998 -13.3454 0.0000 0.0000 0.0000 0.7101 0.9509 -8.0687 0.7101 0.9509 -8.0687 0.7101 0.9509 -8.0687 15.1497 -16.6221 2.4405 15.1497 -16.6221 2.4405 0.0000 0.0000 0.0000 -12.8274 -1.3843 6.1444 -4.4867 -0.2229 4.7862 27.0352 -1.0662 -4.4331 19.1830 -3.3745 -19.7766 -29.6715 -4.4076 16.5326 13.1561 -2.3344 -20.0391 8.8038 -1.9700 -25.1805 -7.7298 2.2062 -31.8166 4.6996 0.9565 22.9954 1.0046 -0.2133 -23.9760 -5.2941 0.1989 -4.3005 27.9415 -8.7112 -34.0442 -5.5078 1.2968 -26.4787 15.1508 -0.5480 -4.1188 -0.0768 0.0171 -25.1277 -35.6158 9.6922 -29.5712 30.1299 1.1947 4.4364 19.2426 2.3214 13.6311 0.0000 0.0000 0.0000 47.8245 4.8773 30.4709 -19.6424 -1.3346 8.4854 -22.6144 -9.2246 43.9454 -41.8100 -6.0502 15.7544 36.2114 -0.6355 -1.9434 25.7237 0.1758 0.7701 7.6128 1.9575 28.8021 5.4183 -0.1316 -2.7807 17.7059 6.7429 41.4360 9.6413 2.5858 29.9639 0.3896 0.0864 25.0061 -11.5259 0.9150 -9.0474 7.6974 1.7690 25.8504 -3.3450 -0.4937 16.7879 -12.2570 -0.1964 1.8292 15.7715 1.7902 12.8717 -7.2724 -1.0569 16.5169 -17.9473 -0.8468 5.3584
9.8357 290.4649 153.3596 -10.8013 10.6086 13.4928 6.5986 -25.7018 -2.1190 18.6015 24.4007 -8.3153 -11.5637 5.4255 -27.6187 0.0000 0.0000 0.0000 8.4277 -21.6362 4.4305 -3.3932 26.5366 2.0714 -9.6055 -10.9931 -12.7377 0.0000 0.0000 0.0000 0.5874 0.9680 -8.0870 0.5874 0.9680 -8.0870 0.5874 0.9680 -8.0870 15.2401 -16.6002 2.3772 15.2401 -16.6002 2.3772 0.0000 0.0000 0.0000 -5.2330 -0.1618 7.1780 -1.1231 -0.0659 5.8150 31.1283 -1.0839 -3.8901 23.4236 4.2274 20.1898 -5.1872 0.9984 -21.7761 -15.2303 -1.9946 14.8369 -2.9093 -0.9718 36.9354 5.4604 0.9430 19.5817 7.4701 0.8712 13.2854 -7.4358 -2.5041 37.1803 18.5141 2.8238 17.1986 -2.7629 -0.1752 7.2534 -3.7367 -1.4015 41.1080 1.4599 0.1365 10.6859 8.3913 0.3220 4.3873 -21.6387 -6.6508 33.8224 11.5872 1.8245 17.8378 17.1637 -2.1360 -14.0843 0.0000 0.0000 0.0000 39.9595 3.7516 31.7649 -21.6118 -1.1053 6.3223 -27.7655 -9.8460 38.4273 -15.1618 3.4256 -25.3264 38.9666 3.0978 8.7411 18.6926 1.4288 8.6649 28.3749 -8.8574 -34.0659 5.0300 -2.3638 -50.3195 27.0548 -3.1994 -13.2424 14.7858 -5.9970 -43.9685 10.8608 -4.8612 -48.1235 -11.9364 2.9210 -27.4117 12.4095 -6.5073 -55.2091 -2.5543 0.9826 -42.0741 -4.9414 0.7631 -17.5467 8.6526 -3.4648 -43.5827 -12.3131 3.4423 -31.1327 -7.8970 3.1642 -43.6169
10.1495 292.1465 155.3990 -10.2552 10.8540 13.2688 7.9686 -28.0353 -1.9602 19.1818 24.7470 -8.5977 -9.7764 6.3572 -21.6037 0.0000 0.0000 0.0000 3.6488 -23.1322 3.6505 -1.5484 26.5924 1.4718 -10.0907 -7.7697 -15.8173 0.0000 0.0000 0.0000 0.2863 0.9781 -7.8306 0.2863 0.9781 -7.8306 0.2863 0.9781 -7.8306 15.4303 -16.8641 2.5749 15.4303 -16.8641 2.5749 0.0000 0.0000 0.0000 2.7857 1.0932 6.6580 3.3296 0.2332 7.1125 31.8185 -0.8871 -3.1116 26.2266 0.5314 2.2810 -12.2209 1.8170 -16.8516 -2.6762 -0.6642 27.8741 0.0022 -0.0003 -15.6878 11.9235 -0.1574 -1.5074 -9.5257 3.2223 -37.3075 -8.5438 1.1626 -15.4696 11.7518 -1.8674 -17.9976 1.1890 0.0916 8.8109 -4.4797 0.2513 -6.4193 -2.7775 0.2772 -11.3973 13.4849 0.2727 2.3060 -21.7692 -0.2230 1.1599 2.1988 0.0314 1.6360 24.8629 -4.2716 -19.2049 0.0000 0.0000 0.0000 31.7193 2.1310 31.4401 -21.7989 -0.6807 3.8588 -30.4637 -9.7430 34.7612 -16.4947 -3.5875 24.3841 30.7980 -0.1228 -0.4458 22.3359 -1.9676 -9.9422 13.6735 2.2347 18.4798 10.5508 0.5367 5.8078 27.4926 10.0057 39.3787 11.4954 2.0817 20.4634 22.4892 5.7684 28.4400 1.3687 0.4643 37.4788 14.4437 2.5623 20.0180 6.7529 2.5758 41.7193 12.3090 7.1900 60.4539 16.0484 2.1996 15.5098 -3.8792 -0.5057 14.8484 -27.0029 -12.5713 49.2860
10.4366 293.2398 156.4342 -9.0081 11.2663 11.8264 8.7964 -25.8619 -1.5830 19.6281 23.0523 -8.2683 -9.3395 8.9237 -18.4321 0.0000 0.0000 0.0000 0.3600 -17.3447 2.1745 -3.8423 20.9702 1.8286 -11.3408 -6.0942 -19.4193 0.0000 0.0000 0.0000 -0.0220 0.8703 -7.3131 -0.0220 0.8703 -7.3131 -0.0220 0.8703 -7.3131 15.6176 -16.7948 3.2507 15.6176 -16.7948 3.2507 0.0000 0.0000 0.0000 10.7637 2.4543 6.9879 6.7811 0.4678 6.9843 31.5633 -1.1528 -4.0772 26.2266 0.5314 2.2810 -12.2209 1.8170 -16.8516 -2.6762 -0.6642 27.8741 0.0022 -0.0003 -15.6878 11.9235 -0.1574 -1.5074 -9.5257 3.2223 -37.3075 -8.5438 1.1626 -15.4696 11.7518 -1.8674 -17.9976 1.1890 0.0916 8.8109 -4.4797 0.2513 -6.4193 -2.7775 0.2772 -11.3973 13.4849 0.2727 2.3060 -21.7692 -0.2230 1.1599 2.1988 0.0314 1.6360 24.8629 -4.2716 -19.2049 0.0000 0.0000 0.0000 22.4680 0.3889 30.7987 -22.2553 -0.3630 2.0114 -32.0044 -9.0922 30.9921 -16.2083 2.7206 -18.9351 32.3589 1.9489 6.7102 3.2742 -0.0330 -1.1533 5.1855 -0.8430 -18.4561 -0.2230 0.0407 -20.6893 11.0868 -0.5578 -5.7426 5.2994 -1.0102 -21.5703 0.1897 -0.0213 -12.8033 -5.4088 0.5525 -11.6559 3.9321 -1.0060 -28.6906 -7.2943 1.3581 -21.0665 12.1906 -0.1464 -1.3708 9.5395 -2.6060 -30.4958 -8.9755 0.9539 -12.1091 6.3116 0.1164 2.1103
10.4709 293.5868 156.9842 -8.0252 10.0441 8.9659 10.2095 -21.7198 -0.9934 20.6624 22.0841 -8.3102 -9.1554 10.9826 -16.1158 0.0000 0.0000 0.0000 -2.5141 -12.4230 1.1912 -6.2177 16.9875 2.1327 -12.6301 -2.9715 -24.4358 0.0000 0.0000 0.0000 -0.3960 0.8227 -6.5655 -0.3960 0.8227 -6.5655 -0.3960 0.8227 -6.5655 16.5940 -16.1831 4.2330 16.5940 -16.1831 4.2330 0.0000 0.0000 0.0000 20.4638 3.7697 5.8080 9.4930 0.6823 7.3042 31.1961 -1.2057 -4.3169 26.2266 0.5314 2.2810 -12.2209 1.8170 -16.8516 -2.6762 -0.6642 27.8741 0.0022 -0.0003 -15.6878 11.9235 -0.1574 -1.5074 -9.5257 3.2223 -37.3075 -8.5438 1.1626 -15.4696 11.7518 -1.8674 -17.9976 1.1890 0.0916 8.8109 -4.4797 0.2513 -6.4193 -2.7775 0.2772 -11.3973 13.4849 0.2727 2.3060 -21.7692 -0.2230 1.1599 2.1988 0.0314 1.6360 24.8629 -4.2716 -19.2049 0.0000 0.0000 0.0000 12.0251 -1.4350 31.5423 -21.3328 0.0963 -0.5592 -32.9037 -8.5451 28.3950 -19.5335 -1.5114 8.7638 23.8930 0.3481 1.6451 31.6026 -2.2039 -7.7768 10.7231 -0.4435 -4.7224 7.2548 -0.9079 -14.2472 8.9169 2.2010 27.6801 7.6744 -0.0182 -0.2707 11.3405 -0.5090 -5.1234 -2.7950 -0.1245 5.1004 9.7634 -0.6208 -7.2588 4.3798 -0.0710 -1.8579 -7.2186 0.7350 -11.6123 16.0808 -1.5443 -10.9001 -5.0473 -0.1437 3.2601 -4.7674 -0.3042 7.2975
10.5411 293.1216 157.2896 -7.5701 9.6408 6.1957 12.0702 -18.3098 -0.4631 21.1406 21.3785 -8.2484 -10.7685 10.9735 -21.7132 0.0000 0.0000 0.0000 -5.0423 -8.1292 0.5416 -6.7725 13.3238 1.9224 -13.4652 -1.2688 -27.5721 0.0000 0.0000 0.0000 -0.5151 0.7620 -6.2755 -0.5151 0.7620 -6.2755 -0.5151 0.7620 -6.2755 17.7856 -16.1213 4.0274 17.7856 -16.1213 4.0274 0.0000 0.0000 0.0000 28.2902 4.6960 4.7769 13.0212 1.2276 9.8272 31.6294 -1.1291 -3.9849 26.2266 0.5314 2.2810 -12.2209 1.8170 -16.8516 -2.6762 -0.6642 27.8741 0.0022 -0.0003 -15.6878 11.9235 -0.1574 -1.5074 -9.5257 3.2223 -37.3075 -8.5438 1.1626 -15.4696 11.7518 -1.8674 -17.9976 1.1890 0.0916 8.8109 -4.4797 0.2513 -6.4193 -2.7775 0.2772 -11.3973 13.4849 0.2727 2.3060 -21.7692 -0.2230 1.1599 2.1988 0.0314 1.6360 24.8629 -4.2716 -19.2049 0.0000 0.0000 0.0000 3.1536 -3.2540 33.9660 -21.9403 0.6053 -3.4072 -34.6184 -8.0663 25.4968 -12.7310 -1.0721 9.5879 18.3049 0.1061 0.6588 26.1537 -1.5965 -6.8656 6.0109 0.4178 7.9452 6.1785 -0.7127 -13.1481 11.7242 2.3786 22.8626 6.8891 0.5263 8.7270 6.6379 -0.1242 -2.1413 6.0647 0.7202 13.5318 11.0045 0.4468 4.6355 3.8378 -0.1045 -3.1181 -7.9022 -0.4765 6.8911 10.4827 0.3544 3.8620 3.0326 0.0413 1.5584 -1.0792 -0.0291 3.0906
10.0982 292.4162 151.7204 -6.9130 8.5421 6.4819 13.7598 -17.9015 -0.1466 19.6557 23.2996 -8.3461 -12.6041 15.0524 -25.5744 0.0000 0.0000 0.0000 -7.3474 -7.6200 0.3107 -6.6267 15.9593 2.1370 -13.0366 -1.0423 -26.9658 0.0000 0.0000 0.0000 -0.7134 0.7611 -6.4127 -0.7134 0.7611 -6.4127 -0.7134 0.7611 -6.4127 17.5055 -15.5173 3.8114 17.5055 -15.5173 3.8114 0.0000 0.0000 0.0000 33.7234 4.4528 2.0766 24.0830 2.3673 10.1660 32.7617 -1.3898 -4.7254 26.2266 0.5314 2.2810 -12.2209 1.8170 -16.8516 -2.6762 -0.6642 27.8741 0.0022 -0.0003 -15.6878 11.9235 -0.1574 -1.5074 -9.5257 3.2223 -37.3075 -8.5438 1.1626 -15.4696 11.7518 -1.8674 -17.9976 1.1890 0.0916 8.8109 -4.4797 0.2513 -6.4193 -2.7775 0.2772 -11.3973 13.4849 0.2727 2.3060 -21.7692 -0.2230 1.1599 2.1988 0.0314 1.6360 24.8629 -4.2716 -19.2049 0.0000 0.0000 0.0000 -5.3808 -5.1912 35.0785 -22.6412 1.0816 -5.8755 -35.2961 -7.6853 23.8430 -12.7310 -1.0721 9.5879 18.3049 0.1061 0.6588 26.1537 -1.5965 -6.8656 6.0109 0.4178 7.9452 6.1785 -0.7127 -13.1481 11.7242 2.3786 22.8626 6.8891 0.5263 8.7270 6.6379 -0.1242 -2.1413 6.0647 0.7202 13.5318 11.0045 0.4468 4.6355 3.8378 -0.1045 -3.1181 -7.9022 -0.4765 6.8911 10.4827 0.3544 3.8620 3.0326 0.0413 1.5584 -1.0792 -0.0291 3.0906
9.5529 291.1853 145.6529 -7.1773 8.5500 6.2523 14.9500 -18.8644 0.0514 19.1921 24.7535 -8.6029 -12.4314 18.1548 -22.1496 0.0000 0.0000 0.0000 -10.2119 -8.3407 0.0958 -3.9732 17.6610 1.6313 -13.1981 -0.2731 -28.0107 0.0000 0.0000 0.0000 -0.6300 0.7801 -6.3708 -0.6300 0.7801 -6.3708 -0.6300 0.7801 -6.3708 16.7829 -14.9963 3.5737 16.7829 -14.9963 3.5737 0.0000 0.0000 0.0000 42.6017 3.9635 -1.3676 31.7886 3.1906 10.2737 32.1557 -1.6867 -5.8475 0.0000 0.0000 0.0000 0.0000 0.0000 0.0000 0.0000 0.0000 0.0000 0.0000 0.0000 0.0000 0.0000 0.0000 0.0000 0.0000 0.0000 0.0000 0.0000 0.0000 0.0000 0.0000 0.0000 0.0000 0.0000 0.0000 0.0000 0.0000 0.0000 0.0000 0.0000 0.0000 0.0000 0.0000 0.0000 0.0000 0.0000 0.0000 0.0000 0.0000 0.0000 0.0000 0.0000 0.0000 0.0000 0.0000 0.0000 0.0000 -14.4162 -7.4170 36.0033 -23.9886 1.6530 -8.4144 -35.7278 -7.3468 22.5316 -5.2907 0.6462 -13.9180 10.5391 0.2175 2.3575 30.2788 1.1684 4.3164 6.1851 0.4010 7.4118 -1.2383 0.2147 -19.6688 17.2075 0.9786 6.4612 4.0024 -0.0903 -2.5828 10.1472 -0.0355 -0.3996 -3.2906 -0.0285 0.9931 -2.1951 0.1929 -10.0444 18.6263 0.6278 3.8271 -3.6465 -0.2117 6.6431 12.3523 -0.7040 -6.4991 0.4481 -0.0240 -6.1381 8.3330 0.8489 11.6140
8.7967 289.1206 139.0098 -6.7297 9.0586 6.0808 15.8760 -22.0415 0.2055 17.4859 28.4793 -9.0254 -11.4242 22.5696 -11.2794 0.0000 0.0000 0.0000 -12.1111 -8.7725 -0.0670 -1.7999 18.4634 1.1302 -14.5115 0.0996 -30.8839 0.0000 0.0000 0.0000 -0.7680 0.7262 -6.4531 -0.7680 0.7262 -6.4531 -0.7680 0.7262 -6.4531 16.5686 -15.3090 3.8740 16.5686 -15.3090 3.8740 0.0000 0.0000 0.0000 52.7671 4.1343 -2.9667 38.9969 4.2292 11.0076 30.9506 -2.3241 -8.3806 2.4778 0.1904 8.7892 -17.9794 1.0339 -6.5288 -1.6402 -0.1732 12.0548 -0.5851 -0.0208 4.0811 -2.8011 0.1058 -4.3270 -12.9836 3.4340 -29.5163 -12.6462 0.2059 -1.8577 8.7404 -0.8801 -11.4772 -17.0222 0.1885 -1.2595 -9.6052 -0.4492 5.3425 -10.5843 1.0585 -11.3902 6.9867 0.5803 9.4836 -36.9801 -1.9504 5.8280 10.2115 -1.2561 -13.9890 2.7259 -0.3172 -13.2718 0.0000 0.0000 0.0000 -24.7982 -9.1130 33.8095 -28.3940 2.3932 -10.1004 -35.3054 -6.7426 20.9749 -17.9293 -0.2192 1.3895 26.9377 -0.4589 -1.9160 14.4572 -0.4186 -3.2996 -2.6653 0.4128 -17.6034 1.0834 -0.0820 -8.6565 15.5302 2.7733 20.1317 0.3214 -0.0390 -13.8429 5.5125 -0.0610 -1.2678 2.3822 0.1453 6.9793 5.7147 -1.0874 -21.5307 0.7340 -0.0079 -1.2398 -6.8595 -0.5883 9.7923 14.3779 -2.6189 -20.5437 7.8767 0.5676 8.2311 -8.1855 -0.6076 8.4755
8.2028 285.9980 133.4754 -6.3038 9.0283 5.8182 16.6918 -24.1340 0.3837 16.1103 31.7445 -9.3561 -10.6315 25.2002 -1.1807 0.0000 0.0000 0.0000 -14.6655 -10.3069 -0.3156 0.6436 21.1969 0.5886 -15.7698 0.0797 -33.2150 0.0000 0.0000 0.0000 -0.9672 0.7227 -6.5213 -0.9672 0.7227 -6.5213 -0.9672 0.7227 -6.5213 15.9793 -15.7319 3.4719 15.9793 -15.7319 3.4719 0.0000 0.0000 0.0000 62.7038 3.9598 -4.6241 41.1202 5.0113 12.4103 28.7429 -2.7348 -10.6448 -1.6097 -0.2764 19.4836 -3.8909 0.5624 -16.4444 2.8533 0.1545 6.1964 -0.5862 -0.0665 12.9469 3.7848 0.0751 2.2725 -7.7015 1.8945 -27.6027 -2.0677 -0.1833 10.1320 1.5669 -0.0797 -5.8265 -2.9822 -0.4959 18.8780 -0.4291 -0.0640 16.9746 -13.1004 -0.5643 4.9118 12.6411 0.9300 8.3817 -21.9025 -5.2593 26.7049 -2.8818 -0.1078 4.2855 16.3875 -0.1710 -1.1875 0.0000 0.0000 0.0000 -32.9703 -10.6366 33.0256 -33.4839 3.4232 -12.0220 -32.3984 -6.0468 20.6087 -25.2887 2.4708 -10.9816 22.4424 -1.3848 -6.9718 12.2465 0.1953 1.8203 -3.3457 0.6832 -23.0773 6.3965 -0.5894 -10.5186 10.1114 0.9069 10.2245 1.4101 -0.2745 -22.0305 0.2453 -0.0074 -3.4546 -1.7864 -0.0090 0.5772 -0.4243 0.0993 -26.3402 4.5913 -0.1247 -3.1111 -14.4189 -0.9241 7.2960 5.9063 -1.2374 -23.6455 7.9483 -0.0436 -0.6270 -11.3884 -0.8486 8.4956
7.5354 282.6761 129.2086 -5.7390 8.3142 5.4224 17.8683 -27.4576 0.6991 14.8363 36.2228 -9.9524 -12.8446 31.0055 3.6350 0.0000 0.0000 0.0000 -18.9624 -14.5594 -0.9651 5.4382 26.4395 -0.8059 -16.7408 -0.5075 -34.3968 0.0000 0.0000 0.0000 -1.3261 0.7894 -6.9396 -1.3261 0.7894 -6.9396 -1.3261 0.7894 -6.9396 15.3770 -15.8494 2.8778 15.3770 -15.8494 2.8778 0.0000 0.0000 0.0000 70.9671 2.8628 -6.8104 44.0544 5.9516 13.7449 25.3842 -2.8297 -12.5169 31.2307 -2.5405 -9.0720 -22.5937 -1.8040 9.0129 -26.8620 3.9819 -16.5644 10.1136 2.3174 25.7499 -12.0946 2.9323 -27.1644 -18.5446 -4.3599 26.2491 4.6656 0.7449 18.1332 -21.7767 0.7270 -3.7783 9.7059 -0.7328 -8.6147 7.3199 0.2762 4.3163 -19.3806 1.7457 -10.1968 4.4985 0.1041 2.6499 -4.0270 0.0279 -0.7925 -7.6048 0.5851 -8.7869 -10.6289 -1.2551 13.4316 0.0000 0.0000 0.0000 -39.6826 -13.4390 35.4783 -37.3632 5.0041 -15.5164 -29.5602 -5.6589 21.2199 -20.3148 1.7812 -9.9181 27.2643 0.7087 2.9217 21.2565 0.4564 2.4318 1.4877 -0.2092 -16.0056 4.3316 -0.7953 -20.7979 5.4052 0.7215 15.1945 -2.5416 0.2216 -9.9648 8.8670 -1.2729 -16.3071 -10.4969 0.3436 -3.7395 -2.7199 0.4493 -18.7566 2.6124 -0.2226 -9.7381 -14.5663 -0.2531 1.9804 9.2277 -1.7362 -21.2677 -6.4268 0.0283 -0.5032 -1.6270 -0.1543 10.8333
6.9797 279.6961 124.9600 -5.5641 7.2149 5.5986 18.6468 -30.1849 0.9577 14.3745 41.5310 -11.0438 -13.8473 33.1025 5.4981 0.0000 0.0000 0.0000 -21.4131 -17.0831 -1.4881 8.4775 31.6597 -1.9884 -17.3324 -1.3529 -34.6160 0.0000 0.0000 0.0000 -1.4298 0.8160 -7.1860 -1.4298 0.8160 -7.1860 -1.4298 0.8160 -7.1860 15.1800 -16.1588 2.2621 15.1800 -16.1588 2.2621 0.0000 0.0000 0.0000 75.8994 1.6642 -8.4536 43.9528 6.1692 14.3135 23.0300 -2.7336 -13.3598 -3.1475 -0.4416 15.9703 0.4757 -0.0562 -13.4739 -23.0123 2.2177 -10.8629 -3.5177 -0.3657 11.8653 10.5696 -0.2546 -2.7515 -11.2540 2.3645 -23.6595 -14.2084 -2.0069 16.0000 20.3644 -5.0375 -27.5238 -13.9173 -1.2903 10.5420 -8.1118 -0.7069 9.9442 1.3233 -0.0366 -3.1715 -6.5091 0.0288 -0.5064 -44.0615 -10.0706 24.5678 18.6825 -3.4184 -20.5635 12.8858 -2.5001 -21.8731 0.0000 0.0000 0.0000 -44.4898 -15.0029 35.9506 -38.5174 5.7216 -17.1257 -26.5932 -5.1657 21.6132 -28.7155 -1.6576 6.4691 28.1137 0.0160 0.0639 14.7123 -0.5039 -3.9020 5.7982 -0.5847 -11.5066 4.0998 -0.5571 -15.4685 7.4948 1.5440 23.2503 2.8329 -0.0957 -3.8688 7.6049 -0.1961 -2.9504 -9.3365 0.6743 -8.2436 3.1732 -0.2887 -10.3956 2.7002 -0.0189 -0.8025 -13.8850 0.5834 -4.7886 16.6928 -2.7079 -18.3037 -7.3593 -1.1118 17.1584 -6.0046 -0.1785 3.4020
6.4551 277.6637 121.0843 -5.3357 6.1194 6.0678 19.0575 -32.2486 1.1250 15.1304 46.0654 -12.5587 -13.0414 31.7056 5.4505 0.0000 0.0000 0.0000 -24.3679 -21.8674 -2.4335 13.8412 39.9658 -4.7007 -17.8634 -2.7753 -34.1755 0.0000 0.0000 0.0000 -1.5954 0.8641 -7.4219 -1.5954 0.8641 -7.4219 -1.5954 0.8641 -7.4219 15.3479 -16.6983 1.8011 15.3479 -16.6983 1.8011 0.0000 0.0000 0.0000 77.1678 2.4153 -7.7413 42.5045 6.7882 16.4418 22.5551 -2.6891 -13.4260 14.3012 0.8429 6.7110 -11.5571 1.3011 -12.8037 -12.9525 -1.0744 9.4437 -0.4043 -0.0469 13.2328 2.9696 0.0601 2.3188 -3.0534 0.8792 -32.1189 -10.9312 -1.7455 18.0917 14.0822 -2.0127 -16.1887 -3.6086 -0.2226 7.0589 -9.3637 -1.7305 20.8969 -3.1129 0.1348 -4.9596 9.8170 -0.1445 -1.6820 -26.6058 -7.0315 29.1317 12.9858 -1.2914 -11.3105 22.7517 -2.3250 -11.5184 0.0000 0.0000 0.0000 -47.7744 -14.4491 33.4633 -37.5170 5.7526 -17.7254 -25.4537 -4.8233 21.1260 -15.5305 1.0727 -7.8544 25.3810 -0.1354 -0.6014 29.7241 0.4067 1.5326 7.5753 -0.9975 -14.9814 1.2051 -0.2435 -22.8472 5.0192 0.4418 10.0552 1.8226 -0.2494 -15.5834 6.7868 -0.8250 -13.8466 -8.2947 0.3204 -4.4170 -2.0591 0.4859 -26.5513 6.2782 -0.0691 -1.2602 -12.9262 -0.2398 2.1167 9.9357 -2.2124 -25.0490 -5.5220 0.0051 -0.1067 -0.3301 -0.0343 11.8473
5.9165 276.9015 116.6293 -5.2724 6.6776 6.4894 18.9696 -31.7989 1.0877 15.5749 45.5607 -12.6571 -13.4694 31.4806 0.1350 0.0000 0.0000 0.0000 -24.7247 -24.5967 -2.7780 15.1688 43.2132 -5.6229 -17.7005 -3.9223 -32.8186 0.0000 0.0000 0.0000 -1.5501 0.8919 -7.8274 -1.5501 0.8919 -7.8274 -1.5501 0.8919 -7.8274 15.3639 -17.3456 1.9207 15.3639 -17.3456 1.9207 0.0000 0.0000 0.0000 76.2452 2.6451 -7.4412 39.3492 6.3391 16.7088 21.4154 -2.5388 -13.3676 28.2813 0.0490 0.1945 -16.8146 1.6300 -10.9956 -13.9282 -1.2277 10.0252 0.1395 0.0044 3.6092 2.2358 0.0249 1.2756 -2.0010 0.6711 -37.0758 -4.9073 -0.5919 13.7473 10.4398 -1.6066 -17.4513 -3.9468 -0.2248 6.5164 -3.3053 -0.4484 15.4479 -6.8581 0.5223 -8.7006 10.5101 -0.6593 -7.1586 -31.5305 -6.7126 23.4702 14.6694 -1.8697 -14.4495 8.6113 -2.1209 -27.6251 0.0000 0.0000 0.0000 -47.3171 -13.9559 32.8313 -36.9452 5.5696 -17.4627 -25.5888 -4.6310 20.1919 -25.5281 0.9500 -4.1918 27.8568 0.5151 2.0769 30.2140 -0.7673 -2.8420 1.5014 -0.1552 -11.8026 5.5493 -0.7190 -14.7530 8.1347 0.6794 9.5320 0.6678 -0.0330 -5.6512 2.7657 -0.4029 -16.5720 -2.3995 -0.0073 0.3465 -0.8355 0.0913 -12.4788 2.5199 -0.2085 -9.4596 -16.4529 -0.1453 1.0050 10.0638 -0.7819 -8.8626 2.9444 -0.0573 -2.2282 -22.6166 -1.4536 7.2597
5.3075 277.7290 110.0344 -5.2070 7.0888 6.0590 18.1016 -29.7673 0.7942 16.2876 42.0375 -12.0866 -12.4416 28.1862 -4.2496 0.0000 0.0000 0.0000 -23.0649 -22.4364 -2.2069 10.8234 38.7403 -3.2783 -18.1031 -3.8368 -33.5977 0.0000 0.0000 0.0000 -1.5307 0.8596 -7.4981 -1.5307 0.8596 -7.4981 -1.5307 0.8596 -7.4981 15.3308 -17.3637 2.2006 15.3308 -17.3637 2.2006 0.0000 0.0000 0.0000 72.8526 1.7860 -8.1584 36.0217 5.1879 14.9664 21.9303 -2.3156 -11.9100 25.5450 2.2786 10.0273 -21.0761 -0.8836 4.7471 -13.3781 0.6739 -5.7411 8.6047 0.3188 4.2360 5.5206 -1.1281 -23.0817 -19.5337 -6.4244 36.1161 3.6612 -0.0748 -2.3394 -7.2540 -0.5225 8.2284 17.5864 -1.5607 -10.0639 -2.2766 0.0496 -2.4965 -4.1784 -0.3206 8.7711 18.6181 -0.5789 -3.5305 -13.5623 -0.0083 0.0697 6.3038 0.7275 13.1542 31.2526 6.6143 23.3458 0.0000 0.0000 0.0000 -44.9000 -14.2280 34.3802 -34.0633 5.0097 -17.1998 -26.3876 -4.7695 20.1463 -27.5975 1.7488 -7.1119 24.1634 1.5733 7.3405 28.7044 -3.1515 -12.2729 6.6337 -0.7806 -13.4084 4.1911 -0.4905 -13.3435 8.5317 1.8059 23.8621 6.1243 -0.3469 -6.4787 4.1770 -0.2959 -8.0994 0.9151 0.0539 6.7450 3.6376 -0.4215 -13.2157 2.1374 -0.0499 -2.6758 -8.6619 -0.2399 3.1668 15.4790 -1.8753 -13.7336 -0.2740 -0.0096 4.0005 -3.7737 -0.4748 14.3384
4.6302 279.9204 100.2776 -5.2847 7.1474 6.2838 16.2269 -27.6771 0.2657 17.7305 38.2598 -11.7431 -12.4928 26.9574 -8.1782 0.0000 0.0000 0.0000 -21.3477 -19.8372 -1.6620 7.0664 33.7408 -1.5177 -16.6094 -1.9909 -32.7007 0.0000 0.0000 0.0000 -1.3797 0.8450 -7.1327 -1.3797 0.8450 -7.1327 -1.3797 0.8450 -7.1327 15.3354 -16.5089 2.8497 15.3354 -16.5089 2.8497 0.0000 0.0000 0.0000 66.6053 1.5325 -8.0996 34.4461 4.5777 13.7953 24.0797 -2.2640 -10.5861 25.5450 2.2786 10.0273 -21.0761 -0.8836 4.7471 -13.3781 0.6739 -5.7411 8.6047 0.3188 4.2360 5.5206 -1.1281 -23.0817 -19.5337 -6.4244 36.1161 3.6612 -0.0748 -2.3394 -7.2540 -0.5225 8.2284 17.5864 -1.5607 -10.0639 -2.2766 0.0496 -2.4965 -4.1784 -0.3206 8.7711 18.6181 -0.5789 -3.5305 -13.5623 -0.0083 0.0697 6.3038 0.7275 13.1542 31.2526 6.6143 23.3458 0.0000 0.0000 0.0000 -38.7405 -13.5883 36.2739 -32.7624 4.3743 -15.7006 -28.1117 -5.3580 21.1721 -29.2313 5.2576 -19.9712 21.7882 -0.8608 -4.4702 28.6267 -3.4133 -13.3216 1.1955 -0.1192 -11.3917 3.2711 -0.3814 -13.2967 9.1541 1.1219 13.9451 3.6680 -0.0594 -1.8562 3.0188 -0.4068 -15.3453 -11.3777 -0.1728 1.7342 2.3829 -0.1974 -9.4696 -1.8861 0.1273 -7.7215 -15.9101 -0.7384 5.2800 8.4005 -0.8450 -11.4680 0.3131 0.0069 2.5178 -4.1821 -0.1916 5.2444
3.9622 282.5583 91.9325 -5.2438 6.4320 6.2315 15.1134 -22.6649 0.0340 16.7899 33.3491 -10.0345 -11.7024 22.9854 -12.0211 0.0000 0.0000 0.0000 -17.7546 -14.7903 -0.7992 2.4369 27.9829 0.1928 -15.6577 -1.3635 -31.5780 0.0000 0.0000 0.0000 -1.3582 0.8777 -6.8955 -1.3582 0.8777 -6.8955 -1.3582 0.8777 -6.8955 15.5066 -15.8148 2.8191 15.5066 -15.8148 2.8191 0.0000 0.0000 0.0000 58.2995 2.1387 -6.6888 31.4605 3.8878 12.8434 24.5690 -1.9634 -8.9990 13.4340 -0.4840 -4.1076 8.4121 -1.3556 -18.2774 -19.7013 -2.6825 15.3588 6.8111 0.4383 7.3547 -1.8548 -0.0335 2.0689 -1.1551 0.4059 -38.7178 -9.0719 0.1451 -1.8284 4.2837 -1.0883 -28.4981 -2.6919 -0.1348 5.7341 -8.1381 0.1229 -1.7279 -13.1872 1.7547 -15.0935 18.9061 -0.8681 -5.2101 -44.8449 -2.0722 5.0194 21.0681 -1.1428 -6.1399 8.3822 -1.8765 -25.1961 0.0000 0.0000 0.0000 -30.5708 -12.0487 37.7460 -29.1822 3.2942 -13.4627 -30.2803 -6.3362 23.1228 -18.1412 2.6473 -16.4704 27.7778 1.3796 5.5754 24.9842 0.1228 0.5542 3.4127 -0.4410 -14.7235 3.5626 -0.7844 -24.8259 11.0846 0.8295 8.5331 1.2421 -0.1375 -12.6312 5.7668 -0.8737 -17.2151 -8.2027 0.3838 -5.3492 1.0197 -0.1937 -21.5147 -2.9645 0.4440 -17.0337 -6.5722 -0.0759 1.3217 10.8745 -2.0297 -21.0853 -6.4532 0.4519 -8.0022 0.7507 0.0483 7.3669
3.5026 285.7178 86.9782 -5.0068 5.7428 6.1826 13.7631 -18.3702 -0.1575 16.3205 29.6921 -8.9164 -10.6535 16.7265 -15.9864 0.0000 0.0000 0.0000 -14.4372 -10.0364 -0.2898 -1.5995 23.2641 1.3200 -15.4880 -2.5929 -30.1016 0.0000 0.0000 0.0000 -1.3623 0.8579 -6.6144 -1.3623 0.8579 -6.6144 -1.3623 0.8579 -6.6144 15.6186 -15.2609 2.5936 15.6186 -15.2609 2.5936 0.0000 0.0000 0.0000 49.9976 2.4977 -5.2698 23.6227 2.6200 11.5825 24.5721 -1.5135 -6.9418 44.6428 -3.8933 -9.4649 -13.6624 1.3404 -11.1539 -29.9308 -3.0567 11.4002 -2.9784 -0.1027 3.9487 4.4417 0.4714 12.1106 -2.6159 0.7606 -32.4176 -7.5264 -0.4500 6.8338 1.4398 -0.2417 -19.0597 -1.8533 -0.5897 35.2990 -4.1168 -0.3016 8.3757 -9.1316 0.7998 -9.9904 5.7641 0.1438 2.8559 -21.7403 -2.6322 13.6446 12.5536 0.2329 2.1168 3.2687 -0.7448 -25.6678 0.0000 0.0000 0.0000 -20.9477 -9.6918 38.3048 -24.9007 2.2043 -10.7543 -31.3533 -6.9741 24.5004 -15.5660 0.0926 -0.6771 22.2729 -0.2178 -1.1063 27.6952 -0.3151 -1.2783 5.4116 -0.4153 -8.7696 5.3948 -0.6046 -12.7796 2.6613 0.2793 11.9814 3.9473 -0.1330 -3.8583 2.1652 -0.3539 -18.5656 1.0609 0.0432 4.6629 2.7519 -0.3017 -12.5091 1.6160 -0.2248 -15.8390 -10.8666 0.0535 -0.5624 6.1491 -0.6874 -12.7451 1.1357 -0.0805 -8.1098 -11.3085 0.1531 -1.5464
3.1743 289.2445 84.0779 -4.5734 5.9667 5.0998 11.6841 -16.0803 -0.4375 15.1150 25.8174 -7.5420 -10.3084 15.5042 -15.9412 0.0000 0.0000 0.0000 -10.3453 -8.5036 0.0889 -5.1870 19.7215 2.1020 -14.6000 -3.0699 -28.0363 0.0000 0.0000 0.0000 -1.2927 0.7590 -6.3183 -1.2927 0.7590 -6.3183 -1.2927 0.7590 -6.3183 15.5469 -14.9647 2.3120 15.5469 -14.9647 2.3120 0.0000 0.0000 0.0000 40.4311 2.9615 -2.9521 15.9966 1.7500 11.5078 25.7527 -1.6191 -7.0744 25.9229 0.4781 2.0772 -13.1392 0.6505 -5.6435 -8.1668 -0.1150 1.6104 10.7290 -0.3466 -3.6893 8.6574 1.3314 17.4541 5.8494 -0.1712 -3.3496 -6.8890 -0.4384 7.2740 18.9499 -1.7272 -10.3222 -2.5003 -0.5334 24.0816 1.7726 0.0716 4.6285 -10.3460 -1.0076 11.0952 17.6835 1.4688 9.4215 -30.8342 -3.7116 13.4025 12.6495 1.3317 11.9712 24.6640 -0.9038 -4.1324 0.0000 0.0000 0.0000 -11.1677 -7.1261 38.0584 -20.2881 1.4057 -8.6199 -32.9126 -8.1797 27.2154 -22.7640 4.0541 -19.9432 27.4845 1.0459 4.2747 29.9401 -0.1433 -0.5359 0.1960 -0.0276 -16.0556 -2.1316 0.5153 -27.1747 11.6739 -0.9646 -9.4143 -3.9822 0.5905 -16.8630 7.1090 -2.3426 -36.4372 -13.6336 -0.7482 6.2526 -6.4253 1.4357 -25.1670 -0.2006 0.0440 -24.7226 -2.4807 0.2892 -13.2976 -0.1413 0.0259 -20.7451 -7.3554 0.8071 -12.5071 -6.3119 -0.5664 10.2454
2.7949 292.8074 79.1689 -5.2503 8.2354 5.6237 9.6975 -17.3311 -0.8348 13.7322 23.5445 -6.5718 -10.7116 13.3955 -19.5532 0.0000 0.0000 0.0000 -5.9104 -8.3064 0.4777 -6.4479 16.2471 2.1212 -12.1313 -3.5979 -22.9447 0.0000 0.0000 0.0000 -0.7646 0.7151 -6.4680 -0.7646 0.7151 -6.4680 -0.7646 0.7151 -6.4680 15.9604 -15.4746 2.3006 15.9604 -15.4746 2.3006 0.0000 0.0000 0.0000 30.2729 4.0312 2.2013 8.5392 0.8574 10.5474 27.6503 -1.7426 -7.0727 16.5906 3.3694 22.8104 -6.0750 2.5942 -46.2155 -15.2801 -3.5315 25.8860 0.7088 0.0917 14.7425 10.7680 1.3829 14.5949 -7.8703 0.1838 -2.6711 -4.8561 -0.5537 13.0028 15.9376 1.0277 7.3317 -15.6518 -3.2358 23.2256 5.5005 0.8440 17.4345 -10.2548 -0.9277 10.3114 14.6209 2.5759 19.8802 -15.8784 -2.7518 19.5443 4.3793 0.5459 14.2036 32.0418 2.7305 9.4892 0.0000 0.0000 0.0000 -0.9629 -4.2550 35.2269 -16.3114 0.5481 -4.3025 -34.0016 -9.3873 30.0627 -23.5689 4.8717 -23.0492 28.3246 1.3304 5.2689 30.3907 -1.8567 -6.8285 -0.9809 0.0967 -11.2560 4.2951 -1.0913 -28.4997 15.3639 -1.9473 -14.3625 -0.1329 0.0138 -11.8241 5.2409 -1.9444 -40.6881 -2.1789 0.1644 -8.6269 -1.0122 0.1892 -21.1791 0.1320 -0.0367 -31.0494 4.6913 -0.7948 -19.2224 3.8374 -0.5656 -16.7619 -4.8027 0.6876 -16.2853 -11.0593 1.0314 -10.6230
2.3936 296.0194 73.1758 -6.2938 10.3378 7.5068 7.4625 -19.8955 -1.4293 12.8327 24.0802 -6.4126 -12.4935 14.7197 -25.3776 0.0000 0.0000 0.0000 -1.3943 -9.9660 1.0633 -6.2597 15.8377 2.0394 -9.9086 -4.3244 -18.0570 0.0000 0.0000 0.0000 -0.1686 0.7186 -6.8193 -0.1686 0.7186 -6.8193 -0.1686 0.7186 -6.8193 16.1419 -16.1346 2.0803 16.1419 -16.1346 2.0803 0.0000 0.0000 0.0000 18.2291 3.2181 5.0934 3.9238 0.3403 9.0096 32.6993 -1.5839 -5.3956 26.8573 -2.3283 -9.7293 -33.1366 0.8122 -2.7294 10.4390 -0.1472 -1.6115 12.0363 -1.7845 -16.8070 -2.3414 0.4689 -22.6473 -7.2984 -1.6425 25.3354 6.7288 -0.7449 -12.6197 -5.3996 0.0548 -1.1611 12.3395 -0.9122 -8.4235 -2.9317 0.4991 -19.3199 7.9845 0.2864 4.1014 2.5369 -0.1592 -7.1803 -15.0090 2.7914 -20.9575 -1.5265 -0.4034 29.6035 17.5238 -0.5203 -3.3746 0.0000 0.0000 0.0000 11.8148 -1.4988 34.0203 -15.4779 0.1088 -0.9068 -33.8797 -10.1471 32.5015 -18.9787 2.4701 -14.6986 27.5354 0.0265 0.1083 26.4608 -1.5529 -6.5980 3.2110 -0.1642 -5.8544 1.3682 -0.2758 -22.7898 23.9294 0.2709 1.2784 5.3367 -0.2036 -4.3668 3.7548 -1.1570 -34.2415 -5.9399 -0.2166 4.1733 1.9869 -0.1744 -10.0308 0.9891 -0.2920 -32.8979 -2.1853 0.2955 -15.3978 5.1783 -0.5819 -12.8146 -4.7627 0.4208 -10.0934 -11.7025 1.0597 -10.3124
2.0308 298.2288 68.9427 -7.7998 12.5042 9.6882 5.4213 -23.3989 -2.1808 13.4617 25.6312 -6.9566 -12.4817 15.5028 -24.7278 0.0000 0.0000 0.0000 4.2552 -12.4291 2.0517 -7.4139 17.3903 2.4663 -9.3862 -6.3690 -15.4860 0.0000 0.0000 0.0000 0.5535 0.7675 -7.2401 0.5535 0.7675 -7.2401 0.5535 0.7675 -7.2401 15.7343 -17.6491 1.5274 15.7343 -17.6491 1.5274 0.0000 0.0000 0.0000 6.5128 1.8346 7.5434 -4.2867 -0.2244 5.0911 32.9095 -1.5088 -5.1054 24.5733 -0.5622 -2.5808 -33.7574 -1.8784 6.1853 0.4789 -0.0787 -18.6636 8.2812 -1.0622 -14.5935 -12.2239 1.7413 -16.1547 -8.2328 -3.2636 43.1907 -1.2196 0.0954 -8.9419 -2.2395 -0.2601 13.2465 13.4859 -1.6950 -14.2634 -4.6383 0.2144 -5.2913 -1.7174 -0.1024 6.8251 14.3050 -1.0697 -8.5092 -23.7158 2.2974 -10.9102 8.5946 0.8554 11.3465 29.0972 1.2858 4.9516 0.0000 0.0000 0.0000 25.2839 1.1169 32.8996 -15.5941 -0.3255 2.6902 -32.1061 -10.8787 36.6205 -22.5098 1.1796 -5.9225 27.6538 -0.3468 -1.4091 11.9999 -1.9440 -18.3395 10.0589 0.1245 1.4148 9.0579 -1.6488 -20.5926 43.9772 5.3716 13.2531 9.8198 0.3997 4.6501 27.6062 -2.1479 -8.7267 10.0231 -0.4211 -4.7993 7.5000 0.1215 1.8542 7.8686 -0.9951 -14.3930 4.2054 -1.0978 -29.2481 10.2468 -0.2940 -3.2777 -6.4037 0.6470 -11.5270 -4.0006 0.0187 -0.5360
1.5132 299.7485 64.1658 -9.1101 14.8869 10.5590 3.9953 -25.1001 -2.7009 13.7513 25.3008 -6.9760 -13.2448 14.3099 -28.6593 0.0000 0.0000 0.0000 9.4847 -14.6744 3.1942 -8.1909 15.6190 2.4705 -9.0669 -9.4479 -12.7400 0.0000 0.0000 0.0000 1.1822 0.7597 -7.3996 1.1822 0.7597 -7.3996 1.1822 0.7597 -7.3996 15.1620 -18.4353 1.8333 15.1620 -18.4353 1.8333 0.0000 0.0000 0.0000 -4.9007 -0.0402 8.4241 -8.9114 -0.2062 1.7466 31.1785 -1.4781 -5.2943 24.5733 -0.5622 -2.5808 -33.7574 -1.8784 6.1853 0.4789 -0.0787 -18.6636 8.2812 -1.0622 -14.5935 -12.2239 1.7413 -16.1547 -8.2328 -3.2636 43.1907 -1.2196 0.0954 -8.9419 -2.2395 -0.2601 13.2465 13.4859 -1.6950 -14.2634 -4.6383 0.2144 -5.2913 -1.7174 -0.1024 6.8251 14.3050 -1.0697 -8.5092 -23.7158 2.2974 -10.9102 8.5946 0.8554 11.3465 29.0972 1.2858 4.9516 0.0000 0.0000 0.0000 37.1452 3.2300 31.8469 -16.0105 -0.7459 5.9772 -27.8755 -10.8032 41.7143 -29.1727 0.7010 -2.6932 35.4344 0.7993 2.5015 28.6112 1.1954 4.6854 0.2525 -0.0056 -2.5523 -0.9718 0.1956 -22.7572 25.4060 4.0391 17.7817 -0.2779 0.0001 -0.0535 0.7764 -0.0783 -11.5178 -9.8256 0.6458 -7.5030 -3.3884 0.0938 -3.1708 -8.0375 0.4964 -7.0563 -11.7354 1.0610 -10.2965 -11.9911 0.3303 -3.1443 3.1993 -0.1356 -4.8540 -21.8861 -1.1206 5.7912
0.9853 300.6236 55.1097 -9.9838 14.9098 11.5269 2.3686 -24.7372 -3.0531 13.6329 25.2443 -6.9250 -15.0565 16.8175 -34.8783 0.0000 0.0000 0.0000 11.2959 -16.7223 3.9304 -6.9616 17.0143 2.3176 -8.8956 -8.2756 -13.2010 0.0000 0.0000 0.0000 1.8769 0.7301 -7.6907 1.8769 0.7301 -7.6907 1.8769 0.7301 -7.6907 15.8328 -18.2274 2.9059 15.8328 -18.2274 2.9059 0.0000 0.0000 0.0000 -13.7924 -1.4875 4.3831 -13.4354 -0.4314 2.7624 24.3752 -1.6898 -7.8124 24.5733 -0.5622 -2.5808 -33.7574 -1.8784 6.1853 0.4789 -0.0787 -18.6636 8.2812 -1.0622 -14.5935 -12.2239 1.7413 -16.1547 -8.2328 -3.2636 43.1907 -1.2196 0.0954 -8.9419 -2.2395 -0.2601 13.2465 13.4859 -1.6950 -14.2634 -4.6383 0.2144 -5.2913 -1.7174 -0.1024 6.8251 14.3050 -1.0697 -8.5092 -23.7158 2.2974 -10.9102 8.5946 0.8554 11.3465 29.0972 1.2858 4.9516 0.0000 0.0000 0.0000 45.7282 5.4952 33.7909 -13.7409 -0.4186 3.9998 -19.9742 -8.4864 45.6941 -28.7177 5.6244 -21.7246 42.0618 1.3919 3.6190 22.7813 -0.2638 -1.3091 19.1313 -6.4994 -37.2397 11.2751 -4.7760 -45.8042 2.2671 -0.1115 -5.6296 14.7394 -5.7643 -42.5369 2.4794 -0.5715 -25.9551 1.7177 -0.4277 -27.9648 14.0002 -6.8908 -52.2405 -2.1382 0.4939 -26.0074 -5.5871 0.7236 -14.7475 10.4797 -4.3522 -45.0123 -10.4781 2.0707 -22.2989 1.0216 -0.1761 -19.5557
0.2078 300.5708 43.7497 -10.1562 14.2106 11.2323 1.6028 -22.3093 -2.9105 14.4384 24.4034 -6.9893 -16.6781 18.4801 -41.7504 0.0000 0.0000 0.0000 12.6363 -16.9864 4.2229 -5.0029 17.7992 1.8999 -9.6990 -8.0414 -14.8861 0.0000 0.0000 0.0000 1.8739 0.7742 -7.8271 1.8739 0.7742 -7.8271 1.8739 0.7742 -7.8271 16.1967 -17.4951 3.3050 16.1967 -17.4951 3.3050 0.0000 0.0000 0.0000 -23.3421 -2.3357 0.0537 -12.6488 -0.6210 4.7000 16.4932 -1.3597 -9.3614 24.5733 -0.5622 -2.5808 -33.7574 -1.8784 6.1853 0.4789 -0.0787 -18.6636 8.2812 -1.0622 -14.5935 -12.2239 1.7413 -16.1547 -8.2328 -3.2636 43.1907 -1.2196 0.0954 -8.9419 -2.2395 -0.2601 13.2465 13.4859 -1.6950 -14.2634 -4.6383 0.2144 -5.2913 -1.7174 -0.1024 6.8251 14.3050 -1.0697 -8.5092 -23.7158 2.2974 -10.9102 8.5946 0.8554 11.3465 29.0972 1.2858 4.9516 0.0000 0.0000 0.0000 54.4786 7.7839 34.6456 -12.9958 -0.2724 2.7782 -9.3936 -4.1977 48.0803 -23.8236 2.1216 -10.0329 36.4152 1.8380 5.5837 23.9943 1.1939 5.6140 10.6475 -1.4736 -15.7157 5.6373 -1.0619 -21.3200 7.1303 0.5632 9.0202 5.3023 -0.6351 -13.6502 10.8973 -1.0219 -10.6830 -12.0298 2.5246 -23.6233 7.2107 -1.0494 -16.5396 -4.3194 0.7580 -19.8988 -7.9362 0.4380 -6.3082 2.2170 -0.2992 -15.3706 -8.1159 0.7101 -9.9840 -6.6601 0.1851 -3.1803
-0.3724 299.2080 37.1989 -10.3251 14.1513 10.8811 1.5022 -21.2162 -2.7846 14.9385 23.5117 -6.9359 -16.2561 17.8449 -39.9261 0.0000 0.0000 0.0000 15.8903 -17.2337 4.8599 -6.0310 17.8714 2.1650 -8.7271 -8.0194 -13.0542 0.0000 0.0000 0.0000 1.7568 0.8672 -8.0433 1.7568 0.8672 -8.0433 1.7568 0.8672 -8.0433 16.3181 -17.2620 3.5974 16.3181 -17.2620 3.5974 0.0000 0.0000 0.0000 -32.3844 -2.4650 -4.1098 -10.8463 -0.7965 7.4767 10.2894 -0.8396 -9.3051 28.0077 0.7364 2.9521 -32.5815 -0.6323 2.1635 -0.0878 0.0052 -6.7954 6.7861 0.2151 3.6271 -2.6766 0.1646 -7.0384 -4.4906 -1.6868 41.1589 2.7692 0.1061 4.3894 0.7447 0.1184 18.0622 2.0535 -0.0444 -2.4781 -1.2042 -0.0382 3.6367 3.3732 0.2800 9.4882 10.2196 0.0992 1.1093 -17.2020 0.1989 -1.3146 2.5829 0.3540 15.6036 21.4621 1.7743 9.3425 0.0000 0.0000 0.0000 62.1448 9.7699 34.8879 -10.9749 -0.1518 1.8909 1.0840 0.4819 47.9335 -23.8236 2.1216 -10.0329 36.4152 1.8380 5.5837 23.9943 1.1939 5.6140 10.6475 -1.4736 -15.7157 5.6373 -1.0619 -21.3200 7.1303 0.5632 9.0202 5.3023 -0.6351 -13.6502 10.8973 -1.0219 -10.6830 -12.0298 2.5246 -23.6233 7.2107 -1.0494 -16.5396 -4.3194 0.7580 -19.8988 -7.9362 0.4380 -6.3082 2.2170 -0.2992 -15.3706 -8.1159 0.7101 -9.9840 -6.6601 0.1851 -3.1803
-0.8038 296.9720 33.4980 -9.9256 12.3455 9.0528 2.3317 -19.2887 -2.3646 14.6150 22.3103 -6.5549 -16.9420 18.9607 -42.9276 0.0000 0.0000 0.0000 18.8040 -15.4935 4.8683 -7.5053 17.3148 2.4815 -9.0077 -6.6384 -14.5600 0.0000 0.0000 0.0000 1.1601 0.9225 -7.8333 1.1601 0.9225 -7.8333 1.1601 0.9225 -7.8333 16.3358 -15.9886 3.8330 16.3358 -15.9886 3.8330 0.0000 0.0000 0.0000 -41.7771 -2.5094 -6.2165 -5.8167 -0.6167 11.1954 4.5875 -0.4411 -10.9786 28.0077 0.7364 2.9521 -32.5815 -0.6323 2.1635 -0.0878 0.0052 -6.7954 6.7861 0.2151 3.6271 -2.6766 0.1646 -7.0384 -4.4906 -1.6868 41.1589 2.7692 0.1061 4.3894 0.7447 0.1184 18.0622 2.0535 -0.0444 -2.4781 -1.2042 -0.0382 3.6367 3.3732 0.2800 9.4882 10.2196 0.0992 1.1093 -17.2020 0.1989 -1.3146 2.5829 0.3540 15.6036 21.4621 1.7743 9.3425 0.0000 0.0000 0.0000 73.0735 10.6434 31.4876 -11.1006 -0.2160 2.6541 10.9201 4.2624 42.5441 -23.8236 2.1216 -10.0329 36.4152 1.8380 5.5837 23.9943 1.1939 5.6140 10.6475 -1.4736 -15.7157 5.6373 -1.0619 -21.3200 7.1303 0.5632 9.0202 5.3023 -0.6351 -13.6502 10.8973 -1.0219 -10.6830 -12.0298 2.5246 -23.6233 7.2107 -1.0494 -16.5396 -4.3194 0.7580 -19.8988 -7.9362 0.4380 -6.3082 2.2170 -0.2992 -15.3706 -8.1159 0.7101 -9.9840 -6.6601 0.1851 -3.1803
-1.2206 294.1220 31.3919 -9.7626 10.2117 9.3842 2.6121 -17.8078 -2.1265 15.3189 23.6779 -7.0933 -16.4556 19.4611 -40.4130 0.0000 0.0000 0.0000 21.7655 -12.0609 4.2486 -8.9453 16.8298 2.7844 -9.8425 -6.4366 -16.3133 0.0000 0.0000 0.0000 0.7608 0.9325 -7.7100 0.7608 0.9325 -7.7100 0.7608 0.9325 -7.7100 16.4279 -14.9429 3.5982 16.4279 -14.9429 3.5982 0.0000 0.0000 0.0000 -49.4503 -2.8662 -6.2780 -2.7377 -0.2864 11.0455 -2.9914 0.3667 -13.9727 28.0077 0.7364 2.9521 -32.5815 -0.6323 2.1635 -0.0878 0.0052 -6.7954 6.7861 0.2151 3.6271 -2.6766 0.1646 -7.0384 -4.4906 -1.6868 41.1589 2.7692 0.1061 4.3894 0.7447 0.1184 18.0622 2.0535 -0.0444 -2.4781 -1.2042 -0.0382 3.6367 3.3732 0.2800 9.4882 10.2196 0.0992 1.1093 -17.2020 0.1989 -1.3146 2.5829 0.3540 15.6036 21.4621 1.7743 9.3425 0.0000 0.0000 0.0000 80.7843 9.2841 26.7043 -7.6562 -0.2533 4.9464 22.0298 7.3586 36.5629 -23.8236 2.1216 -10.0329 36.4152 1.8380 5.5837 23.9943 1.1939 5.6140 10.6475 -1.4736 -15.7157 5.6373 -1.0619 -21.3200 7.1303 0.5632 9.0202 5.3023 -0.6351 -13.6502 10.8973 -1.0219 -10.6830 -12.0298 2.5246 -23.6233 7.2107 -1.0494 -16.5396 -4.3194 0.7580 -19.8988 -7.9362 0.4380 -6.3082 2.2170 -0.2992 -15.3706 -8.1159 0.7101 -9.9840 -6.6601 0.1851 -3.1803
-1.5988 291.0476 30.1690 -10.3763 12.0343 7.2849 2.6818 -20.3747 -2.4318 15.8083 25.9073 -7.7931 -17.0466 18.5306 -43.5039 0.0000 0.0000 0.0000 22.2735 -11.1783 4.0277 -7.8994 15.9814 2.4402 -11.3694 -5.2804 -20.1116 0.0000 0.0000 0.0000 1.0471 0.8952 -7.2713 1.0471 0.8952 -7.2713 1.0471 0.8952 -7.2713 16.1933 -16.4059 3.9066 16.1933 -16.4059 3.9066 0.0000 0.0000 0.0000 -54.4478 -2.4139 -8.0426 -2.3230 -0.2117 9.5161 -5.9923 0.9365 -17.7487 31.6088 -3.1604 -11.1331 -19.0018 2.5534 -15.1704 -7.8479 -0.8093 11.7570 -9.8409 -0.4491 5.2136 -4.2089 0.1995 -5.4252 -5.3781 1.3411 -27.9858 -16.7774 -0.3067 2.0799 0.5199 -0.1142 -24.7847 -3.9565 -0.5627 16.1823 -15.2632 0.1231 -0.9190 -20.5154 0.9345 -5.1607 12.1649 -0.7434 -6.9683 -34.2951 -0.8053 2.6096 4.0757 -0.2765 -7.7599 -0.8867 0.1642 -20.9835 0.0000 0.0000 0.0000 85.7678 9.8500 26.0998 -7.6358 -0.3966 7.7661 25.1109 7.9474 34.6464 -23.8236 2.1216 -10.0329 36.4152 1.8380 5.5837 23.9943 1.1939 5.6140 10.6475 -1.4736 -15.7157 5.6373 -1.0619 -21.3200 7.1303 0.5632 9.0202 5.3023 -0.6351 -13.6502 10.8973 -1.0219 -10.6830 -12.0298 2.5246 -23.6233 7.2107 -1.0494 -16.5396 -4.3194 0.7580 -19.8988 -7.9362 0.4380 -6.3082 2.2170 -0.2992 -15.3706 -8.1159 0.7101 -9.9840 -6.6601 0.1851 -3.1803
-1.7898 288.4140 29.4406 -10.0426 12.2792 4.8491 3.6600 -20.0687 -2.1987 13.7232 28.3125 -7.6526 -17.2115 18.6496 -44.2801 0.0000 0.0000 0.0000 21.6305 -11.4495 4.0340 -6.7178 16.9253 2.2494 -11.2832 -4.6498 -20.4530 0.0000 0.0000 0.0000 1.0456 0.8319 -7.0822 1.0456 0.8319 -7.0822 1.0456 0.8319 -7.0822 16.3205 -16.8976 4.1943 16.3205 -16.8976 4.1943 0.0000 0.0000 0.0000 -56.7794 -2.0809 -9.0160 -1.7967 -0.1978 11.6654 -6.7352 1.0961 -18.4660 40.8847 0.3229 0.8662 -6.7312 1.3574 -22.7784 -27.8527 -0.8810 3.5517 0.1696 0.0296 19.7906 -1.1600 0.0205 -2.0276 26.0056 -6.7163 -28.5148 -14.8901 -0.7797 5.9617 15.0731 -0.8472 -6.3969 -1.7320 -0.4471 28.9491 -19.1134 -0.4761 2.8272 -4.7286 -0.2690 6.5079 21.1284 2.1435 11.4565 -48.1018 -2.2569 5.0543 17.0370 1.7471 11.6254 11.2078 -0.2646 -2.6963 0.0000 0.0000 0.0000 87.8302 9.9175 25.6408 -8.0027 -0.4417 8.1342 25.6706 7.4918 32.0645 0.0000 0.0000 0.0000 0.0000 0.0000 0.0000 0.0000 0.0000 0.0000 0.0000 0.0000 0.0000 0.0000 0.0000 0.0000 0.0000 0.0000 0.0000 0.0000 0.0000 0.0000 0.0000 0.0000 0.0000 0.0000 0.0000 0.0000 0.0000 0.0000 0.0000 0.0000 0.0000 0.0000 0.0000 0.0000 0.0000 0.0000 0.0000 0.0000 0.0000 0.0000 0.0000 0.0000 0.0000 0.0000
-1.9376 287.2649 28.9950 -9.9132 12.0036 4.9825 3.2253 -18.7995 -2.1343 14.0322 26.6326 -7.3733 -16.2715 21.9617 -38.5443 0.0000 0.0000 0.0000 22.2771 -11.5208 4.1403 -7.4832 17.2842 2.4729 -9.4501 -3.4307 -17.8686 0.0000 0.0000 0.0000 0.9070 0.8880 -7.1940 0.9070 0.8880 -7.1940 0.9070 0.8880 -7.1940 16.0508 -16.8044 3.6514 16.0508 -16.8044 3.6514 0.0000 0.0000 0.0000 -55.3057 -1.9790 -9.1790 -1.8703 -0.2404 13.7459 -5.9360 0.8641 -16.5505 30.2286 1.9951 7.3772 -10.6699 1.9104 -20.2468 -0.3101 -0.0111 4.1127 -0.1439 -0.0288 22.6416 7.0365 0.6758 10.9577 18.0375 -1.0605 -6.6744 -6.1972 -1.1078 20.2520 10.7135 -0.0582 -0.6207 19.9878 4.8615 27.0886 -2.1050 -0.4082 21.9446 -1.5202 -0.1742 13.0742 27.8930 -2.6876 -10.7922 -15.4644 -3.4748 25.1863 12.7972 1.3632 12.1112 7.5407 -0.7545 -11.4116 0.0000 0.0000 0.0000 86.1103 11.1308 27.7119 -9.6692 -0.4405 6.3964 23.2724 6.9173 32.7130 0.0000 0.0000 0.0000 0.0000 0.0000 0.0000 0.0000 0.0000 0.0000 0.0000 0.0000 0.0000 0.0000 0.0000 0.0000 0.0000 0.0000 0.0000 0.0000 0.0000 0.0000 0.0000 0.0000 0.0000 0.0000 0.0000 0.0000 0.0000 0.0000 0.0000 0.0000 0.0000 0.0000 0.0000 0.0000 0.0000 0.0000 0.0000 0.0000 0.0000 0.0000 0.0000 0.0000 0.0000 0.0000
-1.7291 287.7356 33.0807 -10.0543 12.1612 4.9946 3.4274 -19.5425 -2.1833 13.5308 25.3588 -6.9178 -15.9336 19.1438 -37.9461 0.0000 0.0000 0.0000 22.8731 -13.4525 4.8622 -9.2767 16.1537 2.7868 -11.1357 -5.2461 -19.6944 0.0000 0.0000 0.0000 1.0381 0.8675 -6.8967 1.0381 0.8675 -6.8967 1.0381 0.8675 -6.8967 16.1797 -16.8027 4.0977 16.1797 -16.8027 4.0977 0.0000 0.0000 0.0000 -52.4174 -1.7182 -9.6996 -0.4372 -0.0624 15.3460 -3.2065 0.4342 -15.4194 30.2286 1.9951 7.3772 -10.6699 1.9104 -20.2468 -0.3101 -0.0111 4.1127 -0.1439 -0.0288 22.6416 7.0365 0.6758 10.9577 18.0375 -1.0605 -6.6744 -6.1972 -1.1078 20.2520 10.7135 -0.0582 -0.6207 19.9878 4.8615 27.0886 -2.1050 -0.4082 21.9446 -1.5202 -0.1742 13.0742 27.8930 -2.6876 -10.7922 -15.4644 -3.4748 25.1863 12.7972 1.3632 12.1112 7.5407 -0.7545 -11.4116 0.0000 0.0000 0.0000 82.2112 12.4156 30.7582 -12.6200 -0.3369 3.5554 17.7200 5.6868 35.3461 0.0000 0.0000 0.0000 0.0000 0.0000 0.0000 0.0000 0.0000 0.0000 0.0000 0.0000 0.0000 0.0000 0.0000 0.0000 0.0000 0.0000 0.0000 0.0000 0.0000 0.0000 0.0000 0.0000 0.0000 0.0000 0.0000 0.0000 0.0000 0.0000 0.0000 0.0000 0.0000 0.0000 0.0000 0.0000 0.0000 0.0000 0.0000 0.0000 0.0000 0.0000 0.0000 0.0000 0.0000 0.0000
-0.5055 288.3058 51.7827 -10.2545 12.0492 6.8932 3.1877 -17.9387 -2.0389 14.4327 25.7965 -7.3124 -16.3294 18.8253 -39.9836 0.0000 0.0000 0.0000 24.1810 -12.6822 4.7899 -12.2461 15.8682 3.4581 -9.9169 -6.2779 -16.5735 0.0000 0.0000 0.0000 1.1633 0.9612 -7.2851 1.1633 0.9612 -7.2851 1.1633 0.9612 -7.2851 15.9178 -17.1477 3.7745 15.9178 -17.1477 3.7745 0.0000 0.0000 0.0000 -47.5348 -2.2166 -7.9529 -1.2253 -0.1560 13.6090 0.5320 -0.0611 -13.0961 7.6265 -0.0972 -1.4576 -16.1586 -0.9926 6.9842 -15.9816 1.5181 -10.7833 0.8984 -0.0384 -4.8884 -16.4815 1.2920 -8.9030 -13.3366 -2.0435 17.3468 -1.1484 -0.0417 4.1564 -10.9896 0.6043 -6.2761 4.3680 -0.4779 -12.4812 -2.6070 -0.0111 0.4880 -1.1690 0.0154 -1.5137 5.1669 -0.7542 -16.5975 -0.9018 0.0131 -1.6662 -4.2778 0.3232 -8.6382 20.4450 0.3162 1.7532 0.0000 0.0000 0.0000 78.1233 11.8944 31.5106 -14.4047 -0.4361 3.9466 12.1249 4.4643 40.3064 -58.3041 0.8691 -1.5580 34.4335 0.0415 0.1340 13.8160 1.4233 11.7072 20.3520 -2.3389 -12.9767 -10.9026 1.6929 -17.6007 17.1134 0.5976 3.9701 10.5321 -1.2876 -13.9015 11.3445 0.3771 3.7950 -26.9341 4.4470 -18.4192 11.0479 -1.8052 -18.5052 -9.8209 -0.2571 2.9920 -11.7113 1.3331 -12.9436 11.5649 -2.7359 -26.5372 -22.6829 -0.9989 4.9771 8.7912 0.7858 10.1958
1.7566 288.8002 93.7078 -10.4387 12.2130 8.6860 2.7058 -16.8532 -1.9922 16.7078 24.0606 -7.6228 -15.4551 16.8576 -36.6298 0.0000 0.0000 0.0000 24.3591 -10.0883 3.9130 -13.5649 13.9646 3.4802 -9.7842 -6.9146 -15.8516 0.0000 0.0000 0.0000 1.2588 0.9946 -7.2921 1.2588 0.9946 -7.2921 1.2588 0.9946 -7.2921 15.5501 -17.9256 3.3462 15.5501 -17.9256 3.3462 0.0000 0.0000 0.0000 -40.8635 -3.6984 -1.6231 -2.5768 -0.2353 9.5333 5.6616 -0.5790 -11.6689 21.1501 -1.6938 -9.0544 0.5142 -0.0698 -15.4667 -2.1563 -0.2107 11.1588 -1.0350 -0.0144 1.5897 0.9433 -0.0094 -1.1470 -15.4794 3.6068 -26.0867 -13.6045 1.0553 -8.8296 11.9290 -1.0796 -10.3056 -20.6370 -0.2521 1.3844 -4.4060 0.1989 -5.1681 -2.7612 0.3076 -12.7110 9.8159 0.1808 2.1048 -20.3630 0.3024 -1.6839 11.7541 -0.3137 -3.0470 25.0446 -3.7546 -16.7895 0.0000 0.0000 0.0000 74.2260 8.0944 26.8102 -16.7766 -0.8598 6.5330 7.0687 3.1024 47.3500 -50.3583 -10.9722 23.0929 14.5249 -0.3920 -3.0755 10.1087 -2.0008 -22.3366 -4.4001 -0.5741 14.8608 15.2309 -1.1780 -8.7938 22.0281 5.3578 27.0346 6.7836 1.2391 20.6803 -4.7782 0.8873 -21.0286 0.1880 0.0102 6.2234 1.1342 0.1037 10.4471 -2.0706 0.0502 -2.7789 -3.4467 0.0433 -1.4388 -1.0133 -0.1034 11.6567 9.4147 -0.3985 -4.8364 -15.0694 -0.6387 4.8258
3.9454 290.0045 125.3994 -10.2052 12.5826 10.9508 2.2545 -19.9064 -2.4584 18.1181 26.1420 -8.6250 -15.0067 15.6224 -35.2000 0.0000 0.0000 0.0000 22.0808 -16.6816 5.8023 -11.7217 20.2888 3.9423 -7.9099 -7.0383 -12.1479 0.0000 0.0000 0.0000 1.4745 0.9516 -7.7423 1.4745 0.9516 -7.7423 1.4745 0.9516 -7.7423 15.0225 -18.5661 2.6360 15.0225 -18.5661 2.6360 0.0000 0.0000 0.0000 -33.2281 -3.7967 2.3105 -3.5190 -0.2067 5.8212 12.6943 -0.9436 -8.4679 26.3115 -2.6344 -11.2368 -20.8808 -2.9249 15.7764 -2.5134 0.4160 -18.7944 1.7510 -0.4557 -29.1747 -12.5053 5.2825 -45.6662 -3.0165 -0.3348 12.6645 -3.7036 0.9975 -30.1370 -9.9873 3.1587 -35.0260 17.8716 -3.3707 -21.1980 -7.1124 1.9784 -31.0547 -0.5880 0.2225 -41.4511 0.4649 -0.0324 -7.9819 -27.6387 10.0450 -39.3216 16.2518 -0.0663 -0.4643 11.8026 -1.2095 -11.6616 0.0000 0.0000 0.0000 66.2140 7.7811 29.0012 -20.6898 -1.3738 8.2430 -5.7651 -2.5630 47.9077 -15.2443 -0.2590 1.9354 11.2257 -1.5466 -15.6398 3.4271 0.2680 8.9415 -4.7084 -0.3180 7.7239 -8.8568 -0.8101 10.4315 14.8171 -4.2854 -32.1056 -5.1401 -0.2259 5.0305 -8.7977 0.6193 -8.0371 8.7950 2.0241 25.8745 -7.2553 -0.0827 1.3045 -4.8540 -0.0800 1.8862 4.2632 0.5468 14.6119 2.6394 0.3158 13.6450 -7.7390 0.0197 -0.2912 -6.4035 0.2310 -4.1276
5.5722 291.8800 141.1664 -10.0867 12.7106 12.3262 2.8508 -22.6040 -2.6720 18.6031 25.1191 -8.5106 -12.7131 13.1928 -27.2902 0.0000 0.0000 0.0000 18.7988 -17.9339 5.5918 -10.6525 20.5072 3.6753 -7.6746 -8.3455 -10.8150 0.0000 0.0000 0.0000 1.3055 0.9508 -8.0819 1.3055 0.9508 -8.0819 1.3055 0.9508 -8.0819 14.8439 -18.7231 2.0275 14.8439 -18.7231 2.0275 0.0000 0.0000 0.0000 -23.3680 -3.0359 6.3428 -5.0168 -0.2234 4.1971 19.2298 -1.2854 -7.5772 3.7166 1.0268 30.8774 2.7381 -0.5024 -20.7917 -21.9845 -1.1204 5.7636 -23.3112 -8.7723 40.7935 4.2063 0.9418 25.2312 -10.1761 -1.6352 18.2111 -27.3377 -9.7718 38.7323 7.6784 1.7538 25.6961 -13.0599 -1.2223 10.6480 -19.0300 -7.8828 44.6916 -11.9792 -1.4244 13.5134 9.2389 1.3652 16.7754 -32.9854 -10.6321 34.8936 5.2782 0.8139 17.5194 11.2040 -0.2513 -2.5617 0.0000 0.0000 0.0000 58.0900 6.3699 29.3177 -21.0831 -1.4928 8.7692 -13.6216 -6.1397 48.3636 -18.5407 1.7856 -10.9072 5.5673 -0.3937 -8.0829 16.3040 1.1556 8.0542 5.1298 -1.0622 -23.3828 -6.5947 0.6332 -10.9577 0.8323 -0.3342 -43.7487 2.4603 -0.8085 -36.3773 -9.1428 1.8770 -23.1571 10.9683 0.3822 3.9792 1.8546 -0.6330 -37.6903 -3.5646 0.4385 -14.0225 -5.7552 0.0994 -1.9766 31.5922 -0.4627 -1.6356 -15.8062 3.8322 -27.0996 -26.3215 6.3095 -26.5267
6.7361 293.9947 148.6974 -9.8403 12.1892 12.0742 4.3192 -24.5098 -2.5561 18.3858 25.8080 -8.6250 -11.9638 13.8794 -23.9263 0.0000 0.0000 0.0000 15.6409 -17.3372 4.8429 -9.9410 20.6168 3.4914 -8.0577 -6.9617 -12.4888 0.0000 0.0000 0.0000 1.0502 0.9246 -7.9664 1.0502 0.9246 -7.9664 1.0502 0.9246 -7.9664 15.1392 -17.8695 1.9637 15.1392 -17.8695 1.9637 0.0000 0.0000 0.0000 -13.2964 -1.5160 8.9174 -3.2410 -0.1587 4.7064 28.1595 -1.6462 -6.5568 31.6299 -0.9480 -3.3458 -8.1480 0.6595 -9.2390 -16.5279 -1.1066 7.6083 -4.6540 -0.3130 7.6906 -5.2374 0.2710 -5.9206 4.8102 -1.2783 -29.7491 -12.5960 -0.2314 2.0967 -0.8094 0.1630 -22.7703 10.2856 1.7572 19.3399 -7.7124 0.0210 -0.3115 -14.9354 0.8339 -6.3553 12.8741 -0.4779 -4.2337 -25.0350 -2.5432 11.4189 13.0480 -0.4076 -3.5626 2.2675 -0.3046 -15.2994 0.0000 0.0000 0.0000 49.1219 4.7039 29.2250 -23.0560 -1.4948 7.9525 -22.5757 -9.6880 46.0101 -21.8416 -3.0933 15.9326 9.2973 -1.1497 -14.0683 27.7365 1.4783 5.9826 -24.4344 -3.3924 15.5755 -26.5294 -12.7268 50.6348 -46.7962 -15.2913 34.4716 -17.8800 -4.1204 25.7612 -63.3965 -23.9332 37.8839 -10.8554 -4.2661 42.8098 -29.3731 -8.8937 33.0532 -48.2656 -17.6909 38.3104 -17.0010 -5.4018 35.0346 -14.9439 -4.6091 34.1162 -43.0673 -13.0285 32.2790 -47.3779 -18.5786 40.8914
7.4801 296.0154 152.3432 -9.9617 13.1321 11.0492 6.7453 -24.7317 -1.9962 18.6992 23.9276 -8.2182 -11.1810 14.1570 -20.6713 0.0000 0.0000 0.0000 12.7055 -15.8090 3.9534 -10.0964 17.6090 3.1625 -8.8224 -4.9935 -15.4087 0.0000 0.0000 0.0000 0.9346 0.8941 -7.5810 0.9346 0.8941 -7.5810 0.9346 0.8941 -7.5810 15.2564 -17.8801 2.3852 15.2564 -17.8801 2.3852 0.0000 0.0000 0.0000 -2.8634 0.4669 10.4932 1.0775 0.0610 5.5800 32.1066 -1.7605 -6.1128 31.6299 -0.9480 -3.3458 -8.1480 0.6595 -9.2390 -16.5279 -1.1066 7.6083 -4.6540 -0.3130 7.6906 -5.2374 0.2710 -5.9206 4.8102 -1.2783 -29.7491 -12.5960 -0.2314 2.0967 -0.8094 0.1630 -22.7703 10.2856 1.7572 19.3399 -7.7124 0.0210 -0.3115 -14.9354 0.8339 -6.3553 12.8741 -0.4779 -4.2337 -25.0350 -2.5432 11.4189 13.0480 -0.4076 -3.5626 2.2675 -0.3046 -15.2994 0.0000 0.0000 0.0000 39.5142 2.9079 28.6401 -26.0994 -1.4120 6.5510 -29.8816 -11.4603 41.2169 -7.7990 1.0239 -14.9363 34.4529 0.1008 0.3252 26.6057 -1.0149 -4.2907 9.7621 -1.7062 -19.7827 5.4023 -2.1864 -44.0436 31.8359 -12.0101 -40.4925 7.8988 -1.6288 -23.2684 7.9704 -4.8961 -63.0728 -10.7681 3.9247 -39.9570 8.1820 -2.9639 -39.7716 -4.4289 2.7042 -62.7990 -8.1265 2.4183 -33.0957 9.6907 -2.9569 -33.8675 -15.1249 6.0922 -43.6848 -15.5029 8.5884 -57.7652
8.1304 297.4754 154.1700 -8.3814 10.2570 8.2686 8.9983 -20.8005 -1.1887 16.9846 22.3379 -7.2699 -10.2215 15.6412 -15.4464 0.0000 0.0000 0.0000 6.6727 -12.9190 2.4517 -9.2606 16.6299 2.8383 -9.4792 -3.1913 -18.1207 0.0000 0.0000 0.0000 0.1321 0.7961 -7.0081 0.1321 0.7961 -7.0081 0.1321 0.7961 -7.0081 15.1398 -15.6992 2.5958 15.1398 -15.6992 2.5958 0.0000 0.0000 0.0000 8.3752 2.1566 7.5652 6.8470 0.5815 8.7987 33.2557 -1.8163 -6.0768 22.4816 -3.5355 -17.6537 -26.4996 1.8523 -7.8549 -10.1726 -1.5310 17.0744 -7.9184 -0.2289 3.3069 -0.6141 0.0341 -6.3584 -5.3170 1.6396 -34.2559 -11.5256 0.3299 -3.2681 1.8696 -0.4320 -26.0182 -5.8821 -0.3844 7.4714 -11.8194 1.2843 -12.3594 -6.0530 0.8129 -15.2837 -3.4220 0.1655 -5.5362 -34.1401 -0.8738 2.8450 10.5425 -1.2441 -13.4237 -11.8870 2.9704 -27.9695 0.0000 0.0000 0.0000 29.0480 0.6147 24.3378 -25.3780 -0.8959 4.2899 -35.0285 -12.9778 39.6407 -19.1021 2.0493 -12.1355 27.3199 1.2000 4.9349 26.6380 1.9669 8.2947 5.3000 -0.7216 -15.4947 2.9239 -0.7235 -27.7925 5.4283 0.1281 2.7021 5.5607 -0.6794 -13.9210 2.4274 -0.5785 -26.8047 -9.0460 0.5429 -6.8542 6.4530 -1.3978 -24.4213 -4.8157 1.0546 -24.6909 -3.0500 0.1592 -5.9756 10.3652 -2.0006 -21.7928 -0.9131 0.1218 -15.1905 -10.2143 -0.6731 7.5204
8.4575 298.1280 155.1242 -7.7355 8.3648 7.1235 10.8059 -19.6026 -0.7585 16.7240 23.3593 -7.4502 -8.5403 14.8167 -9.9026 0.0000 0.0000 0.0000 2.0867 -11.4002 1.6300 -8.9110 17.5287 2.8551 -10.8478 -1.1585 -22.5827 0.0000 0.0000 0.0000 -0.3262 0.8304 -6.6409 -0.3262 0.8304 -6.6409 -0.3262 0.8304 -6.6409 14.9974 -14.6565 2.4147 14.9974 -14.6565 2.4147 0.0000 0.0000 0.0000 18.7977 3.2815 5.0031 11.0298 0.9800 9.2255 29.5365 -1.6840 -6.3821 22.4816 -3.5355 -17.6537 -26.4996 1.8523 -7.8549 -10.1726 -1.5310 17.0744 -7.9184 -0.2289 3.3069 -0.6141 0.0341 -6.3584 -5.3170 1.6396 -34.2559 -11.5256 0.3299 -3.2681 1.8696 -0.4320 -26.0182 -5.8821 -0.3844 7.4714 -11.8194 1.2843 -12.3594 -6.0530 0.8129 -15.2837 -3.4220 0.1655 -5.5362 -34.1401 -0.8738 2.8450 10.5425 -1.2441 -13.4237 -11.8870 2.9704 -27.9695 0.0000 0.0000 0.0000 17.1910 -0.6226 28.3825 -25.7875 -0.0817 0.3847 -35.9931 -10.9719 32.9401 -14.7705 0.4613 -3.5580 21.3700 -0.8787 -4.6548 32.8544 1.9245 6.5211 9.9617 -1.4772 -16.8288 1.2759 -0.2368 -21.0276 8.4731 0.5113 6.8940 7.8999 -0.8766 -12.6436 1.9811 -0.4987 -28.2575 2.9667 0.0096 0.3694 6.6249 -1.4556 -24.7591 -1.4324 0.2761 -21.8169 -5.0447 0.0500 -1.1348 9.1112 -2.0616 -25.4503 -0.2347 0.0205 -10.0089 5.1890 0.0371 0.8188
8.6749 297.8830 155.6444 -6.8779 8.8535 5.8473 12.5026 -18.3025 -0.3844 16.6068 23.4980 -7.4489 -10.0994 12.8389 -17.7854 0.0000 0.0000 0.0000 0.4980 -7.9715 1.0101 -11.2452 14.6227 3.0541 -12.9854 -3.3039 -24.8178 0.0000 0.0000 0.0000 -0.5548 0.7029 -6.2179 -0.5548 0.7029 -6.2179 -0.5548 0.7029 -6.2179 16.0814 -15.1361 3.2760 16.0814 -15.1361 3.2760 0.0000 0.0000 0.0000 31.5440 4.3614 2.6001 13.3328 1.2246 9.5503 30.0864 -1.7069 -6.3452 22.4816 -3.5355 -17.6537 -26.4996 1.8523 -7.8549 -10.1726 -1.5310 17.0744 -7.9184 -0.2289 3.3069 -0.6141 0.0341 -6.3584 -5.3170 1.6396 -34.2559 -11.5256 0.3299 -3.2681 1.8696 -0.4320 -26.0182 -5.8821 -0.3844 7.4714 -11.8194 1.2843 -12.3594 -6.0530 0.8129 -15.2837 -3.4220 0.1655 -5.5362 -34.1401 -0.8738 2.8450 10.5425 -1.2441 -13.4237 -11.8870 2.9704 -27.9695 0.0000 0.0000 0.0000 2.8758 -3.0280 30.8729 -24.8910 0.5799 -2.8378 -36.5540 -9.0152 26.8502 -14.7705 0.4613 -3.5580 21.3700 -0.8787 -4.6548 32.8544 1.9245 6.5211 9.9617 -1.4772 -16.8288 1.2759 -0.2368 -21.0276 8.4731 0.5113 6.8940 7.8999 -0.8766 -12.6436 1.9811 -0.4987 -28.2575 2.9667 0.0096 0.3694 6.6249 -1.4556 -24.7591 -1.4324 0.2761 -21.8169 -5.0447 0.0500 -1.1348 9.1112 -2.0616 -25.4503 -0.2347 0.0205 -10.0089 5.1890 0.0371 0.8188
8.5156 297.1727 150.8615 -5.9049 9.1265 5.8302 13.2299 -20.8453 -0.3272 15.7934 27.2511 -8.1192 -11.7366 14.7814 -22.3102 0.0000 0.0000 0.0000 -3.4986 -8.3785 0.6998 -9.9024 16.4675 2.9746 -14.4311 -4.6578 -26.3278 0.0000 0.0000 0.0000 -0.7892 0.6574 -6.3386 -0.7892 0.6574 -6.3386 -0.7892 0.6574 -6.3386 16.3126 -15.7886 3.7233 16.3126 -15.7886 3.7233 0.0000 0.0000 0.0000 40.8500 4.0265 -0.8487 19.2403 1.7063 9.1429 29.7813 -1.7972 -6.7517 22.4816 -3.5355 -17.6537 -26.4996 1.8523 -7.8549 -10.1726 -1.5310 17.0744 -7.9184 -0.2289 3.3069 -0.6141 0.0341 -6.3584 -5.3170 1.6396 -34.2559 -11.5256 0.3299 -3.2681 1.8696 -0.4320 -26.0182 -5.8821 -0.3844 7.4714 -11.8194 1.2843 -12.3594 -6.0530 0.8129 -15.2837 -3.4220 0.1655 -5.5362 -34.1401 -0.8738 2.8450 10.5425 -1.2441 -13.4237 -11.8870 2.9704 -27.9695 0.0000 0.0000 0.0000 -12.2246 -5.9138 31.7053 -22.8696 1.3099 -7.0343 -35.2627 -7.4301 23.0934 -12.6285 1.8474 -16.5801 29.8772 -0.7708 -2.8886 20.9887 0.3577 1.9306 3.9817 -0.4188 -12.0038 -4.5810 0.8011 -19.8281 21.7041 1.4353 7.4769 3.0125 -0.3219 -12.1972 2.2314 -0.2010 -10.2927 -3.0270 -0.0191 0.7223 -2.9646 0.4817 -18.4550 9.2144 -0.1628 -2.0198 -10.5263 -0.0464 0.5042 17.0246 -2.4640 -16.3536 4.7525 -0.2663 -6.4096 9.2887 0.6293 7.7346
7.9472 296.1355 142.9347 -6.0488 9.1280 6.7331 13.8233 -21.8155 -0.2296 16.8434 28.1803 -8.7193 -13.6375 19.6163 -26.4080 0.0000 0.0000 0.0000 -7.1899 -9.0467 0.4067 -6.5110 19.0731 2.3974 -13.4925 -3.6184 -25.4946 0.0000 0.0000 0.0000 -0.8822 0.7071 -6.4943 -0.8822 0.7071 -6.4943 -0.8822 0.7071 -6.4943 16.1324 -15.7298 3.6674 16.1324 -15.7298 3.6674 0.0000 0.0000 0.0000 49.4132 4.1280 -2.4042 28.7268 2.6555 9.4450 31.1979 -2.2610 -8.0861 22.4816 -3.5355 -17.6537 -26.4996 1.8523 -7.8549 -10.1726 -1.5310 17.0744 -7.9184 -0.2289 3.3069 -0.6141 0.0341 -6.3584 -5.3170 1.6396 -34.2559 -11.5256 0.3299 -3.2681 1.8696 -0.4320 -26.0182 -5.8821 -0.3844 7.4714 -11.8194 1.2843 -12.3594 -6.0530 0.8129 -15.2837 -3.4220 0.1655 -5.5362 -34.1401 -0.8738 2.8450 10.5425 -1.2441 -13.4237 -11.8870 2.9704 -27.9695 0.0000 0.0000 0.0000 -22.5897 -7.5806 30.6440 -23.7700 1.7348 -8.9187 -34.8974 -6.8700 21.6231 -12.6285 1.8474 -16.5801 29.8772 -0.7708 -2.8886 20.9887 0.3577 1.9306 3.9817 -0.4188 -12.0038 -4.5810 0.8011 -19.8281 21.7041 1.4353 7.4769 3.0125 -0.3219 -12.1972 2.2314 -0.2010 -10.2927 -3.0270 -0.0191 0.7223 -2.9646 0.4817 -18.4550 9.2144 -0.1628 -2.0198 -10.5263 -0.0464 0.5042 17.0246 -2.4640 -16.3536 4.7525 -0.2663 -6.4096 9.2887 0.6293 7.7346
7.1508 294.3833 131.6442 -6.3172 8.7316 7.2224 14.3371 -22.0062 -0.1241 17.3960 29.3554 -9.2231 -13.1965 21.5876 -22.1053 0.0000 0.0000 0.0000 -9.8369 -9.6589 0.1753 -3.0687 21.1794 1.6264 -13.0084 -3.8557 -24.3832 0.0000 0.0000 0.0000 -0.9781 0.7933 -6.7326 -0.9781 0.7933 -6.7326 -0.9781 0.7933 -6.7326 16.2648 -16.3106 3.1694 16.2648 -16.3106 3.1694 0.0000 0.0000 0.0000 61.4101 3.5101 -5.0771 32.6233 3.5843 11.3070 29.7176 -2.8081 -10.5564 10.8063 2.4120 25.0957 -15.9388 1.4842 -10.5721 1.5005 0.1032 7.8658 -0.5129 -0.0300 6.6999 4.8309 -0.0692 -1.6411 -5.9050 1.2090 -23.1230 -9.7888 -0.8056 9.3871 11.9205 -0.9613 -9.1880 -9.0695 -0.9144 11.4906 -1.1385 -0.0854 8.5844 -8.6677 -0.4804 6.3327 8.0141 0.3548 5.0614 -26.6157 -4.1794 17.5390 18.1194 0.2091 1.3113 -10.7449 1.7880 -18.8420 0.0000 0.0000 0.0000 -32.9862 -9.2574 29.8367 -25.9998 2.4162 -11.2351 -34.0644 -6.4681 20.9012 -20.5768 -0.0122 0.0674 18.2015 -1.3265 -8.2669 6.9472 -0.4338 -7.1368 -9.7048 0.7956 -9.3511 -8.4373 1.3631 -18.3225 24.0845 3.7686 17.5342 -4.7716 0.6827 -16.2754 -7.8374 -0.2512 3.6652 15.8083 -0.2108 -1.5181 -3.5474 0.6274 -20.0550 7.8630 0.2288 3.3282 -10.9843 -0.4377 4.5497 10.2867 -2.1641 -23.7018 13.4850 0.2659 2.2484 -15.8107 -2.0521 14.6991
6.4596 291.3629 122.4641 -5.3799 8.6187 3.2179 14.7478 -21.1973 -0.0232 16.1772 29.2959 -8.7641 -13.8640 23.9749 -22.7772 0.0000 0.0000 0.0000 -11.6409 -9.3707 -0.0119 -2.5603 20.0995 1.4208 -13.1892 -2.7614 -25.6813 0.0000 0.0000 0.0000 -1.1466 0.6709 -6.5456 -1.1466 0.6709 -6.5456 -1.1466 0.6709 -6.5456 16.1287 -16.3245 2.8999 16.1287 -16.3245 2.8999 0.0000 0.0000 0.0000 69.7382 3.5191 -5.9387 37.1481 4.0769 11.1936 25.0988 -3.0585 -13.6780 10.8063 2.4120 25.0957 -15.9388 1.4842 -10.5721 1.5005 0.1032 7.8658 -0.5129 -0.0300 6.6999 4.8309 -0.0692 -1.6411 -5.9050 1.2090 -23.1230 -9.7888 -0.8056 9.3871 11.9205 -0.9613 -9.1880 -9.0695 -0.9144 11.4906 -1.1385 -0.0854 8.5844 -8.6677 -0.4804 6.3327 8.0141 0.3548 5.0614 -26.6157 -4.1794 17.5390 18.1194 0.2091 1.3113 -10.7449 1.7880 -18.8420 0.0000 0.0000 0.0000 -42.0934 -11.1485 29.9681 -29.3373 3.4894 -14.1704 -31.9562 -5.7817 20.0038 -10.5806 0.7982 -8.6037 16.9478 -0.6039 -4.0518 1.2797 -0.0789 -7.0581 -7.3931 0.3972 -6.1421 -3.6189 0.7296 -22.7895 24.0633 5.9285 27.3118 -2.7407 0.1786 -7.4570 -1.6535 0.0715 -4.9518 14.4111 0.1325 1.0479 6.6863 -1.3142 -22.2152 10.8495 -0.3885 -4.0897 -7.8375 -0.1300 1.8981 22.5996 -4.8357 -23.8641 2.4906 0.1054 4.8456 -1.4810 0.0592 -4.5769
5.9126 287.7921 116.1065 -5.3782 10.0578 2.9024 14.8162 -23.5193 -0.0446 16.9631 30.1056 -9.2594 -13.3966 24.8734 -18.5352 0.0000 0.0000 0.0000 -13.7417 -13.8029 -0.2147 -0.0691 23.2876 0.8654 -14.8443 -2.7873 -28.7433 0.0000 0.0000 0.0000 -1.1070 0.7462 -6.7681 -1.1070 0.7462 -6.7681 -1.1070 0.7462 -6.7681 15.3876 -17.2222 3.0526 15.3876 -17.2222 3.0526 0.0000 0.0000 0.0000 75.7671 3.6475 -6.3473 42.8004 5.8905 14.0595 22.7740 -3.1056 -15.3318 12.1587 2.6960 24.9181 -13.1596 2.0309 -17.4720 -8.4712 -0.2308 3.1154 -5.1256 -1.3537 29.5717 4.7853 0.2966 7.0901 9.8004 -1.1932 -13.8505 -4.6560 -0.8057 19.6245 15.1931 0.8529 6.3884 -9.1544 -1.0700 13.3061 5.0341 0.9209 20.7213 -8.7634 -0.6174 8.0438 6.6236 0.9136 15.6905 -28.2412 -5.2310 20.5840 23.3023 1.7115 8.2861 -4.5891 0.2447 -6.1009 0.0000 0.0000 0.0000 -50.8920 -13.1577 30.1164 -32.6395 5.4816 -19.6913 -28.4884 -5.2127 20.3321 -20.6729 1.7974 -9.8312 28.7202 1.1888 4.6409 23.6787 1.3057 6.2230 -0.7505 0.0639 -9.7384 -4.8473 1.1484 -26.6436 19.4639 1.2136 7.0676 3.8705 -0.4198 -12.3759 6.6558 -0.8993 -15.3739 2.8604 -0.0710 -2.8429 5.5772 -1.0954 -22.2082 6.6536 -0.2481 -4.2667 -9.7666 -0.0302 0.3540 11.2820 -0.9607 -9.7030 8.7716 -0.6745 -8.7774 6.1410 0.6076 11.2898
5.3346 284.3566 111.9984 -5.1373 10.4381 2.6250 15.4470 -25.1805 0.0830 18.0922 31.1041 -9.9494 -13.4655 28.8204 -10.0920 0.0000 0.0000 0.0000 -16.4332 -16.5747 -0.6476 4.1764 25.8545 -0.3964 -16.3196 -2.5636 -31.6351 0.0000 0.0000 0.0000 -1.4014 0.8545 -7.1319 -1.4014 0.8545 -7.1319 -1.4014 0.8545 -7.1319 15.2193 -17.6980 2.9639 15.2193 -17.6980 2.9639 0.0000 0.0000 0.0000 80.0884 3.5075 -6.8489 44.9547 7.0370 16.0068 21.0325 -3.0125 -16.1245 15.7603 1.7728 12.7565 -7.7296 1.1800 -17.3348 -8.9168 -0.9397 12.0078 -4.0533 -0.7472 20.8818 9.1452 0.4388 5.4819 11.9655 -3.5099 -32.5940 -5.5390 -1.1259 22.9636 10.5486 -1.4951 -16.0903 -3.7893 -0.6553 19.6164 -4.9451 -0.8946 20.4957 -7.5329 0.2453 -3.7249 15.6295 0.9773 7.1118 -26.2865 -5.5151 23.3103 11.5142 -0.7094 -7.0277 14.4209 -1.4968 -11.7903 0.0000 0.0000 0.0000 -56.9408 -15.3760 31.2312 -34.3172 6.9917 -23.6595 -25.3935 -4.7630 20.9172 -13.9840 1.5600 -12.6684 26.7500 0.7687 3.2321 16.0294 -0.7136 -5.0648 9.0841 -0.9093 -11.4086 -6.6328 0.6189 -10.6502 12.6518 0.3708 3.3438 5.6492 -0.5698 -11.5099 -1.5564 0.0394 -2.9013 4.4344 -0.0400 -1.0328 7.4965 -0.6013 -9.1595 -5.5275 0.3961 -8.1921 -4.7383 0.1111 -2.6849 12.0954 0.8685 8.1833 -2.6680 0.5542 -23.4638 -8.3802 -0.4560 6.2188
4.6609 281.9734 106.5964 -4.4969 9.0371 2.3331 15.2278 -26.9601 0.0088 17.4327 35.0152 -10.7370 -14.4269 30.8421 -11.9612 0.0000 0.0000 0.0000 -18.9210 -21.0994 -1.2557 7.1666 32.0492 -1.5124 -16.6023 -2.4010 -32.2963 0.0000 0.0000 0.0000 -1.4558 0.8295 -7.3652 -1.4558 0.8295 -7.3652 -1.4558 0.8295 -7.3652 15.4512 -17.4931 3.0108 15.4512 -17.4931 3.0108 0.0000 0.0000 0.0000 80.3473 2.7156 -7.6431 43.8755 6.7552 15.7741 19.6744 -2.8161 -16.1361 23.8793 0.6977 3.2987 -9.1578 0.1151 -1.4368 -18.4896 -0.1351 0.8300 4.2865 0.4870 12.9589 2.4280 0.2732 12.8359 8.9451 -2.1314 -26.7552 -5.1832 -0.8475 18.5610 16.4309 -0.5264 -3.6445 1.6525 -0.0080 -0.5539 -5.0196 -0.8267 18.6930 2.6788 -0.0064 -0.2753 13.7024 0.3617 3.0099 -25.3972 -4.7491 20.8545 10.5394 -1.0504 -11.3515 22.1267 -0.9049 -4.6255 0.0000 0.0000 0.0000 -57.1530 -16.5617 32.8247 -35.6110 7.3025 -23.7134 -23.7889 -4.5072 21.1653 -17.3458 -0.0823 0.5394 24.1123 0.1950 0.9129 18.0025 -0.2099 -1.3250 7.1861 -0.2661 -4.2353 0.9451 -0.1103 -13.3116 16.9671 2.9997 19.9128 6.3737 0.1374 2.4676 4.9391 -0.1210 -2.8049 -2.6225 -0.0411 1.7958 3.9660 -0.2083 -6.0093 -2.9556 0.0276 -1.0701 -2.5298 -0.0463 2.0953 15.3739 -0.8724 -6.4565 -0.2947 -0.0087 3.3845 -3.7201 -0.1944 5.9819
4.1400 281.3143 102.0329 -4.5950 8.5482 1.7035 16.0823 -24.8743 0.2385 16.9577 33.6480 -10.1801 -14.5610 29.2368 -18.0276 0.0000 0.0000 0.0000 -17.2471 -17.4440 -0.8056 5.1100 29.2069 -0.7208 -16.6205 -2.8205 -31.9336 0.0000 0.0000 0.0000 -1.4273 0.7180 -6.8773 -1.4273 0.7180 -6.8773 -1.4273 0.7180 -6.8773 15.3372 -17.0805 2.8544 15.3372 -17.0805 2.8544 0.0000 0.0000 0.0000 80.4729 1.4211 -8.9140 37.9480 5.8113 15.8965 20.3168 -2.9687 -16.4581 29.3282 2.3163 8.8353 -2.6025 0.2998 -13.1409 -18.8754 -2.2171 13.2798 -1.8311 -0.3062 18.9847 7.7876 0.3150 4.6251 18.9303 -2.2378 -13.3634 -10.6188 -1.4782 15.8058 25.4539 0.3471 1.5366 -3.4384 -0.1119 3.7275 -6.5249 -1.0867 18.8914 6.4094 0.0760 1.3566 10.6834 0.0936 1.0012 -21.5606 -4.1464 21.5293 9.2429 0.0075 0.0932 18.1609 -0.5165 -3.2310 0.0000 0.0000 0.0000 -54.7719 -16.7286 34.0342 -35.0666 6.8302 -22.5907 -22.9382 -4.4114 21.4975 -26.4182 -2.1580 9.1753 27.1089 -1.2580 -5.2146 24.1480 0.3087 1.4431 0.3211 -0.0189 -6.7447 6.7883 -0.4510 -7.5933 12.5598 2.3332 20.9680 0.7906 0.0128 1.8591 5.4970 -0.4244 -8.8222 6.8353 1.0448 17.3617 -0.4972 0.0282 -6.4868 5.5237 0.0480 0.9959 -16.2484 -0.9580 6.7034 9.5723 -0.5574 -6.6493 12.2923 1.1164 10.3399 -18.7850 -1.5278 9.2166
3.6123 282.1055 97.9726 -4.7007 8.3570 1.7473 15.0881 -21.2456 0.0466 17.7174 30.7624 -9.7150 -14.3003 28.2352 -18.2727 0.0000 0.0000 0.0000 -15.8703 -13.5344 -0.5017 3.5146 25.8141 -0.1851 -15.5624 -2.3542 -30.4601 0.0000 0.0000 0.0000 -1.3214 0.6692 -6.5812 -1.3214 0.6692 -6.5812 -1.3214 0.6692 -6.5812 15.1977 -16.4614 2.7953 15.1977 -16.4614 2.7953 0.0000 0.0000 0.0000 77.2525 2.6061 -7.5498 35.1401 5.2379 15.5410 22.6303 -3.2399 -16.0897 32.7487 -0.9856 -3.3535 -17.5691 0.4414 -2.8558 -39.9327 -5.4955 15.0508 -4.3745 0.0116 -0.3036 7.1991 -0.4851 -7.7003 15.2087 -4.1879 -30.6314 -10.9974 0.2795 -2.9032 19.3339 -3.1945 -18.5936 -2.8587 0.0947 -3.7953 -8.1160 0.2020 -2.8474 2.9421 -0.4183 -16.1817 12.1468 -0.7109 -6.6739 -23.8750 -1.7264 8.1528 18.5973 -2.7744 -16.8262 12.3060 -0.8537 -7.9066 0.0000 0.0000 0.0000 -49.4581 -14.5371 32.8886 -36.1960 6.0882 -19.4968 -24.5312 -4.6625 21.2120 -25.1223 -1.0252 4.5990 24.4768 -1.0687 -4.9242 20.9648 -1.0514 -5.6782 5.5882 -0.1420 -2.9082 3.2502 -0.2051 -7.2191 14.7661 2.2858 17.5051 4.5363 0.0808 2.0395 9.0317 0.0460 0.5828 2.5510 0.2059 9.2284 7.7001 -0.0425 -0.6322 -2.4074 0.0407 -1.9382 -5.7066 -0.2223 4.4581 22.2512 -0.3935 -2.0007 4.0846 0.1389 3.8923 -8.6551 -0.7660 10.0968
3.2960 283.6230 94.9112 -4.3474 8.1859 -0.0364 14.4830 -18.1573 -0.0227 16.7859 28.9268 -8.8905 -14.2974 24.4518 -24.7865 0.0000 0.0000 0.0000 -13.8126 -10.0594 -0.2249 -0.6654 21.9605 0.9869 -14.6365 -2.9045 -28.2535 0.0000 0.0000 0.0000 -1.2288 0.5281 -5.9881 -1.2288 0.5281 -5.9881 -1.2288 0.5281 -5.9881 15.1015 -15.5987 3.0137 15.1015 -15.5987 3.0137 0.0000 0.0000 0.0000 71.0070 2.5480 -7.1759 33.8343 4.4162 13.5511 22.6833 -3.1641 -15.6804 14.4193 0.2085 1.6481 -18.6551 -0.1461 0.8893 -11.3789 0.8038 -8.0551 -6.5437 0.3250 -5.6799 3.6651 -0.8845 -27.1283 -16.5307 -4.8255 32.3502 -0.8890 0.0339 -4.3654 -16.0346 -0.3385 2.4031 27.8500 -1.8310 -7.3754 -4.8421 0.4936 -11.6335 -0.9485 -0.0282 3.4044 15.6133 -1.5454 -11.2363 -25.7242 3.4235 -14.9131 8.1684 1.6146 22.3262 -1.9874 -0.1150 6.6251 0.0000 0.0000 0.0000 -42.8084 -12.9584 33.0472 -34.3253 4.5501 -15.5094 -27.1247 -5.1322 21.0494 -25.1223 -1.0252 4.5990 24.4768 -1.0687 -4.9242 20.9648 -1.0514 -5.6782 5.5882 -0.1420 -2.9082 3.2502 -0.2051 -7.2191 14.7661 2.2858 17.5051 4.5363 0.0808 2.0395 9.0317 0.0460 0.5828 2.5510 0.2059 9.2284 7.7001 -0.0425 -0.6322 -2.4074 0.0407 -1.9382 -5.7066 -0.2223 4.4581 22.2512 -0.3935 -2.0007 4.0846 0.1389 3.8923 -8.6551 -0.7660 10.0968
2.9576 285.8381 92.3091 -4.8201 7.5034 0.3709 13.7585 -15.5889 -0.0902 16.9243 27.7913 -8.6477 -14.4925 22.5325 -28.1304 0.0000 0.0000 0.0000 -10.2636 -7.6285 0.0690 -4.5523 19.1029 1.8851 -13.9019 -2.4826 -27.2728 0.0000 0.0000 0.0000 -1.2188 0.5528 -5.8258 -1.2188 0.5528 -5.8258 -1.2188 0.5528 -5.8258 15.0479 -15.2800 2.7066 15.0479 -15.2800 2.7066 0.0000 0.0000 0.0000 63.2995 2.4847 -6.6424 33.3279 3.6552 11.2709 23.2951 -2.8274 -13.6538 14.4193 0.2085 1.6481 -18.6551 -0.1461 0.8893 -11.3789 0.8038 -8.0551 -6.5437 0.3250 -5.6799 3.6651 -0.8845 -27.1283 -16.5307 -4.8255 32.3502 -0.8890 0.0339 -4.3654 -16.0346 -0.3385 2.4031 27.8500 -1.8310 -7.3754 -4.8421 0.4936 -11.6335 -0.9485 -0.0282 3.4044 15.6133 -1.5454 -11.2363 -25.7242 3.4235 -14.9131 8.1684 1.6146 22.3262 -1.9874 -0.1150 6.6251 0.0000 0.0000 0.0000 -34.1915 -11.9144 35.2526 -29.1956 3.0938 -12.6437 -29.9234 -6.0129 22.2379 -21.6006 3.9589 -20.5381 16.3473 0.7415 5.1594 12.4199 -0.2042 -1.8762 -2.0515 0.3725 -20.5803 0.0652 -0.0107 -18.6889 1.7086 0.0692 4.6393 -2.5749 0.5496 -24.0952 -3.1654 0.0688 -2.4883 -4.3148 0.3374 -8.9387 -4.4944 1.0493 -26.2701 0.7071 -0.0313 -5.0743 -10.4532 -0.1916 2.0948 0.7114 -0.1158 -18.4887 3.1617 -0.2670 -9.6532 -9.8632 -1.2356 14.2470
2.5657 288.3806 90.6896 -5.2940 6.4410 0.6139 12.4215 -13.3105 -0.2181 16.7022 26.5591 -8.2558 -14.1427 22.2791 -26.4329 0.0000 0.0000 0.0000 -7.7296 -6.0108 0.1931 -6.2939 17.0431 2.1564 -13.0952 -1.9821 -26.2064 0.0000 0.0000 0.0000 -1.2722 0.6062 -5.8195 -1.2722 0.6062 -5.8195 -1.2722 0.6062 -5.8195 14.9505 -14.5178 2.2967 14.9505 -14.5178 2.2967 0.0000 0.0000 0.0000 55.2396 2.8421 -5.3337 27.5967 2.6977 10.0543 23.3489 -2.2684 -10.9462 14.4193 0.2085 1.6481 -18.6551 -0.1461 0.8893 -11.3789 0.8038 -8.0551 -6.5437 0.3250 -5.6799 3.6651 -0.8845 -27.1283 -16.5307 -4.8255 32.3502 -0.8890 0.0339 -4.3654 -16.0346 -0.3385 2.4031 27.8500 -1.8310 -7.3754 -4.8421 0.4936 -11.6335 -0.9485 -0.0282 3.4044 15.6133 -1.5454 -11.2363 -25.7242 3.4235 -14.9131 8.1684 1.6146 22.3262 -1.9874 -0.1150 6.6251 0.0000 0.0000 0.0000 -23.2182 -9.9627 37.3460 -24.3005 2.0728 -10.3917 -32.4264 -7.1024 24.0954 -21.6006 3.9589 -20.5381 16.3473 0.7415 5.1594 12.4199 -0.2042 -1.8762 -2.0515 0.3725 -20.5803 0.0652 -0.0107 -18.6889 1.7086 0.0692 4.6393 -2.5749 0.5496 -24.0952 -3.1654 0.0688 -2.4883 -4.3148 0.3374 -8.9387 -4.4944 1.0493 -26.2701 0.7071 -0.0313 -5.0743 -10.4532 -0.1916 2.0948 0.7114 -0.1158 -18.4887 3.1617 -0.2670 -9.6532 -9.8632 -1.2356 14.2470
2.1706 291.2783 89.6717 -5.6367 8.4966 3.7000 10.3713 -14.3331 -0.5550 15.9349 23.9179 -7.3440 -13.7483 18.5453 -27.8454 0.0000 0.0000 0.0000 -3.6357 -5.0918 0.3940 -7.8119 14.2916 2.2446 -12.2252 -2.2295 -24.3175 0.0000 0.0000 0.0000 -1.0277 0.6017 -5.9834 -1.0277 0.6017 -5.9834 -1.0277 0.6017 -5.9834 15.2955 -14.6837 2.9570 15.2955 -14.6837 2.9570 0.0000 0.0000 0.0000 46.1126 5.4802 0.6879 17.0080 1.6593 10.1646 26.9891 -2.1456 -8.9238 14.4193 0.2085 1.6481 -18.6551 -0.1461 0.8893 -11.3789 0.8038 -8.0551 -6.5437 0.3250 -5.6799 3.6651 -0.8845 -27.1283 -16.5307 -4.8255 32.3502 -0.8890 0.0339 -4.3654 -16.0346 -0.3385 2.4031 27.8500 -1.8310 -7.3754 -4.8421 0.4936 -11.6335 -0.9485 -0.0282 3.4044 15.6133 -1.5454 -11.2363 -25.7242 3.4235 -14.9131 8.1684 1.6146 22.3262 -1.9874 -0.1150 6.6251 0.0000 0.0000 0.0000 -13.9503 -7.0205 34.8468 -18.3839 1.0630 -7.2829 -33.2972 -7.6616 25.2429 -28.9449 -0.0384 0.1488 24.0789 -0.0565 -0.2649 30.7340 -2.5925 -9.4136 14.1568 -0.1495 -1.2038 1.2347 -0.1094 -10.1277 12.8879 2.0159 17.7077 9.3989 0.1652 2.0098 4.5897 -0.2229 -5.5578 4.9224 0.2987 6.9418 5.6094 -0.1674 -3.4167 0.9701 -0.0481 -5.6713 -2.5968 -0.0314 1.3850 8.3692 0.1121 1.5319 -1.5589 0.0429 -3.1544 1.0966 0.0589 6.1505
1.8515 293.7827 89.0220 -6.7974 9.7175 5.7956 8.9453 -15.5266 -0.8439 15.3005 23.2809 -6.9922 -13.5367 17.4655 -27.7185 0.0000 0.0000 0.0000 1.1922 -5.5538 0.7516 -9.7097 13.8259 2.6112 -10.7304 -3.0889 -20.6720 0.0000 0.0000 0.0000 -0.5812 0.6515 -6.2496 -0.5812 0.6515 -6.2496 -0.5812 0.6515 -6.2496 15.5614 -14.8153 2.9527 15.5614 -14.8153 2.9527 0.0000 0.0000 0.0000 37.6844 6.0134 4.2761 10.5603 0.9363 9.2066 27.5985 -1.9339 -7.8622 14.4193 0.2085 1.6481 -18.6551 -0.1461 0.8893 -11.3789 0.8038 -8.0551 -6.5437 0.3250 -5.6799 3.6651 -0.8845 -27.1283 -16.5307 -4.8255 32.3502 -0.8890 0.0339 -4.3654 -16.0346 -0.3385 2.4031 27.8500 -1.8310 -7.3754 -4.8421 0.4936 -11.6335 -0.9485 -0.0282 3.4044 15.6133 -1.5454 -11.2363 -25.7242 3.4235 -14.9131 8.1684 1.6146 22.3262 -1.9874 -0.1150 6.6251 0.0000 0.0000 0.0000 -2.6428 -4.4918 34.3334 -15.7251 0.5455 -4.4637 -31.7387 -7.7992 26.9681 -28.9449 -0.0384 0.1488 24.0789 -0.0565 -0.2649 30.7340 -2.5925 -9.4136 14.1568 -0.1495 -1.2038 1.2347 -0.1094 -10.1277 12.8879 2.0159 17.7077 9.3989 0.1652 2.0098 4.5897 -0.2229 -5.5578 4.9224 0.2987 6.9418 5.6094 -0.1674 -3.4167 0.9701 -0.0481 -5.6713 -2.5968 -0.0314 1.3850 8.3692 0.1121 1.5319 -1.5589 0.0429 -3.1544 1.0966 0.0589 6.1505
1.0389 296.5738 81.0042 -7.8537 12.0074 8.1083 7.4457 -17.8801 -1.2694 14.4365 21.5125 -6.3168 -13.2060 15.4786 -27.7338 0.0000 0.0000 0.0000 4.7777 -8.1324 1.4117 -11.0188 12.8579 2.7712 -10.0279 -3.6743 -18.8119 0.0000 0.0000 0.0000 0.0091 0.6485 -6.6006 0.0091 0.6485 -6.6006 0.0091 0.6485 -6.6006 15.7953 -15.4768 3.6651 15.7953 -15.4768 3.6651 0.0000 0.0000 0.0000 26.3299 5.4037 7.7332 5.0372 0.3417 6.8586 30.5747 -1.9546 -7.1426 0.0000 0.0000 0.0000 0.0000 0.0000 0.0000 0.0000 0.0000 0.0000 0.0000 0.0000 0.0000 0.0000 0.0000 0.0000 0.0000 0.0000 0.0000 0.0000 0.0000 0.0000 0.0000 0.0000 0.0000 0.0000 0.0000 0.0000 0.0000 0.0000 0.0000 0.0000 0.0000 0.0000 0.0000 0.0000 0.0000 0.0000 0.0000 0.0000 0.0000 0.0000 0.0000 0.0000 0.0000 0.0000 0.0000 0.0000 0.0000 8.0407 -2.2168 32.9554 -14.7851 0.1963 -1.7242 -32.2537 -9.0508 30.6173 -34.0193 7.5736 -24.4170 43.1061 2.4237 6.1314 18.4617 1.7508 10.7421 3.3202 -0.7999 -27.0833 -11.8062 4.0888 -38.0945 14.1432 -2.4402 -19.4836 2.7143 -0.7675 -31.5711 0.9908 -0.3609 -40.0226 -20.5787 1.3797 -7.5893 1.5695 -0.5138 -36.2535 -9.0902 2.9274 -35.6377 -5.6111 0.4896 -9.9658 0.6991 -0.2153 -34.2347 -12.7162 2.5409 -22.5130 -8.0018 0.8044 -11.4631
0.2862 298.7927 73.9899 -9.3469 13.9322 10.5750 6.1506 -20.5157 -1.7449 14.8106 20.2847 -6.1367 -13.0203 14.2179 -27.8258 0.0000 0.0000 0.0000 8.6283 -10.7190 2.2739 -12.2106 13.0621 3.0521 -9.6369 -5.6837 -16.4788 0.0000 0.0000 0.0000 0.6052 0.7141 -7.1213 0.6052 0.7141 -7.1213 0.6052 0.7141 -7.1213 15.6402 -16.6694 3.2768 15.6402 -16.6694 3.2768 0.0000 0.0000 0.0000 14.2439 3.6129 9.4797 -2.8299 -0.1260 4.1997 33.4895 -2.0980 -6.9655 0.0000 0.0000 0.0000 0.0000 0.0000 0.0000 0.0000 0.0000 0.0000 0.0000 0.0000 0.0000 0.0000 0.0000 0.0000 0.0000 0.0000 0.0000 0.0000 0.0000 0.0000 0.0000 0.0000 0.0000 0.0000 0.0000 0.0000 0.0000 0.0000 0.0000 0.0000 0.0000 0.0000 0.0000 0.0000 0.0000 0.0000 0.0000 0.0000 0.0000 0.0000 0.0000 0.0000 0.0000 0.0000 0.0000 0.0000 0.0000 19.4759 -0.0113 32.8776 -13.6119 -0.0775 0.7492 -31.9293 -10.0069 34.0317 -22.3618 4.3598 -21.8011 41.1769 2.1505 5.7208 15.5225 0.2582 1.8945 13.0141 -3.4717 -29.7590 -8.3727 2.7213 -35.9563 27.9750 0.2281 0.9157 10.1173 -3.3773 -36.8404 -0.6223 0.1493 -26.9735 -7.6525 0.6644 -9.9090 4.6479 -1.7725 -41.7313 1.0580 -0.2346 -25.0054 -8.7775 1.0659 -13.8207 8.0002 -3.0047 -41.1171 -14.5344 1.5060 -11.7691 7.0669 -1.0754 -17.2842
-0.6393 300.2319 67.2193 -10.2303 15.2715 12.1997 4.9498 -21.6938 -2.1108 15.4690 21.0616 -6.5080 -13.6236 14.0875 -30.2985 0.0000 0.0000 0.0000 11.9844 -11.5349 2.8475 -13.5407 12.9904 3.3256 -9.1271 -7.4089 -14.2422 0.0000 0.0000 0.0000 1.1871 0.6925 -7.4265 1.1871 0.6925 -7.4265 1.1871 0.6925 -7.4265 15.5387 -18.2990 2.9723 15.5387 -18.2990 2.9723 0.0000 0.0000 0.0000 3.7498 1.7702 10.5932 -10.5949 -0.1135 0.3248 31.0193 -2.2475 -8.0865 -12.0735 -3.5909 33.0218 11.0987 -2.1357 -21.7206 -30.9817 -2.5592 9.2157 -7.6779 -3.7900 52.4931 -32.5184 -11.5071 38.1175 -30.5988 -7.0083 25.2349 -31.6927 -9.4276 32.3974 -43.5433 -14.1672 34.5654 -18.3775 -2.3948 14.7249 -52.6343 -5.7262 11.5479 -50.0167 -3.0565 6.5465 -27.3222 -3.3868 13.8703 -66.0868 18.1307 -27.5634 -28.1050 -2.4509 9.7696 -2.5139 -0.0615 2.8007 0.0000 0.0000 0.0000 28.9197 1.7729 32.5181 -12.7531 -0.3477 3.6242 -28.7566 -10.2729 38.6459 -9.7874 0.3955 -4.6165 30.2886 2.0818 7.6811 27.5913 -0.7838 -3.1914 31.3460 -1.0367 -3.6937 4.3905 -0.9697 -24.8986 24.0058 4.6614 21.6745 23.9083 -1.5878 -7.4892 15.4652 -1.8420 -13.5042 2.8389 0.1121 4.5216 18.9380 -2.2797 -13.6060 13.6812 -1.2934 -10.7507 3.5291 -0.6158 -19.7913 17.5319 -1.3040 -8.4414 -3.5380 0.0858 -2.7761 11.6142 -1.6296 -15.9217
-1.5181 300.5081 60.3019 -11.0795 14.3812 11.7629 4.3434 -21.5538 -2.2250 15.4175 20.4253 -6.3402 -13.6129 13.7852 -30.4254 0.0000 0.0000 0.0000 15.1434 -13.6212 3.7820 -14.2784 14.4709 3.7197 -9.6679 -7.2859 -15.3620 0.0000 0.0000 0.0000 1.4187 0.7586 -7.6135 1.4187 0.7586 -7.6135 1.4187 0.7586 -7.6135 16.0117 -17.2585 3.1361 16.0117 -17.2585 3.1361 0.0000 0.0000 0.0000 -4.3866 -0.0615 6.5216 -14.1856 -0.5891 3.8328 23.7415 -1.8909 -8.9783 -12.0735 -3.5909 33.0218 11.0987 -2.1357 -21.7206 -30.9817 -2.5592 9.2157 -7.6779 -3.7900 52.4931 -32.5184 -11.5071 38.1175 -30.5988 -7.0083 25.2349 -31.6927 -9.4276 32.3974 -43.5433 -14.1672 34.5654 -18.3775 -2.3948 14.7249 -52.6343 -5.7262 11.5479 -50.0167 -3.0565 6.5465 -27.3222 -3.3868 13.8703 -66.0868 18.1307 -27.5634 -28.1050 -2.4509 9.7696 -2.5139 -0.0615 2.8007 0.0000 0.0000 0.0000 37.9431 4.2034 35.4106 -10.3833 -0.1260 1.6787 -21.0994 -8.3653 42.8778 -19.4822 4.8777 -27.8674 41.0310 6.1343 16.2982 24.0934 3.9150 18.1978 27.6549 -7.4376 -29.5850 4.0033 -1.3923 -38.3413 19.3036 1.3622 7.9971 15.3404 -5.3223 -38.0812 19.0271 -5.1104 -29.8226 -0.6728 0.0598 -10.1609 13.6113 -6.5622 -51.3164 18.1963 -3.3315 -20.5851 -8.1186 1.0301 -14.4380 15.8475 -6.2438 -42.7967 4.7016 -0.4474 -10.8662 7.2085 -1.2128 -19.0767
-2.4273 300.0139 52.3967 -11.9530 14.4447 14.2302 3.2016 -22.6119 -2.5949 16.1629 20.6764 -6.6122 -14.6681 14.0298 -34.4896 0.0000 0.0000 0.0000 15.2204 -15.6663 4.3285 -11.8824 15.7442 3.3543 -9.2586 -9.8690 -12.8223 0.0000 0.0000 0.0000 2.1221 0.7463 -8.1853 2.1221 0.7463 -8.1853 2.1221 0.7463 -8.1853 16.3994 -17.4686 3.8612 16.3994 -17.4686 3.8612 0.0000 0.0000 0.0000 -13.1360 -1.3594 2.4987 -16.1486 -0.7058 4.0736 19.7771 -1.7385 -9.9485 -12.0735 -3.5909 33.0218 11.0987 -2.1357 -21.7206 -30.9817 -2.5592 9.2157 -7.6779 -3.7900 52.4931 -32.5184 -11.5071 38.1175 -30.5988 -7.0083 25.2349 -31.6927 -9.4276 32.3974 -43.5433 -14.1672 34.5654 -18.3775 -2.3948 14.7249 -52.6343 -5.7262 11.5479 -50.0167 -3.0565 6.5465 -27.3222 -3.3868 13.8703 -66.0868 18.1307 -27.5634 -28.1050 -2.4509 9.7696 -2.5139 -0.0615 2.8007 0.0000 0.0000 0.0000 46.5074 6.2571 35.6752 -10.9065 -0.0873 1.0953 -17.6591 -7.6992 46.8431 -19.2805 1.9990 -11.7287 36.0807 4.5460 13.8966 19.1885 0.7080 4.1864 20.0938 -4.1898 -23.3312 1.5419 -0.3676 -26.8147 22.4932 1.4949 7.5072 10.7644 -2.5505 -26.5880 10.6486 -1.2040 -12.8650 -11.3688 2.8090 -27.6753 11.3661 -3.2839 -32.1379 0.0041 -0.0008 -21.8689 -4.9017 0.4226 -9.8489 11.8045 -2.9394 -27.8757 -1.3442 0.1244 -10.5737 5.0712 -0.2484 -5.6056
-3.6337 299.1252 36.4613 -12.3596 15.2765 13.6561 2.6164 -23.2226 -2.8020 17.0055 21.1241 -6.9663 -14.8954 13.2130 -35.7123 0.0000 0.0000 0.0000 15.4753 -17.0130 4.7271 -10.2423 15.7336 2.9654 -9.6906 -9.4786 -13.8862 0.0000 0.0000 0.0000 2.4109 0.7151 -8.3359 2.4109 0.7151 -8.3359 2.4109 0.7151 -8.3359 16.3445 -17.4085 3.8280 16.3445 -17.4085 3.8280 0.0000 0.0000 0.0000 -22.6785 -2.1383 -1.2007 -15.1939 -0.8453 5.4331 13.6164 -1.5012 -12.5245 -12.0735 -3.5909 33.0218 11.0987 -2.1357 -21.7206 -30.9817 -2.5592 9.2157 -7.6779 -3.7900 52.4931 -32.5184 -11.5071 38.1175 -30.5988 -7.0083 25.2349 -31.6927 -9.4276 32.3974 -43.5433 -14.1672 34.5654 -18.3775 -2.3948 14.7249 -52.6343 -5.7262 11.5479 -50.0167 -3.0565 6.5465 -27.3222 -3.3868 13.8703 -66.0868 18.1307 -27.5634 -28.1050 -2.4509 9.7696 -2.5139 -0.0615 2.8007 0.0000 0.0000 0.0000 53.5225 8.1354 36.1456 -10.0687 -0.0861 1.1913 -8.8229 -3.9894 48.5940 -31.2700 6.6854 -23.5769 28.4766 3.9995 15.6693 23.6137 0.8693 4.1568 17.4014 -3.2307 -20.8821 -5.2463 1.8625 -39.0697 22.0514 4.2409 21.5189 4.3326 -1.2764 -32.8162 17.3333 -0.0328 -0.2150 -10.2147 3.2820 -35.5449 7.3125 -2.4250 -36.6525 9.8047 -1.1483 -13.3276 -16.1361 0.9051 -6.3783 12.1329 -3.0272 -27.9246 -8.0668 1.3131 -18.4613 4.6475 0.3388 8.3348
-5.2501 297.9181 14.5427 -11.5333 13.4947 10.2352 2.6837 -20.3787 -2.4319 17.1804 19.6462 -6.6381 -15.5132 13.9076 -37.9159 0.0000 0.0000 0.0000 16.7640 -15.0516 4.4117 -9.7416 15.1418 2.7763 -10.7960 -7.6489 -17.2290 0.0000 0.0000 0.0000 1.8282 0.7119 -7.5967 1.8282 0.7119 -7.5967 1.8282 0.7119 -7.5967 15.8191 -15.6823 4.0166 15.8191 -15.6823 4.0166 0.0000 0.0000 0.0000 -31.3832 -2.3913 -4.1545 -13.5466 -1.0401 7.8419 4.7185 -0.5716 -13.8065 -12.0735 -3.5909 33.0218 11.0987 -2.1357 -21.7206 -30.9817 -2.5592 9.2157 -7.6779 -3.7900 52.4931 -32.5184 -11.5071 38.1175 -30.5988 -7.0083 25.2349 -31.6927 -9.4276 32.3974 -43.5433 -14.1672 34.5654 -18.3775 -2.3948 14.7249 -52.6343 -5.7262 11.5479 -50.0167 -3.0565 6.5465 -27.3222 -3.3868 13.8703 -66.0868 18.1307 -27.5634 -28.1050 -2.4509 9.7696 -2.5139 -0.0615 2.8007 0.0000 0.0000 0.0000 63.4788 9.6013 33.8483 -10.3018 -0.1173 1.5779 3.2976 1.4174 46.5097 -31.2700 6.6854 -23.5769 28.4766 3.9995 15.6693 23.6137 0.8693 4.1568 17.4014 -3.2307 -20.8821 -5.2463 1.8625 -39.0697 22.0514 4.2409 21.5189 4.3326 -1.2764 -32.8162 17.3333 -0.0328 -0.2150 -10.2147 3.2820 -35.5449 7.3125 -2.4250 -36.6525 9.8047 -1.1483 -13.3276 -16.1361 0.9051 -6.3783 12.1329 -3.0272 -27.9246 -8.0668 1.3131 -18.4613 4.6475 0.3388 8.3348
-7.1144 296.5466 -6.8848 -11.1774 14.1173 10.2230 2.5208 -20.9606 -2.5381 15.5555 18.2069 -5.8436 -13.1667 13.8782 -28.6178 0.0000 0.0000 0.0000 17.4825 -14.8432 4.4671 -9.7260 12.8239 2.4945 -11.2888 -7.2843 -18.4182 0.0000 0.0000 0.0000 1.7991 0.7238 -7.4681 1.7991 0.7238 -7.4681 1.7991 0.7238 -7.4681 15.5251 -16.1703 4.7016 15.5251 -16.1703 4.7016 0.0000 0.0000 0.0000 -41.6491 -2.3297 -6.8469 -9.2617 -0.7687 8.5702 -1.9934 0.2889 -16.4904 0.0000 0.0000 0.0000 0.0000 0.0000 0.0000 0.0000 0.0000 0.0000 0.0000 0.0000 0.0000 0.0000 0.0000 0.0000 0.0000 0.0000 0.0000 0.0000 0.0000 0.0000 0.0000 0.0000 0.0000 0.0000 0.0000 0.0000 0.0000 0.0000 0.0000 0.0000 0.0000 0.0000 0.0000 0.0000 0.0000 0.0000 0.0000 0.0000 0.0000 0.0000 0.0000 0.0000 0.0000 0.0000 0.0000 0.0000 0.0000 70.1200 11.2187 33.7524 -10.8923 -0.2375 2.9848 10.4087 4.1431 43.3177 -31.2700 6.6854 -23.5769 28.4766 3.9995 15.6693 23.6137 0.8693 4.1568 17.4014 -3.2307 -20.8821 -5.2463 1.8625 -39.0697 22.0514 4.2409 21.5189 4.3326 -1.2764 -32.8162 17.3333 -0.0328 -0.2150 -10.2147 3.2820 -35.5449 7.3125 -2.4250 -36.6525 9.8047 -1.1483 -13.3276 -16.1361 0.9051 -6.3783 12.1329 -3.0272 -27.9246 -8.0668 1.3131 -18.4613 4.6475 0.3388 8.3348
-8.5115 294.9249 -17.5929 -11.3431 14.8591 10.6250 2.0729 -21.8314 -2.7446 15.4941 18.0374 -5.7868 -11.6183 11.3506 -24.4542 0.0000 0.0000 0.0000 17.4542 -15.0360 4.5172 -8.6898 10.9344 2.0672 -13.5756 -7.5120 -22.4434 0.0000 0.0000 0.0000 2.0121 0.7226 -7.1941 2.0121 0.7226 -7.1941 2.0121 0.7226 -7.1941 15.5664 -16.6939 5.6620 15.5664 -16.6939 5.6620 0.0000 0.0000 0.0000 -50.1633 -2.0603 -8.6364 -7.7054 -0.4836 6.2724 -8.3800 1.4306 -19.3426 0.0000 0.0000 0.0000 0.0000 0.0000 0.0000 0.0000 0.0000 0.0000 0.0000 0.0000 0.0000 0.0000 0.0000 0.0000 0.0000 0.0000 0.0000 0.0000 0.0000 0.0000 0.0000 0.0000 0.0000 0.0000 0.0000 0.0000 0.0000 0.0000 0.0000 0.0000 0.0000 0.0000 0.0000 0.0000 0.0000 0.0000 0.0000 0.0000 0.0000 0.0000 0.0000 0.0000 0.0000 0.0000 0.0000 0.0000 0.0000 75.6747 11.9380 32.5530 -10.3366 -0.3044 4.0752 15.2792 5.7637 41.1426 -31.2700 6.6854 -23.5769 28.4766 3.9995 15.6693 23.6137 0.8693 4.1568 17.4014 -3.2307 -20.8821 -5.2463 1.8625 -39.0697 22.0514 4.2409 21.5189 4.3326 -1.2764 -32.8162 17.3333 -0.0328 -0.2150 -10.2147 3.2820 -35.5449 7.3125 -2.4250 -36.6525 9.8047 -1.1483 -13.3276 -16.1361 0.9051 -6.3783 12.1329 -3.0272 -27.9246 -8.0668 1.3131 -18.4613 4.6475 0.3388 8.3348
-9.3992 293.2630 -22.8681 -11.5472 15.6834 10.4886 1.7624 -22.5861 -2.9122 15.5400 17.5308 -5.6767 -9.9349 10.2953 -19.3517 0.0000 0.0000 0.0000 17.7430 -14.9856 4.5488 -8.7822 9.8227 1.9608 -14.5046 -7.6646 -23.9912 0.0000 0.0000 0.0000 2.1697 0.7149 -6.9250 2.1697 0.7149 -6.9250 2.1697 0.7149 -6.9250 15.5452 -16.9848 6.1170 15.5452 -16.9848 6.1170 0.0000 0.0000 0.0000 -56.2869 -0.6044 -12.5194 -8.2581 -0.4188 4.8983 -13.7395 2.6927 -22.0774 0.0000 0.0000 0.0000 0.0000 0.0000 0.0000 0.0000 0.0000 0.0000 0.0000 0.0000 0.0000 0.0000 0.0000 0.0000 0.0000 0.0000 0.0000 0.0000 0.0000 0.0000 0.0000 0.0000 0.0000 0.0000 0.0000 0.0000 0.0000 0.0000 0.0000 0.0000 0.0000 0.0000 0.0000 0.0000 0.0000 0.0000 0.0000 0.0000 0.0000 0.0000 0.0000 0.0000 0.0000 0.0000 0.0000 0.0000 0.0000 78.9698 12.4247 31.9865 -8.2747 -0.3113 5.4971 19.4044 7.0893 39.8319 -31.2700 6.6854 -23.5769 28.4766 3.9995 15.6693 23.6137 0.8693 4.1568 17.4014 -3.2307 -20.8821 -5.2463 1.8625 -39.0697 22.0514 4.2409 21.5189 4.3326 -1.2764 -32.8162 17.3333 -0.0328 -0.2150 -10.2147 3.2820 -35.5449 7.3125 -2.4250 -36.6525 9.8047 -1.1483 -13.3276 -16.1361 0.9051 -6.3783 12.1329 -3.0272 -27.9246 -8.0668 1.3131 -18.4613 4.6475 0.3388 8.3348
-9.9377 292.0869 -25.5225 -11.9674 16.7142 11.5573 1.5049 -23.9214 -3.1513 15.6219 17.2041 -5.6187 -8.3840 7.8872 -16.1830 0.0000 0.0000 0.0000 17.6673 -15.9443 4.8103 -8.2457 8.7529 1.7476 -15.4046 -8.4617 -24.9560 0.0000 0.0000 0.0000 2.3275 0.7430 -6.7881 2.3275 0.7430 -6.7881 2.3275 0.7430 -6.7881 15.7518 -17.2401 6.9575 15.7518 -17.2401 6.9575 0.0000 0.0000 0.0000 -61.3495 -0.0926 -13.4757 -8.0056 -0.2728 2.9976 -16.8383 3.5635 -23.7386 0.0000 0.0000 0.0000 0.0000 0.0000 0.0000 0.0000 0.0000 0.0000 0.0000 0.0000 0.0000 0.0000 0.0000 0.0000 0.0000 0.0000 0.0000 0.0000 0.0000 0.0000 0.0000 0.0000 0.0000 0.0000 0.0000 0.0000 0.0000 0.0000 0.0000 0.0000 0.0000 0.0000 0.0000 0.0000 0.0000 0.0000 0.0000 0.0000 0.0000 0.0000 0.0000 0.0000 0.0000 0.0000 0.0000 0.0000 0.0000 81.1102 13.3203 32.4674 -7.4862 -0.2774 5.5790 19.6526 7.1678 39.7612 0.0000 0.0000 0.0000 0.0000 0.0000 0.0000 0.0000 0.0000 0.0000 0.0000 0.0000 0.0000 0.0000 0.0000 0.0000 0.0000 0.0000 0.0000 0.0000 0.0000 0.0000 0.0000 0.0000 0.0000 0.0000 0.0000 0.0000 0.0000 0.0000 0.0000 0.0000 0.0000 0.0000 0.0000 0.0000 0.0000 0.0000 0.0000 0.0000 0.0000 0.0000 0.0000 0.0000 0.0000 0.0000
-10.2006 291.2441 -26.9059 -12.2585 17.0003 12.1019 1.4060 -24.5588 -3.2621 15.6551 17.4468 -5.6858 -7.7393 7.4464 -14.5326 0.0000 0.0000 0.0000 17.9864 -15.8363 4.8328 -8.6415 8.2581 1.7619 -15.7912 -8.3876 -25.6889 0.0000 0.0000 0.0000 2.3380 0.7642 -6.5999 2.3380 0.7642 -6.5999 2.3380 0.7642 -6.5999 15.6915 -17.1511 7.3432 15.6915 -17.1511 7.3432 0.0000 0.0000 0.0000 -63.3979 0.4979 -14.5781 -8.3611 -0.2199 2.1085 -18.3630 3.9983 -24.3728 0.0000 0.0000 0.0000 0.0000 0.0000 0.0000 0.0000 0.0000 0.0000 0.0000 0.0000 0.0000 0.0000 0.0000 0.0000 0.0000 0.0000 0.0000 0.0000 0.0000 0.0000 0.0000 0.0000 0.0000 0.0000 0.0000 0.0000 0.0000 0.0000 0.0000 0.0000 0.0000 0.0000 0.0000 0.0000 0.0000 0.0000 0.0000 0.0000 0.0000 0.0000 0.0000 0.0000 0.0000 0.0000 0.0000 0.0000 0.0000 82.1019 13.8625 32.8512 -6.8824 -0.2500 5.6254 19.3984 7.0976 39.8862 0.0000 0.0000 0.0000 0.0000 0.0000 0.0000 0.0000 0.0000 0.0000 0.0000 0.0000 0.0000 0.0000 0.0000 0.0000 0.0000 0.0000 0.0000 0.0000 0.0000 0.0000 0.0000 0.0000 0.0000 0.0000 0.0000 0.0000 0.0000 0.0000 0.0000 0.0000 0.0000 0.0000 0.0000 0.0000 0.0000 0.0000 0.0000 0.0000 0.0000 0.0000 0.0000 0.0000 0.0000 0.0000
-10.3896 290.7645 -27.6559 -12.3069 16.5528 13.3339 0.7374 -26.2987 -3.6742 15.5555 19.2532 -6.0960 -7.3715 5.3949 -15.0373 0.0000 0.0000 0.0000 18.1912 -15.5027 4.7702 -8.8673 8.2123 1.7952 -16.5301 -10.0990 -25.6394 0.0000 0.0000 0.0000 2.1016 0.8756 -6.8564 2.1016 0.8756 -6.8564 2.1016 0.8756 -6.8564 15.4506 -17.4886 7.3904 15.4506 -17.4886 7.3904 0.0000 0.0000 0.0000 -64.8112 -0.3140 -12.8849 -7.8724 -0.1677 1.5377 -18.6293 3.9689 -23.8565 0.0000 0.0000 0.0000 0.0000 0.0000 0.0000 0.0000 0.0000 0.0000 0.0000 0.0000 0.0000 0.0000 0.0000 0.0000 0.0000 0.0000 0.0000 0.0000 0.0000 0.0000 0.0000 0.0000 0.0000 0.0000 0.0000 0.0000 0.0000 0.0000 0.0000 0.0000 0.0000 0.0000 0.0000 0.0000 0.0000 0.0000 0.0000 0.0000 0.0000 0.0000 0.0000 0.0000 0.0000 0.0000 0.0000 0.0000 0.0000 83.9379 13.9030 32.1939 -6.8453 -0.2355 5.3380 19.4368 7.1440 40.0528 0.0000 0.0000 0.0000 0.0000 0.0000 0.0000 0.0000 0.0000 0.0000 0.0000 0.0000 0.0000 0.0000 0.0000 0.0000 0.0000 0.0000 0.0000 0.0000 0.0000 0.0000 0.0000 0.0000 0.0000 0.0000 0.0000 0.0000 0.0000 0.0000 0.0000 0.0000 0.0000 0.0000 0.0000 0.0000 0.0000 0.0000 0.0000 0.0000 0.0000 0.0000 0.0000 0.0000 0.0000 0.0000
-10.5052 290.6749 -28.0789 -12.4967 16.0272 13.6836 0.5755 -26.9879 -3.8167 15.5030 20.7774 -6.4492 -7.6654 4.0766 -16.8374 0.0000 0.0000 0.0000 18.5269 -14.6781 4.5836 -9.5179 8.1691 1.9007 -16.9099 -10.8573 -25.7117 0.0000 0.0000 0.0000 1.8676 0.9337 -6.8900 1.8676 0.9337 -6.8900 1.8676 0.9337 -6.8900 14.9884 -17.5725 7.2745 14.9884 -17.5725 7.2745 0.0000 0.0000 0.0000 -63.7688 -0.9425 -11.6555 -8.9643 -0.1356 0.8305 -18.9239 3.9850 -23.5822 0.0000 0.0000 0.0000 0.0000 0.0000 0.0000 0.0000 0.0000 0.0000 0.0000 0.0000 0.0000 0.0000 0.0000 0.0000 0.0000 0.0000 0.0000 0.0000 0.0000 0.0000 0.0000 0.0000 0.0000 0.0000 0.0000 0.0000 0.0000 0.0000 0.0000 0.0000 0.0000 0.0000 0.0000 0.0000 0.0000 0.0000 0.0000 0.0000 0.0000 0.0000 0.0000 0.0000 0.0000 0.0000 0.0000 0.0000 0.0000 84.6326 13.4667 31.3397 -6.0684 -0.2088 5.5939 20.0159 7.4005 40.2532 0.0000 0.0000 0.0000 0.0000 0.0000 0.0000 0.0000 0.0000 0.0000 0.0000 0.0000 0.0000 0.0000 0.0000 0.0000 0.0000 0.0000 0.0000 0.0000 0.0000 0.0000 0.0000 0.0000 0.0000 0.0000 0.0000 0.0000 0.0000 0.0000 0.0000 0.0000 0.0000 0.0000 0.0000 0.0000 0.0000 0.0000 0.0000 0.0000 0.0000 0.0000 0.0000 0.0000 0.0000 0.0000
-10.3873 290.6609 -26.3674 -12.7861 16.1441 13.7934 0.3461 -28.4553 -4.0959 14.4624 20.7439 -6.1460 -7.8367 4.5510 -17.0036 0.0000 0.0000 0.0000 18.4811 -15.3397 4.7701 -9.2165 7.7445 1.8005 -17.4958 -10.4519 -27.0036 0.0000 0.0000 0.0000 1.7801 0.9858 -6.9026 1.7801 0.9858 -6.9026 1.7801 0.9858 -6.9026 14.7420 -17.3909 7.7966 14.7420 -17.3909 7.7966 0.0000 0.0000 0.0000 -62.0325 -0.8326 -11.8967 -9.5949 -0.1251 0.5920 -18.5214 3.9802 -24.0605 0.0000 0.0000 0.0000 0.0000 0.0000 0.0000 0.0000 0.0000 0.0000 0.0000 0.0000 0.0000 0.0000 0.0000 0.0000 0.0000 0.0000 0.0000 0.0000 0.0000 0.0000 0.0000 0.0000 0.0000 0.0000 0.0000 0.0000 0.0000 0.0000 0.0000 0.0000 0.0000 0.0000 0.0000 0.0000 0.0000 0.0000 0.0000 0.0000 0.0000 0.0000 0.0000 0.0000 0.0000 0.0000 0.0000 0.0000 0.0000 84.2917 13.9561 32.1322 -6.3506 -0.2109 5.3011 19.1054 7.3458 41.7580 0.0000 0.0000 0.0000 0.0000 0.0000 0.0000 0.0000 0.0000 0.0000 0.0000 0.0000 0.0000 0.0000 0.0000 0.0000 0.0000 0.0000 0.0000 0.0000 0.0000 0.0000 0.0000 0.0000 0.0000 0.0000 0.0000 0.0000 0.0000 0.0000 0.0000 0.0000 0.0000 0.0000 0.0000 0.0000 0.0000 0.0000 0.0000 0.0000 0.0000 0.0000 0.0000 0.0000 0.0000 0.0000
-9.9310 290.3600 -20.9259 -13.2851 16.5002 14.3455 0.7258 -28.9196 -4.0582 13.9349 20.2015 -5.8737 -6.9487 3.6156 -15.1254 0.0000 0.0000 0.0000 19.0569 -15.8640 5.0206 -9.5466 7.6956 1.8495 -18.0639 -10.8977 -27.6125 0.0000 0.0000 0.0000 1.7925 1.0004 -6.9232 1.7925 1.0004 -6.9232 1.7925 1.0004 -6.9232 14.6633 -17.1304 8.3655 14.6633 -17.1304 8.3655 0.0000 0.0000 0.0000 -60.5975 -0.5645 -12.4934 -9.8256 -0.0829 0.0652 -18.5216 4.0269 -24.3344 0.0000 0.0000 0.0000 0.0000 0.0000 0.0000 0.0000 0.0000 0.0000 0.0000 0.0000 0.0000 0.0000 0.0000 0.0000 0.0000 0.0000 0.0000 0.0000 0.0000 0.0000 0.0000 0.0000 0.0000 0.0000 0.0000 0.0000 0.0000 0.0000 0.0000 0.0000 0.0000 0.0000 0.0000 0.0000 0.0000 0.0000 0.0000 0.0000 0.0000 0.0000 0.0000 0.0000 0.0000 0.0000 0.0000 0.0000 0.0000 82.9155 14.0801 32.8352 -5.5399 -0.1781 5.4480 18.3542 7.3011 43.0996 -29.5738 3.9235 -14.7869 18.5259 -1.5860 -9.7020 -0.1123 -0.0076 7.7034 -4.8857 0.9907 -22.9120 -3.7506 0.1789 -5.4588 10.8842 -3.2448 -33.1146 -2.0155 0.4633 -25.8875 -2.5965 0.6606 -28.5438 -5.8904 -1.2522 23.9832 -7.1619 2.4951 -38.3740 2.0808 -0.0446 -2.4528 -8.7421 -0.7031 9.1782 -4.7536 0.8249 -19.6783 -5.4230 0.3539 -7.4619 4.0483 -0.7245 -20.2847
-9.3832 290.1083 -15.9320 -13.4101 16.8992 14.6284 0.6043 -30.1550 -4.2748 13.3751 21.3623 -5.9762 -6.5976 2.9959 -14.5860 0.0000 0.0000 0.0000 18.7507 -17.2319 5.3743 -8.6749 8.6536 1.8115 -18.9048 -11.1306 -28.8230 0.0000 0.0000 0.0000 1.7510 1.0106 -6.9885 1.7510 1.0106 -6.9885 1.7510 1.0106 -6.9885 14.5118 -17.2195 8.7743 14.5118 -17.2195 8.7743 0.0000 0.0000 0.0000 -59.5845 -1.0940 -11.3496 -9.9629 0.0065 -0.9729 -18.5033 4.0388 -24.4278 0.0000 0.0000 0.0000 0.0000 0.0000 0.0000 0.0000 0.0000 0.0000 0.0000 0.0000 0.0000 0.0000 0.0000 0.0000 0.0000 0.0000 0.0000 0.0000 0.0000 0.0000 0.0000 0.0000 0.0000 0.0000 0.0000 0.0000 0.0000 0.0000 0.0000 0.0000 0.0000 0.0000 0.0000 0.0000 0.0000 0.0000 0.0000 0.0000 0.0000 0.0000 0.0000 0.0000 0.0000 0.0000 0.0000 0.0000 0.0000 81.1205 13.6625 32.9569 -3.4399 -0.0962 6.6999 19.0694 7.7513 43.9320 -29.5738 3.9235 -14.7869 18.5259 -1.5860 -9.7020 -0.1123 -0.0076 7.7034 -4.8857 0.9907 -22.9120 -3.7506 0.1789 -5.4588 10.8842 -3.2448 -33.1146 -2.0155 0.4633 -25.8875 -2.5965 0.6606 -28.5438 -5.8904 -1.2522 23.9832 -7.1619 2.4951 -38.3740 2.0808 -0.0446 -2.4528 -8.7421 -0.7031 9.1782 -4.7536 0.8249 -19.6783 -5.4230 0.3539 -7.4619 4.0483 -0.7245 -20.2847
-8.6742 289.8772 -7.0437 -13.2256 17.0496 15.1230 0.3262 -29.3062 -4.2289 13.6015 20.6454 -5.8806 -5.6636 1.2815 -13.2645 0.0000 0.0000 0.0000 18.6127 -16.6125 5.1665 -8.5570 8.6410 1.7896 -19.5435 -11.7541 -29.3897 0.0000 0.0000 0.0000 1.5647 0.9771 -6.7555 1.5647 0.9771 -6.7555 1.5647 0.9771 -6.7555 14.1483 -16.6280 9.4271 14.1483 -16.6280 9.4271 0.0000 0.0000 0.0000 -58.3633 -0.9068 -11.7751 -9.0942 0.0705 -1.7858 -18.0536 3.7866 -23.5087 0.0000 0.0000 0.0000 0.0000 0.0000 0.0000 0.0000 0.0000 0.0000 0.0000 0.0000 0.0000 0.0000 0.0000 0.0000 0.0000 0.0000 0.0000 0.0000 0.0000 0.0000 0.0000 0.0000 0.0000 0.0000 0.0000 0.0000 0.0000 0.0000 0.0000 0.0000 0.0000 0.0000 0.0000 0.0000 0.0000 0.0000 0.0000 0.0000 0.0000 0.0000 0.0000 0.0000 0.0000 0.0000 0.0000 0.0000 0.0000 79.4394 13.5053 33.4122 -2.9512 -0.0659 6.5334 17.7378 7.4101 45.0765 0.4129 -0.0983 -26.7721 19.6421 2.3868 13.7239 3.3952 0.2068 6.9682 11.8324 -4.0712 -37.8633 -9.5784 0.9958 -11.8432 18.2340 -0.3052 -1.9016 7.6693 -2.8166 -40.2847 -7.8773 0.9262 -13.3915 -5.0754 0.4373 -9.8428 7.1653 -3.4006 -50.7320 -14.7778 2.1646 -16.5772 -7.5291 0.0452 -0.6875 2.0422 -0.8388 -44.6568 -8.8247 1.5406 -19.7690 -10.3897 0.7018 -7.7080
-7.3515 289.6579 11.0674 -12.8118 16.3800 14.8694 -0.1664 -29.0858 -4.3357 13.7380 19.1132 -5.5741 -7.8600 4.8424 -16.8680 0.0000 0.0000 0.0000 17.6265 -17.3887 5.2159 -8.0860 9.1401 1.7607 -18.6521 -9.4145 -29.7447 0.0000 0.0000 0.0000 1.1953 1.0055 -6.7252 1.1953 1.0055 -6.7252 1.1953 1.0055 -6.7252 13.8714 -15.8260 9.7780 13.8714 -15.8260 9.7780 0.0000 0.0000 0.0000 -58.1372 -1.3290 -10.8114 -7.1028 -0.0226 -0.5342 -17.4590 3.5511 -22.8273 0.0000 0.0000 0.0000 0.0000 0.0000 0.0000 0.0000 0.0000 0.0000 0.0000 0.0000 0.0000 0.0000 0.0000 0.0000 0.0000 0.0000 0.0000 0.0000 0.0000 0.0000 0.0000 0.0000 0.0000 0.0000 0.0000 0.0000 0.0000 0.0000 0.0000 0.0000 0.0000 0.0000 0.0000 0.0000 0.0000 0.0000 0.0000 0.0000 0.0000 0.0000 0.0000 0.0000 0.0000 0.0000 0.0000 0.0000 0.0000 78.8949 13.4356 33.5348 -2.7483 -0.0432 5.2068 17.4399 7.4097 45.7763 -20.1253 4.9585 -27.4240 31.1801 5.7537 20.4198 21.4321 2.3968 12.6160 4.9092 -2.5371 -54.6401 8.5996 -3.4128 -43.2290 8.7764 -1.7511 -22.5258 6.4241 -3.6342 -58.9598 3.0841 -2.4964 -77.9720 -4.6407 0.7311 -17.8960 11.0388 -8.0420 -72.0690 -3.5229 2.4347 -69.2869 -1.5652 0.2596 -18.8339 4.9094 -3.3372 -68.3951 -11.7140 7.3473 -64.0846 -7.5154 4.1733 -58.0382
-6.1005 290.1918 25.1696 -12.2668 14.4740 16.4015 -0.1843 -26.2708 -3.9076 14.2158 17.8959 -5.4233 -7.7156 6.4286 -15.2704 0.0000 0.0000 0.0000 17.4795 -15.6964 4.7084 -9.0420 10.2977 2.0628 -17.4516 -8.9091 -28.1305 0.0000 0.0000 0.0000 0.6712 1.1346 -6.8986 0.6712 1.1346 -6.8986 0.6712 1.1346 -6.8986 13.4846 -14.4931 9.9308 13.4846 -14.4931 9.9308 0.0000 0.0000 0.0000 -58.5760 -2.5688 -8.0106 -4.1863 -0.0274 -0.1481 -17.6446 3.2655 -20.8136 2.4453 0.7235 32.9586 10.7643 -0.4478 -4.7506 -11.3786 0.3452 -3.4639 2.1614 0.3047 16.0472 -21.5252 -4.3909 22.8051 22.9863 1.9960 9.7935 -7.2279 -0.9288 14.6254 5.4593 1.4835 30.3840 -25.4124 -0.8303 3.6812 14.6830 2.0790 16.0331 -24.4429 -4.3650 19.9580 -17.3586 -2.9910 19.4104 -2.3538 -0.1411 6.8578 -16.4681 -3.2615 22.2600 9.6547 0.6078 7.1871 0.0000 0.0000 0.0000 79.0107 12.4405 31.9942 -2.1823 -0.0138 4.1004 16.8872 7.3439 46.7592 -20.1253 4.9585 -27.4240 31.1801 5.7537 20.4198 21.4321 2.3968 12.6160 4.9092 -2.5371 -54.6401 8.5996 -3.4128 -43.2290 8.7764 -1.7511 -22.5258 6.4241 -3.6342 -58.9598 3.0841 -2.4964 -77.9720 -4.6407 0.7311 -17.8960 11.0388 -8.0420 -72.0690 -3.5229 2.4347 -69.2869 -1.5652 0.2596 -18.8339 4.9094 -3.3372 -68.3951 -11.7140 7.3473 -64.0846 -7.5154 4.1733 -58.0382
-5.0741 291.4664 33.5097 -11.7019 11.6250 18.6663 -1.1854 -24.1570 -3.8242 15.1619 15.8198 -5.1744 -8.0324 9.2041 -13.9625 0.0000 0.0000 0.0000 17.0929 -14.0970 4.1973 -9.9422 11.4092 2.3676 -14.6797 -7.0999 -24.7515 0.0000 0.0000 0.0000 -0.1513 1.3502 -6.9711 -0.1513 1.3502 -6.9711 -0.1513 1.3502 -6.9711 13.1727 -13.0666 9.9328 13.1727 -13.0666 9.9328 0.0000 0.0000 0.0000 -57.5679 -3.3446 -6.1313 -2.0163 0.0003 -0.9172 -17.5269 2.8874 -18.5702 2.4453 0.7235 32.9586 10.7643 -0.4478 -4.7506 -11.3786 0.3452 -3.4639 2.1614 0.3047 16.0472 -21.5252 -4.3909 22.8051 22.9863 1.9960 9.7935 -7.2279 -0.9288 14.6254 5.4593 1.4835 30.3840 -25.4124 -0.8303 3.6812 14.6830 2.0790 16.0331 -24.4429 -4.3650 19.9580 -17.3586 -2.9910 19.4104 -2.3538 -0.1411 6.8578 -16.4681 -3.2615 22.2600 9.6547 0.6078 7.1871 0.0000 0.0000 0.0000 79.9199 10.8482 29.2849 -0.3488 0.0413 3.2654 17.3679 7.7847 48.0233 -20.1253 4.9585 -27.4240 31.1801 5.7537 20.4198 21.4321 2.3968 12.6160 4.9092 -2.5371 -54.6401 8.5996 -3.4128 -43.2290 8.7764 -1.7511 -22.5258 6.4241 -3.6342 -58.9598 3.0841 -2.4964 -77.9720 -4.6407 0.7311 -17.8960 11.0388 -8.0420 -72.0690 -3.5229 2.4347 -69.2869 -1.5652 0.2596 -18.8339 4.9094 -3.3372 -68.3951 -11.7140 7.3473 -64.0846 -7.5154 4.1733 -58.0382
-4.2870 293.3436 38.2437 -11.1525 9.7492 19.1420 -2.3269 -21.3374 -3.6154 15.9332 13.9264 -4.8975 -9.1077 11.9928 -15.0203 0.0000 0.0000 0.0000 16.9499 -13.1722 3.9191 -11.0311 12.5188 2.7293 -13.2839 -5.8922 -23.1963 0.0000 0.0000 0.0000 -0.7298 1.4852 -7.0441 -0.7298 1.4852 -7.0441 -0.7298 1.4852 -7.0441 13.3739 -11.5914 10.4559 13.3739 -11.5914 10.4559 0.0000 0.0000 0.0000 -57.8224 -4.1853 -4.2283 0.0566 0.0002 -0.4438 -17.3359 2.7226 -17.7201 2.4453 0.7235 32.9586 10.7643 -0.4478 -4.7506 -11.3786 0.3452 -3.4639 2.1614 0.3047 16.0472 -21.5252 -4.3909 22.8051 22.9863 1.9960 9.7935 -7.2279 -0.9288 14.6254 5.4593 1.4835 30.3840 -25.4124 -0.8303 3.6812 14.6830 2.0790 16.0331 -24.4429 -4.3650 19.9580 -17.3586 -2.9910 19.4104 -2.3538 -0.1411 6.8578 -16.4681 -3.2615 22.2600 9.6547 0.6078 7.1871 0.0000 0.0000 0.0000 80.2394 9.5863 27.3114 2.9571 0.1314 3.1643 18.9688 8.6209 48.5667 6.6655 1.7450 29.3118 -14.0303 2.5111 -20.1984 2.5735 0.0786 3.4970 12.0710 4.9286 44.2970 21.6953 5.5381 28.3316 4.7361 0.7943 19.0299 19.4619 7.3923 41.2823 10.0957 3.6032 39.2013 18.0838 0.1236 0.7766 7.3884 4.0615 57.5494 24.8869 3.2943 14.8498 -0.4039 -0.0563 15.8671 12.1427 4.3830 39.5756 17.6049 2.4759 15.8889 -8.0113 -1.1940 16.9271
-3.5657 295.4875 40.9246 -11.2335 7.9128 21.3878 -3.3349 -19.9522 -3.5829 17.2128 14.6543 -5.3695 -11.6278 15.7673 -20.9973 0.0000 0.0000 0.0000 16.9915 -12.0050 3.6011 -11.3692 13.1570 2.8854 -11.7918 -5.6554 -20.6120 0.0000 0.0000 0.0000 -1.1457 1.6225 -6.9267 -1.1457 1.6225 -6.9267 -1.1457 1.6225 -6.9267 13.5009 -10.9995 10.2216 13.5009 -10.9995 10.2216 0.0000 0.0000 0.0000 -57.0427 -4.5979 -3.1273 0.4963 -0.0078 -2.6982 -17.9086 2.4754 -15.6154 2.4453 0.7235 32.9586 10.7643 -0.4478 -4.7506 -11.3786 0.3452 -3.4639 2.1614 0.3047 16.0472 -21.5252 -4.3909 22.8051 22.9863 1.9960 9.7935 -7.2279 -0.9288 14.6254 5.4593 1.4835 30.3840 -25.4124 -0.8303 3.6812 14.6830 2.0790 16.0331 -24.4429 -4.3650 19.9580 -17.3586 -2.9910 19.4104 -2.3538 -0.1411 6.8578 -16.4681 -3.2615 22.2600 9.6547 0.6078 7.1871 0.0000 0.0000 0.0000 80.1428 8.8848 26.2993 5.5124 0.2265 3.5446 18.3564 8.5144 49.4722 -2.9359 -1.0294 38.6359 -2.2624 0.3687 -18.5074 27.4000 -6.8833 -27.7171 21.1722 7.2418 37.4113 9.6276 3.2711 37.4594 -0.4788 -0.1415 32.9256 21.4208 7.7839 39.5665 -1.3837 -0.5179 41.0407 12.3264 1.1687 10.7907 8.1671 4.3270 55.7723 16.6371 1.9852 13.5158 -12.0323 -2.8502 26.5638 21.2976 8.4566 42.9295 0.5378 0.1062 22.3486 -16.1119 -2.9050 20.3134
-2.8909 297.5243 42.4670 -11.4811 5.0040 24.7877 -3.6381 -17.5254 -3.2046 17.4457 12.9586 -4.9866 -10.6907 15.7370 -17.2217 0.0000 0.0000 0.0000 17.3460 -11.1032 3.3943 -12.4624 12.8942 3.0818 -8.3033 -5.3142 -14.1459 0.0000 0.0000 0.0000 -1.5531 1.9205 -7.1665 -1.5531 1.9205 -7.1665 -1.5531 1.9205 -7.1665 13.5105 -10.1716 9.0394 13.5105 -10.1716 9.0394 0.0000 0.0000 0.0000 -56.4310 -4.7574 -2.6253 1.0180 -0.0386 -5.2374 -18.2896 2.3358 -14.4355 2.4453 0.7235 32.9586 10.7643 -0.4478 -4.7506 -11.3786 0.3452 -3.4639 2.1614 0.3047 16.0472 -21.5252 -4.3909 22.8051 22.9863 1.9960 9.7935 -7.2279 -0.9288 14.6254 5.4593 1.4835 30.3840 -25.4124 -0.8303 3.6812 14.6830 2.0790 16.0331 -24.4429 -4.3650 19.9580 -17.3586 -2.9910 19.4104 -2.3538 -0.1411 6.8578 -16.4681 -3.2615 22.2600 9.6547 0.6078 7.1871 0.0000 0.0000 0.0000 81.0629 7.1214 23.4594 8.8624 0.4635 4.9653 19.6031 9.1144 49.5352 3.7208 1.0644 31.9171 -8.7337 0.9825 -12.8123 19.0244 -0.9242 -5.5113 24.8927 11.0444 47.3101 13.9877 4.5275 35.7218 1.8529 0.6768 40.1283 28.8869 14.4107 52.2875 6.4234 2.1366 36.7650 22.2952 0.9288 4.7109 18.6581 13.1889 70.2700 21.5944 3.1475 16.3955 0.8012 0.1685 23.7500 29.7494 16.7968 58.1354 10.9098 1.5140 15.7548 9.4325 3.8437 44.2660
-2.2167 299.1859 43.3755 -10.9075 0.8109 28.8842 -4.1978 -13.0843 -2.4842 17.8504 12.3353 -4.9111 -9.8153 15.6095 -13.8719 0.0000 0.0000 0.0000 18.0659 -9.0933 2.9058 -13.0777 13.9387 3.3682 -6.4866 -6.0475 -10.0106 0.0000 0.0000 0.0000 -2.1486 2.0764 -7.0261 -2.1486 2.0764 -7.0261 -2.1486 2.0764 -7.0261 13.4590 -8.4011 7.4134 13.4590 -8.4011 7.4134 0.0000 0.0000 0.0000 -54.7610 -5.8962 0.5560 0.4031 -0.0260 -8.2720 -18.5816 1.8393 -11.2081 0.0000 0.0000 0.0000 0.0000 0.0000 0.0000 0.0000 0.0000 0.0000 0.0000 0.0000 0.0000 0.0000 0.0000 0.0000 0.0000 0.0000 0.0000 0.0000 0.0000 0.0000 0.0000 0.0000 0.0000 0.0000 0.0000 0.0000 0.0000 0.0000 0.0000 0.0000 0.0000 0.0000 0.0000 0.0000 0.0000 0.0000 0.0000 0.0000 0.0000 0.0000 0.0000 0.0000 0.0000 0.0000 0.0000 0.0000 0.0000 82.3295 3.7313 18.3017 11.7044 0.6469 5.4604 20.8419 9.8748 50.3208 -5.1775 -1.3609 29.4359 -1.3362 0.1339 -11.4442 16.8801 -1.8384 -12.3427 32.4969 12.4959 41.1778 10.6668 2.6848 28.1817 7.0504 1.8707 29.6862 33.6892 15.4078 48.1496 4.8949 2.0671 45.7685 19.8898 -0.1043 -0.5946 20.7377 15.8040 74.3657 21.0324 5.0711 26.8345 -0.9095 -0.1501 18.7482 31.9451 18.2344 58.5570 6.9484 2.2549 35.9222 32.0539 7.3482 25.2015
-1.7818 300.1231 43.9251 -10.9753 -0.1265 31.7226 -4.8429 -11.9635 -2.3614 18.2916 11.8206 -4.8675 -9.9602 16.7033 -13.1534 0.0000 0.0000 0.0000 18.9473 -9.8023 3.2063 -13.5830 14.3802 3.5481 -5.7676 -6.9842 -7.9526 0.0000 0.0000 0.0000 -2.5835 2.2332 -7.2251 -2.5835 2.2332 -7.2251 -2.5835 2.2332 -7.2251 13.8332 -7.2936 7.8030 13.8332 -7.2936 7.8030 0.0000 0.0000 0.0000 -54.0440 -5.4793 -0.2741 1.1159 -0.0770 -8.7919 -17.0014 1.6081 -10.7287 0.0000 0.0000 0.0000 0.0000 0.0000 0.0000 0.0000 0.0000 0.0000 0.0000 0.0000 0.0000 0.0000 0.0000 0.0000 0.0000 0.0000 0.0000 0.0000 0.0000 0.0000 0.0000 0.0000 0.0000 0.0000 0.0000 0.0000 0.0000 0.0000 0.0000 0.0000 0.0000 0.0000 0.0000 0.0000 0.0000 0.0000 0.0000 0.0000 0.0000 0.0000 0.0000 0.0000 0.0000 0.0000 0.0000 0.0000 0.0000 82.1358 2.9078 17.1372 14.4171 0.8123 5.6979 20.9480 10.1737 51.4226 -12.8977 -3.6859 31.7802 -5.5995 1.1023 -22.2564 15.2178 1.1362 8.4897 1.7798 0.9539 56.3774 4.8824 2.1494 47.5008 -3.4765 -1.5997 49.4071 20.9858 9.2649 47.2577 -5.3141 -3.2752 63.2700 29.5160 3.8306 14.4695 4.8112 3.4007 70.4916 19.1351 5.8237 33.5849 2.3912 0.7722 35.7899 34.2009 14.8447 45.9004 6.9629 3.0995 47.9500 10.9066 6.8252 63.9807
-1.4848 300.1406 44.7526 -11.1383 -1.2850 36.6422 -5.5531 -10.7174 -2.2093 19.8317 10.4189 -4.7944 -9.3396 15.7825 -11.7934 0.0000 0.0000 0.0000 19.3457 -11.2104 3.6716 -14.1538 14.6596 3.7214 -5.2575 -9.4165 -5.4563 0.0000 0.0000 0.0000 -2.7170 2.3703 -7.3061 -2.7170 2.3703 -7.3061 -2.7170 2.3703 -7.3061 14.8467 -6.3058 8.4402 14.8467 -6.3058 8.4402 0.0000 0.0000 0.0000 -52.7493 -4.1497 -3.3604 0.3798 -0.0338 -11.0745 -16.4024 1.3853 -9.5899 0.0000 0.0000 0.0000 0.0000 0.0000 0.0000 0.0000 0.0000 0.0000 0.0000 0.0000 0.0000 0.0000 0.0000 0.0000 0.0000 0.0000 0.0000 0.0000 0.0000 0.0000 0.0000 0.0000 0.0000 0.0000 0.0000 0.0000 0.0000 0.0000 0.0000 0.0000 0.0000 0.0000 0.0000 0.0000 0.0000 0.0000 0.0000 0.0000 0.0000 0.0000 0.0000 0.0000 0.0000 0.0000 0.0000 0.0000 0.0000 81.1485 2.3315 16.4006 16.0606 1.1906 7.5673 18.2806 9.2015 53.1436 -5.8687 -1.9847 37.3423 -5.1284 1.3184 -28.8184 10.8485 1.7021 17.7828 12.4175 6.8945 57.9483 2.3378 1.3230 59.0090 8.3196 4.5083 56.8459 24.1948 12.7781 55.1679 -7.1455 -3.8708 56.8454 33.3861 3.1519 10.4838 10.7893 7.2406 67.6445 10.3746 2.3460 25.4203 2.8965 0.6224 24.2511 35.7524 12.1467 36.5138 5.2045 2.0262 42.5213 -17.9009 -2.7916 17.5888
-1.1841 299.5761 45.2805 -10.8676 -3.8707 43.6001 -6.3606 -9.7250 -2.1037 20.7712 9.9745 -4.8496 -8.5508 15.9392 -8.5123 0.0000 0.0000 0.0000 19.2642 -12.0255 3.9049 -15.1099 16.2199 4.2010 -4.5605 -9.3151 -4.1457 0.0000 0.0000 0.0000 -2.8525 2.2168 -6.7617 -2.8525 2.2168 -6.7617 -2.8525 2.2168 -6.7617 16.1941 -3.6926 7.8620 16.1941 -3.6926 7.8620 0.0000 0.0000 0.0000 -50.9236 -3.6216 -4.4088 -0.6111 0.0579 -11.7271 -14.3633 0.8032 -6.3682 0.0000 0.0000 0.0000 0.0000 0.0000 0.0000 0.0000 0.0000 0.0000 0.0000 0.0000 0.0000 0.0000 0.0000 0.0000 0.0000 0.0000 0.0000 0.0000 0.0000 0.0000 0.0000 0.0000 0.0000 0.0000 0.0000 0.0000 0.0000 0.0000 0.0000 0.0000 0.0000 0.0000 0.0000 0.0000 0.0000 0.0000 0.0000 0.0000 0.0000 0.0000 0.0000 0.0000 0.0000 0.0000 0.0000 0.0000 0.0000 79.8954 -0.5208 12.2169 17.0738 1.2623 7.5849 15.0755 8.0400 55.9463 -18.1674 4.7755 -29.2351 34.0451 7.2321 23.3255 16.1118 0.4247 2.9998 6.6723 -2.6395 -43.1295 3.4594 -1.6253 -50.3197 6.2340 -0.5747 -10.5243 6.3219 -2.5561 -43.9953 13.1451 -7.1381 -56.8574 -16.0586 1.6222 -11.4626 12.1745 -6.0313 -52.5781 3.6321 -1.5012 -44.9012 -10.7617 1.5610 -16.4602 15.9345 -7.5328 -50.3810 -6.7580 1.9091 -31.5176 -19.7951 1.9124 -10.9284
-0.7166 298.6297 45.6237 -10.3961 -5.3094 48.5502 -7.4279 -8.5227 -1.9656 21.8147 9.1482 -4.8038 -8.6733 16.1424 -8.7197 0.0000 0.0000 0.0000 19.2502 -12.2820 3.9797 -14.8375 18.2225 4.4651 -5.3233 -11.8741 -4.2041 0.0000 0.0000 0.0000 -3.0112 2.0636 -6.3116 -3.0112 2.0636 -6.3116 -3.0112 2.0636 -6.3116 16.4150 -2.5014 5.9657 16.4150 -2.5014 5.9657 0.0000 0.0000 0.0000 -50.4112 -3.3460 -5.0772 -1.0935 0.1213 -13.5559 -11.9813 0.4815 -4.5857 0.0000 0.0000 0.0000 0.0000 0.0000 0.0000 0.0000 0.0000 0.0000 0.0000 0.0000 0.0000 0.0000 0.0000 0.0000 0.0000 0.0000 0.0000 0.0000 0.0000 0.0000 0.0000 0.0000 0.0000 0.0000 0.0000 0.0000 0.0000 0.0000 0.0000 0.0000 0.0000 0.0000 0.0000 0.0000 0.0000 0.0000 0.0000 0.0000 0.0000 0.0000 0.0000 0.0000 0.0000 0.0000 0.0000 0.0000 0.0000 78.8766 -2.2936 9.5035 17.4212 1.3012 7.6744 11.4545 6.3125 57.6049 -5.8820 -1.5258 29.0605 4.4355 -0.7225 -18.4935 -1.0369 -0.0747 8.2424 4.0176 1.5628 42.4960 1.1770 0.4366 40.7075 -13.5151 -2.2218 18.5882 13.4947 5.1585 41.6889 -17.9866 -6.4256 39.0566 20.6742 2.0110 10.9926 12.8148 5.5548 46.7284 -5.8915 -1.4988 28.5246 -3.8613 -0.3797 11.2269 22.8984 8.3822 39.7825 -1.7368 -0.3570 23.2285 -34.3237 -8.7289 27.7635
-0.3200 297.7736 45.8512 -9.3771 -6.3163 50.6746 -7.6645 -8.3522 -1.9525 20.6447 10.4889 -4.9730 -9.4353 17.9192 -9.3556 0.0000 0.0000 0.0000 18.2079 -11.3988 3.5850 -12.4598 18.1306 3.8349 -5.0356 -12.5806 -3.2822 0.0000 0.0000 0.0000 -3.5402 1.8084 -5.8073 -3.5402 1.8084 -5.8073 -3.5402 1.8084 -5.8073 16.0743 -2.4316 3.0752 16.0743 -2.4316 3.0752 0.0000 0.0000 0.0000 -49.6630 -3.8431 -3.5361 -1.1772 0.1405 -14.5091 -9.6609 0.3463 -4.0958 0.0000 0.0000 0.0000 0.0000 0.0000 0.0000 0.0000 0.0000 0.0000 0.0000 0.0000 0.0000 0.0000 0.0000 0.0000 0.0000 0.0000 0.0000 0.0000 0.0000 0.0000 0.0000 0.0000 0.0000 0.0000 0.0000 0.0000 0.0000 0.0000 0.0000 0.0000 0.0000 0.0000 0.0000 0.0000 0.0000 0.0000 0.0000 0.0000 0.0000 0.0000 0.0000 0.0000 0.0000 0.0000 0.0000 0.0000 0.0000 79.6534 -4.1741 6.6669 16.6625 1.1828 7.2694 10.5005 5.9533 59.0087 -9.4631 -2.3477 27.8091 4.2684 -0.8342 -22.1056 1.1081 0.0148 1.5265 7.3127 4.2902 60.7534 -0.6943 -0.2278 36.3333 -4.7504 -1.7386 40.1850 18.5958 9.7915 55.2361 -11.1454 -5.3846 51.4641 8.5131 0.8407 11.2597 11.6424 7.2907 64.0034 2.3433 0.8388 39.3884 -9.4958 -1.9441 23.0916 32.0950 14.5453 47.8507 -5.6788 -2.3977 45.7527 7.9267 3.2106 44.0467
0.4753 296.7634 46.0047 -8.8065 -7.5265 54.3810 -7.0157 -7.4122 -1.6930 20.3314 11.6161 -5.2317 -7.9189 15.0545 -7.2735 0.0000 0.0000 0.0000 18.9709 -12.4462 3.9909 -13.3913 21.8334 4.6407 -6.1494 -14.3720 -4.4260 0.0000 0.0000 0.0000 -3.6304 1.6551 -5.4322 -3.6304 1.6551 -5.4322 -3.6304 1.6551 -5.4322 15.7198 -2.0753 0.5324 15.7198 -2.0753 0.5324 0.0000 0.0000 0.0000 -49.2054 -3.8024 -3.5523 -2.0467 0.2402 -14.2857 -7.9941 0.2082 -2.9795 0.0000 0.0000 0.0000 0.0000 0.0000 0.0000 0.0000 0.0000 0.0000 0.0000 0.0000 0.0000 0.0000 0.0000 0.0000 0.0000 0.0000 0.0000 0.0000 0.0000 0.0000 0.0000 0.0000 0.0000 0.0000 0.0000 0.0000 0.0000 0.0000 0.0000 0.0000 0.0000 0.0000 0.0000 0.0000 0.0000 0.0000 0.0000 0.0000 0.0000 0.0000 0.0000 0.0000 0.0000 0.0000 0.0000 0.0000 0.0000 79.4088 -5.1436 5.1654 15.0363 0.9665 6.5250 7.3076 4.1530 59.1746 -2.2984 -0.5723 27.9606 0.5639 -0.1432 -28.5039 4.0087 0.0848 2.4218 -13.5321 -4.7807 38.7685 -7.3357 -1.9919 30.3468 -9.8549 -1.5859 18.2410 1.9026 0.6598 38.2477 -25.3707 -9.8726 41.9842 12.3347 2.9318 26.6466 0.4644 0.1951 45.5791 -12.1062 -3.4684 31.8703 -3.4687 -0.8578 27.7722 10.3204 3.6471 38.8399 -8.5312 -2.4041 31.4249 -28.5740 -6.5868 25.4665
1.5652 295.9404 46.1100 -8.1759 -7.8206 57.0141 -6.2790 -6.6135 -1.4664 21.1355 11.7439 -5.4350 -8.0538 15.5246 -7.1582 0.0000 0.0000 0.0000 19.3232 -13.2149 4.2692 -12.2083 24.5069 4.6792 -7.1371 -14.4257 -6.2049 0.0000 0.0000 0.0000 -3.6733 1.4911 -5.0194 -3.6733 1.4911 -5.0194 -3.6733 1.4911 -5.0194 15.3736 -1.5231 -0.2837 15.3736 -1.5231 -0.2837 0.0000 0.0000 0.0000 -49.5384 -3.5056 -4.4694 -4.1025 0.4329 -12.9410 -8.3282 -0.0068 0.0939 0.0000 0.0000 0.0000 0.0000 0.0000 0.0000 0.0000 0.0000 0.0000 0.0000 0.0000 0.0000 0.0000 0.0000 0.0000 0.0000 0.0000 0.0000 0.0000 0.0000 0.0000 0.0000 0.0000 0.0000 0.0000 0.0000 0.0000 0.0000 0.0000 0.0000 0.0000 0.0000 0.0000 0.0000 0.0000 0.0000 0.0000 0.0000 0.0000 0.0000 0.0000 0.0000 0.0000 0.0000 0.0000 0.0000 0.0000 0.0000 79.0146 -5.0887 5.2051 13.9243 0.6257 4.5296 2.9902 1.7143 59.6458 -2.2984 -0.5723 27.9606 0.5639 -0.1432 -28.5039 4.0087 0.0848 2.4218 -13.5321 -4.7807 38.7685 -7.3357 -1.9919 30.3468 -9.8549 -1.5859 18.2410 1.9026 0.6598 38.2477 -25.3707 -9.8726 41.9842 12.3347 2.9318 26.6466 0.4644 0.1951 45.5791 -12.1062 -3.4684 31.8703 -3.4687 -0.8578 27.7722 10.3204 3.6471 38.8399 -8.5312 -2.4041 31.4249 -28.5740 -6.5868 25.4665
3.1456 294.7421 50.3821 -7.9749 -7.9196 59.2827 -5.7809 -9.7348 -2.0420 19.5461 15.7223 -6.2066 -8.4273 16.3414 -7.4858 0.0000 0.0000 0.0000 19.6122 -14.6812 4.7550 -12.3788 26.4026 5.0078 -7.5290 -12.5118 -7.9864 0.0000 0.0000 0.0000 -3.6201 1.1990 -4.3592 -3.6201 1.1990 -4.3592 -3.6201 1.1990 -4.3592 14.6983 -1.4124 -2.1693 14.6983 -1.4124 -2.1693 0.0000 0.0000 0.0000 -51.5469 -3.4094 -5.0965 -6.3095 0.5961 -11.6826 -9.1097 -0.3488 4.3756 0.0000 0.0000 0.0000 0.0000 0.0000 0.0000 0.0000 0.0000 0.0000 0.0000 0.0000 0.0000 0.0000 0.0000 0.0000 0.0000 0.0000 0.0000 0.0000 0.0000 0.0000 0.0000 0.0000 0.0000 0.0000 0.0000 0.0000 0.0000 0.0000 0.0000 0.0000 0.0000 0.0000 0.0000 0.0000 0.0000 0.0000 0.0000 0.0000 0.0000 0.0000 0.0000 0.0000 0.0000 0.0000 0.0000 0.0000 0.0000 78.6364 -4.5155 6.0511 12.4353 0.3454 2.7663 -1.8213 -1.0169 58.3508 -4.7162 -1.5925 37.2993 -8.0281 1.7607 -24.7029 10.2372 0.8476 9.4416 6.4987 2.3622 39.9162 9.4694 4.7305 53.0112 -7.7078 -1.5008 22.0056 22.2615 9.0935 44.0156 -6.8155 -2.1745 35.3558 19.8242 2.3967 13.6526 26.6183 12.3260 49.0704 3.1903 0.5922 21.0275 -4.2658 -0.7666 20.3672 27.4022 7.1051 28.5740 12.8801 3.1620 27.4813 -27.9095 -7.8978 31.0506
4.3157 293.5543 55.3855 -8.7779 -8.2647 62.3218 -4.8388 -14.1637 -2.7788 19.0049 20.0775 -7.2616 -9.1919 18.7202 -7.1191 0.0000 0.0000 0.0000 21.1506 -18.6856 6.2775 -12.7178 31.5857 5.8940 -8.5771 -11.7232 -10.3887 0.0000 0.0000 0.0000 -3.5680 0.9119 -3.5804 -3.5680 0.9119 -3.5804 -3.5680 0.9119 -3.5804 14.3979 -2.1707 -5.5536 14.3979 -2.1707 -5.5536 0.0000 0.0000 0.0000 -53.4016 -4.0188 -3.8303 -7.8851 0.5208 -8.4452 -11.1219 -0.9324 9.5546 0.0000 0.0000 0.0000 0.0000 0.0000 0.0000 0.0000 0.0000 0.0000 0.0000 0.0000 0.0000 0.0000 0.0000 0.0000 0.0000 0.0000 0.0000 0.0000 0.0000 0.0000 0.0000 0.0000 0.0000 0.0000 0.0000 0.0000 0.0000 0.0000 0.0000 0.0000 0.0000 0.0000 0.0000 0.0000 0.0000 0.0000 0.0000 0.0000 0.0000 0.0000 0.0000 0.0000 0.0000 0.0000 0.0000 0.0000 0.0000 77.9154 -4.7480 5.6153 13.1604 0.2936 2.2361 -5.9797 -3.2228 56.6142 -3.6702 -1.2970 38.9132 -0.5368 0.0930 -19.6575 2.8656 0.1897 7.5751 18.0791 9.1318 53.3102 17.2424 11.1551 65.5716 10.8629 4.5738 45.5651 28.8096 13.4939 49.4617 11.8015 8.5308 71.6311 29.2260 5.3267 20.2324 23.9096 15.4422 65.2661 16.9981 7.6293 48.0928 17.5870 5.0170 31.6249 32.3849 13.7775 45.1794 21.9361 11.9191 56.6180 9.8698 5.6957 59.8951
5.5911 292.5555 61.5614 -9.1499 -8.4306 64.5873 -5.2552 -16.6195 -3.3189 19.3731 21.2181 -7.6810 -9.0364 17.3529 -8.5074 0.0000 0.0000 0.0000 21.6179 -19.9159 6.7707 -13.3097 32.6480 6.2830 -9.7567 -11.9971 -12.3806 0.0000 0.0000 0.0000 -3.3930 0.7233 -2.9518 -3.3930 0.7233 -2.9518 -3.3930 0.7233 -2.9518 14.1735 -2.3245 -7.8129 14.1735 -2.3245 -7.8129 0.0000 0.0000 0.0000 -55.6423 -4.9755 -1.9269 -7.7755 0.5574 -9.0866 -10.6333 -1.1193 11.9846 0.0000 0.0000 0.0000 0.0000 0.0000 0.0000 0.0000 0.0000 0.0000 0.0000 0.0000 0.0000 0.0000 0.0000 0.0000 0.0000 0.0000 0.0000 0.0000 0.0000 0.0000 0.0000 0.0000 0.0000 0.0000 0.0000 0.0000 0.0000 0.0000 0.0000 0.0000 0.0000 0.0000 0.0000 0.0000 0.0000 0.0000 0.0000 0.0000 0.0000 0.0000 0.0000 0.0000 0.0000 0.0000 0.0000 0.0000 0.0000 76.4209 -4.5639 5.7524 13.8927 0.4280 3.1056 -9.1106 -4.6583 54.0890 10.3621 3.2443 34.6898 -10.3441 2.3502 -25.5371 9.8850 -0.6192 -7.1505 -8.3438 -2.3768 31.7504 -4.1307 -0.9744 26.5342 -7.2206 -1.4011 21.9353 2.2839 0.6024 29.5472 -14.7521 -3.9760 30.0205 11.6113 0.2546 2.5032 0.8919 0.2947 36.5676 0.2126 0.0471 24.9891 -3.5012 -0.1578 5.1592 16.2268 5.9566 40.0996 -8.5229 -1.0405 13.8958 -16.6045 0.2214 -1.5170
7.4570 291.7569 66.9878 -9.1278 -9.6106 72.3424 -5.0264 -13.1934 -2.6208 22.1804 15.4329 -6.7637 -6.2564 9.9067 -7.5934 0.0000 0.0000 0.0000 23.4323 -28.4117 10.1110 -9.2744 41.3389 5.7884 -12.7868 -11.8328 -17.9086 0.0000 0.0000 0.0000 -2.7102 0.7848 -3.1660 -2.7102 0.7848 -3.1660 -2.7102 0.7848 -3.1660 14.8581 -1.7953 -8.9192 14.8581 -1.7953 -8.9192 0.0000 0.0000 0.0000 -57.4184 -5.3246 -1.5167 -7.1867 0.5382 -9.4530 -6.9606 -0.9516 15.5517 0.0000 0.0000 0.0000 0.0000 0.0000 0.0000 0.0000 0.0000 0.0000 0.0000 0.0000 0.0000 0.0000 0.0000 0.0000 0.0000 0.0000 0.0000 0.0000 0.0000 0.0000 0.0000 0.0000 0.0000 0.0000 0.0000 0.0000 0.0000 0.0000 0.0000 0.0000 0.0000 0.0000 0.0000 0.0000 0.0000 0.0000 0.0000 0.0000 0.0000 0.0000 0.0000 0.0000 0.0000 0.0000 0.0000 0.0000 0.0000 74.8690 -5.5223 3.9897 15.8371 0.5140 3.3129 -14.4059 -7.3421 53.8304 -31.4845 5.8865 -20.6740 24.6259 -0.3950 -1.8096 16.4439 2.7555 18.9007 -12.3943 3.3502 -30.1472 -15.9103 2.4466 -17.3760 3.6197 -0.5150 -16.1911 -20.6199 3.5186 -19.1676 -5.7120 2.0398 -39.2781 -18.0564 -0.3200 2.0139 -25.1192 4.7278 -20.9950 -8.0603 1.7553 -24.5331 -21.1408 1.6763 -8.9652 -34.6459 2.6336 -8.4298 -1.2328 0.2236 -20.5640 -12.4473 0.9069 -8.3017
9.2290 291.2204 70.4591 -8.6779 -10.2515 77.2145 -4.7612 -8.6539 -1.7268 23.4489 9.3396 -5.1669 -5.0289 6.4027 -7.3572 0.0000 0.0000 0.0000 23.5110 -32.4816 11.5844 -3.6896 42.5734 3.3043 -14.0334 -11.9463 -20.0084 0.0000 0.0000 0.0000 -2.8175 0.9404 -3.6948 -2.8175 0.9404 -3.6948 -2.8175 0.9404 -3.6948 14.9659 -1.4783 -10.9022 14.9659 -1.4783 -10.9022 0.0000 0.0000 0.0000 -57.1745 -5.8432 -0.2514 -7.5097 0.7155 -11.7686 -5.2477 -0.7717 16.7206 0.0000 0.0000 0.0000 0.0000 0.0000 0.0000 0.0000 0.0000 0.0000 0.0000 0.0000 0.0000 0.0000 0.0000 0.0000 0.0000 0.0000 0.0000 0.0000 0.0000 0.0000 0.0000 0.0000 0.0000 0.0000 0.0000 0.0000 0.0000 0.0000 0.0000 0.0000 0.0000 0.0000 0.0000 0.0000 0.0000 0.0000 0.0000 0.0000 0.0000 0.0000 0.0000 0.0000 0.0000 0.0000 0.0000 0.0000 0.0000 75.7787 -6.6618 2.2506 17.4296 1.1504 6.7839 -14.8509 -7.5381 53.6308 -9.8946 -1.9910 22.7019 1.0783 -0.1431 -15.1219 8.5976 0.0204 0.2718 0.3673 0.0683 21.0626 -12.8012 -2.8055 24.6283 -12.1349 0.5049 -4.7475 4.2660 0.9217 24.3744 -21.1592 -2.2821 12.1739 6.8539 0.7748 12.8837 -0.9991 -0.2268 25.5785 -6.1128 -0.5783 10.7991 -10.6447 -1.4366 15.3295 12.4847 2.5560 23.0550 -17.9451 -2.3842 15.0155 -18.2780 0.9132 -5.6717
10.8842 290.8702 72.6433 -7.8705 -10.7816 81.2776 -3.7462 -3.8898 -0.7742 23.5433 3.5722 -3.3701 -5.1554 6.8543 -7.2978 0.0000 0.0000 0.0000 22.8413 -34.5209 12.0805 0.7896 41.2669 1.1578 -13.8785 -10.4607 -20.7835 0.0000 0.0000 0.0000 -2.6847 0.9777 -3.7686 -2.6847 0.9777 -3.7686 -2.6847 0.9777 -3.7686 16.2087 -0.8050 -10.3161 16.2087 -0.8050 -10.3161 0.0000 0.0000 0.0000 -55.9028 -6.3365 1.2789 -7.4701 0.9248 -14.9937 -2.5394 -0.3653 16.3710 0.0000 0.0000 0.0000 0.0000 0.0000 0.0000 0.0000 0.0000 0.0000 0.0000 0.0000 0.0000 0.0000 0.0000 0.0000 0.0000 0.0000 0.0000 0.0000 0.0000 0.0000 0.0000 0.0000 0.0000 0.0000 0.0000 0.0000 0.0000 0.0000 0.0000 0.0000 0.0000 0.0000 0.0000 0.0000 0.0000 0.0000 0.0000 0.0000 0.0000 0.0000 0.0000 0.0000 0.0000 0.0000 0.0000 0.0000 0.0000 76.2307 -8.3443 -0.3973 20.9358 1.9966 9.9079 -15.1223 -7.9849 55.4710 5.8266 1.5322 29.4443 -1.4677 0.2149 -16.6574 1.4268 -0.0050 -0.4036 12.9950 6.1106 50.2208 2.7016 1.0134 41.1164 -10.5775 -1.6459 17.6405 19.4250 8.3512 46.2011 -12.5505 -5.5301 47.4227 13.6847 1.6450 13.6451 24.1532 10.6431 47.0524 -3.8617 -1.5665 44.1477 4.7593 0.8531 20.3142 30.1083 11.5114 41.0876 -6.7863 -2.5696 41.4393 4.6110 1.4885 35.7652
12.1270 290.7738 74.0193 -7.2323 -9.1941 75.6588 -6.2818 -11.3480 -2.4235 24.0635 7.4234 -4.6713 -4.3274 3.2182 -8.2135 0.0000 0.0000 0.0000 20.7910 -22.5016 7.4229 -7.2925 31.0434 3.8049 -12.4423 -10.1651 -18.4444 0.0000 0.0000 0.0000 -3.1066 0.6119 -2.4121 -3.1066 0.6119 -2.4121 -3.1066 0.6119 -2.4121 15.8966 0.6761 -8.8022 15.8966 0.6761 -8.8022 0.0000 0.0000 0.0000 -54.3548 -7.7542 5.2888 -7.3863 1.0938 -17.7236 -4.7082 -0.6258 15.1345 0.0000 0.0000 0.0000 0.0000 0.0000 0.0000 0.0000 0.0000 0.0000 0.0000 0.0000 0.0000 0.0000 0.0000 0.0000 0.0000 0.0000 0.0000 0.0000 0.0000 0.0000 0.0000 0.0000 0.0000 0.0000 0.0000 0.0000 0.0000 0.0000 0.0000 0.0000 0.0000 0.0000 0.0000 0.0000 0.0000 0.0000 0.0000 0.0000 0.0000 0.0000 0.0000 0.0000 0.0000 0.0000 0.0000 0.0000 0.0000 77.2954 -8.0361 0.3255 23.9614 2.5372 11.0639 -12.7806 -6.8647 56.3407 -3.1370 -0.9254 32.8652 -4.5390 0.8550 -21.3246 25.2186 -0.8076 -3.6092 11.9872 5.8433 51.8495 2.7977 1.0406 40.7984 1.9925 1.0109 53.7961 17.0952 8.2848 51.4554 -5.6543 -2.4590 46.9795 7.7696 0.4780 7.0299 10.7116 5.5874 54.9948 9.8144 3.1651 35.6755 -10.4996 -1.7552 18.9300 26.6977 11.0355 44.3029 -4.4865 -1.1818 29.5008 -6.0294 -0.6981 13.1978
12.7173 290.5756 74.8953 -7.2011 -8.5616 75.5821 -6.6646 -11.7205 -2.5481 24.7929 8.5383 -5.1595 -6.0610 7.1810 -9.6694 0.0000 0.0000 0.0000 19.8841 -20.8885 6.7095 -7.2383 30.1265 3.6921 -13.5926 -11.2367 -19.7329 0.0000 0.0000 0.0000 -3.0453 0.4974 -1.9155 -3.0453 0.4974 -1.9155 -3.0453 0.4974 -1.9155 17.2657 2.8653 -5.5262 17.2657 2.8653 -5.5262 0.0000 0.0000 0.0000 -55.4273 -7.5972 4.4738 -8.5026 1.2662 -17.8089 -3.8442 -0.4796 14.2181 0.0000 0.0000 0.0000 0.0000 0.0000 0.0000 0.0000 0.0000 0.0000 0.0000 0.0000 0.0000 0.0000 0.0000 0.0000 0.0000 0.0000 0.0000 0.0000 0.0000 0.0000 0.0000 0.0000 0.0000 0.0000 0.0000 0.0000 0.0000 0.0000 0.0000 0.0000 0.0000 0.0000 0.0000 0.0000 0.0000 0.0000 0.0000 0.0000 0.0000 0.0000 0.0000 0.0000 0.0000 0.0000 0.0000 0.0000 0.0000 78.0825 -8.9776 -0.9836 28.1137 3.6524 13.6136 -12.2918 -6.8236 57.9433 -2.5999 -0.6111 26.4494 2.9709 -0.4662 -17.8341 3.0770 -0.0126 -0.4701 13.7668 5.5827 43.9863 -1.8833 -0.5672 33.5158 -11.0352 -2.4180 24.6472 17.0353 6.4103 41.0023 -16.2862 -6.0013 40.2397 16.0601 2.5865 18.1831 8.7277 4.0894 50.1450 0.2799 0.0718 28.7584 -0.9528 -0.2010 23.8217 38.5389 10.0395 28.2071 -8.6649 -3.5309 44.2773 -2.6806 -0.4801 20.3031
13.4977 290.4011 75.4615 -7.3349 -8.2495 73.9308 -6.7546 -13.1051 -2.8465 24.9356 9.5644 -5.5212 -7.8988 12.2708 -10.5158 0.0000 0.0000 0.0000 19.1524 -19.1212 6.0161 -7.2040 29.0284 3.5693 -13.4326 -11.7146 -19.1219 0.0000 0.0000 0.0000 -3.0181 0.3936 -1.4789 -3.0181 0.3936 -1.4789 -3.0181 0.3936 -1.4789 17.7046 4.6180 -3.3227 17.7046 4.6180 -3.3227 0.0000 0.0000 0.0000 -54.7296 -7.4059 4.2803 -8.4362 1.1998 -17.0593 -4.3719 -0.5443 14.1873 0.0000 0.0000 0.0000 0.0000 0.0000 0.0000 0.0000 0.0000 0.0000 0.0000 0.0000 0.0000 0.0000 0.0000 0.0000 0.0000 0.0000 0.0000 0.0000 0.0000 0.0000 0.0000 0.0000 0.0000 0.0000 0.0000 0.0000 0.0000 0.0000 0.0000 0.0000 0.0000 0.0000 0.0000 0.0000 0.0000 0.0000 0.0000 0.0000 0.0000 0.0000 0.0000 0.0000 0.0000 0.0000 0.0000 0.0000 0.0000 79.0179 -8.8365 -0.5541 31.6029 4.6668 15.4692 -11.5013 -6.3849 57.9604 -1.0287 -0.0843 9.3637 -10.5606 0.7437 -8.0343 16.2220 -1.0744 -7.5282 1.3785 0.1610 13.3269 -19.5823 -5.0243 28.5288 -40.1167 -21.6727 55.3320 6.3159 0.7984 14.3943 -48.5646 -19.6104 41.9213 -4.6516 -2.0161 46.8470 -4.9031 -0.7915 18.3286 -23.2569 -17.1409 72.4341 -10.6263 -2.9254 30.7061 19.7278 3.1710 18.0900 -21.1579 -13.2454 63.7357 -9.2175 -5.2714 59.4582
15.0350 290.0051 75.8336 -7.5886 -7.8658 74.7028 -6.8994 -13.2977 -2.9072 24.9198 11.0956 -6.0185 -9.1922 16.4400 -10.3801 0.0000 0.0000 0.0000 19.3740 -21.3952 6.7534 -5.8084 29.8655 3.1547 -13.9296 -12.6796 -19.3280 0.0000 0.0000 0.0000 -2.9553 0.3291 -1.2998 -2.9553 0.3291 -1.2998 -2.9553 0.3291 -1.2998 18.0608 4.2336 -3.2273 18.0608 4.2336 -3.2273 0.0000 0.0000 0.0000 -54.5714 -7.4282 4.3969 -9.5452 1.5252 -19.0150 -3.5401 -0.4063 13.0920 0.0000 0.0000 0.0000 0.0000 0.0000 0.0000 0.0000 0.0000 0.0000 0.0000 0.0000 0.0000 0.0000 0.0000 0.0000 0.0000 0.0000 0.0000 0.0000 0.0000 0.0000 0.0000 0.0000 0.0000 0.0000 0.0000 0.0000 0.0000 0.0000 0.0000 0.0000 0.0000 0.0000 0.0000 0.0000 0.0000 0.0000 0.0000 0.0000 0.0000 0.0000 0.0000 0.0000 0.0000 0.0000 0.0000 0.0000 0.0000 79.7029 -9.5874 -1.5411 36.3573 6.4175 18.4157 -10.7514 -5.8882 57.3169 1.0071 0.2929 32.4318 6.6136 -1.6012 -27.1915 -7.4149 -0.1073 1.6554 4.5213 1.9367 46.3578 -6.3240 -2.0041 35.1371 -4.5016 -0.7365 18.5752 7.8453 3.6541 49.8955 -13.7081 -4.3192 34.8364 8.2329 1.4677 20.1830 8.2015 4.1952 54.1222 -4.3563 -1.2837 32.8242 -5.6184 -0.7719 15.6333 15.7021 6.9088 47.2844 -1.5269 -0.4278 31.2985 -1.4247 -0.2495 19.8670
15.8545 289.9051 74.6657 -7.3723 -7.3081 71.3065 -6.9156 -18.6090 -4.0248 26.0668 8.6263 -5.4219 -8.2685 14.2293 -9.6035 0.0000 0.0000 0.0000 17.3714 -14.4087 4.3270 -7.9965 24.3786 3.3502 -11.1210 -11.4538 -15.1959 0.0000 0.0000 0.0000 -3.1907 0.1383 -0.5190 -3.1907 0.1383 -0.5190 -3.1907 0.1383 -0.5190 17.6621 3.4884 -4.9500 17.6621 3.4884 -4.9500 0.0000 0.0000 0.0000 -53.2498 -7.6932 5.6054 -10.0019 1.7353 -20.5362 -4.4138 -0.5362 13.8474 0.0000 0.0000 0.0000 0.0000 0.0000 0.0000 0.0000 0.0000 0.0000 0.0000 0.0000 0.0000 0.0000 0.0000 0.0000 0.0000 0.0000 0.0000 0.0000 0.0000 0.0000 0.0000 0.0000 0.0000 0.0000 0.0000 0.0000 0.0000 0.0000 0.0000 0.0000 0.0000 0.0000 0.0000 0.0000 0.0000 0.0000 0.0000 0.0000 0.0000 0.0000 0.0000 0.0000 0.0000 0.0000 0.0000 0.0000 0.0000 80.0201 -8.7453 -0.1984 37.9978 7.7121 21.0979 -10.0770 -5.1446 54.0026 -5.8109 -1.4698 28.3678 3.0583 -0.5953 -22.0237 -5.0716 -0.2163 4.8808 -0.8916 -0.3696 45.0339 -5.8958 -2.0741 38.7362 -8.1078 -0.8004 11.2573 10.2579 4.5725 47.9587 -19.1915 -5.6850 32.7343 12.9064 2.4307 21.2464 11.7552 5.2053 47.6481 -10.4905 -3.0055 31.8955 3.2963 0.6678 22.9005 19.7536 7.9653 43.5904 -7.4422 -1.9428 29.2245 -2.9700 -0.4399 16.8463
16.8736 289.9289 71.2569 -6.8682 -7.1493 69.4242 -6.2051 -21.1627 -4.4130 26.5670 7.6528 -5.1804 -6.1862 10.0087 -7.2620 0.0000 0.0000 0.0000 15.3801 -7.9512 2.3316 -8.4691 19.7842 2.9913 -9.5008 -10.5109 -12.8546 0.0000 0.0000 0.0000 -3.1965 0.0229 0.0963 -3.1965 0.0229 0.0963 -3.1965 0.0229 0.0963 17.2172 2.8812 -4.2787 17.2172 2.8812 -4.2787 0.0000 0.0000 0.0000 -53.0573 -7.9645 6.3811 -10.4038 1.8838 -21.3717 -4.4609 -0.5701 14.5586 0.0000 0.0000 0.0000 0.0000 0.0000 0.0000 0.0000 0.0000 0.0000 0.0000 0.0000 0.0000 0.0000 0.0000 0.0000 0.0000 0.0000 0.0000 0.0000 0.0000 0.0000 0.0000 0.0000 0.0000 0.0000 0.0000 0.0000 0.0000 0.0000 0.0000 0.0000 0.0000 0.0000 0.0000 0.0000 0.0000 0.0000 0.0000 0.0000 0.0000 0.0000 0.0000 0.0000 0.0000 0.0000 0.0000 0.0000 0.0000 80.1945 -8.3210 0.4756 38.7821 8.4110 22.4978 -10.1081 -4.9957 52.5103 -1.9235 -0.5443 31.5972 -3.8809 1.0096 -29.1553 -0.5834 -0.0181 3.5499 7.3913 3.5604 51.3925 -7.4735 -1.8187 27.3189 -5.4617 -0.7192 14.9931 9.6164 4.5937 50.9861 -11.4684 -3.3638 32.5994 8.1807 0.8388 11.6894 11.0751 5.5985 53.5265 -3.7818 -0.8204 24.4721 -5.9493 -1.0338 19.6993 27.0730 10.5269 41.8786 -6.7617 -1.5063 25.0909 -0.8392 -0.1372 18.5689
18.2435 289.9358 68.1385 -6.3590 -7.1667 67.7670 -6.4020 -22.4599 -4.7253 26.4685 7.6609 -5.1659 -5.6528 9.6732 -5.9396 0.0000 0.0000 0.0000 13.5926 -3.5254 1.0886 -8.7333 18.2847 2.8949 -8.6107 -10.3202 -11.3214 0.0000 0.0000 0.0000 -3.3275 -0.0480 0.5227 -3.3275 -0.0480 0.5227 -3.3275 -0.0480 0.5227 16.7272 3.0422 -5.0065 16.7272 3.0422 -5.0065 0.0000 0.0000 0.0000 -52.2511 -8.5782 8.3465 -9.9407 1.9626 -23.1824 -4.9621 -0.6121 14.0559 0.0000 0.0000 0.0000 0.0000 0.0000 0.0000 0.0000 0.0000 0.0000 0.0000 0.0000 0.0000 0.0000 0.0000 0.0000 0.0000 0.0000 0.0000 0.0000 0.0000 0.0000 0.0000 0.0000 0.0000 0.0000 0.0000 0.0000 0.0000 0.0000 0.0000 0.0000 0.0000 0.0000 0.0000 0.0000 0.0000 0.0000 0.0000 0.0000 0.0000 0.0000 0.0000 0.0000 0.0000 0.0000 0.0000 0.0000 0.0000 80.8379 -8.0338 1.0294 39.1932 8.6717 22.9325 -9.9089 -4.7591 51.2231 -3.7147 -1.0226 30.7722 2.8091 -0.7147 -28.5418 1.9126 -0.0130 -0.7797 4.2990 1.6967 43.0606 -6.5712 -1.7401 29.6356 -7.7539 -0.7264 10.6879 11.3922 4.1582 39.9986 -14.9890 -3.8259 28.4911 8.5168 1.7444 23.1102 5.8812 2.2272 41.4546 4.9014 1.2858 29.3833 -13.0071 -2.7534 23.8093 24.7727 8.8070 38.6462 -8.0104 -1.9114 26.8012 1.0888 0.1092 11.4564
19.9322 289.9170 65.4560 -5.7535 -7.5649 67.3447 -6.2967 -22.0039 -4.6069 26.7996 6.5416 -4.8375 -5.4541 9.9711 -4.9898 0.0000 0.0000 0.0000 13.1543 0.2486 0.1619 -9.0048 17.2303 2.8446 -7.7064 -11.6051 -8.8448 0.0000 0.0000 0.0000 -3.1812 -0.0908 0.8441 -3.1812 -0.0908 0.8441 -3.1812 -0.0908 0.8441 16.5807 4.0286 -4.6366 16.5807 4.0286 -4.6366 0.0000 0.0000 0.0000 -52.1156 -8.6289 8.5477 -10.1302 2.0360 -23.5720 -4.5309 -0.5442 13.6903 0.0000 0.0000 0.0000 0.0000 0.0000 0.0000 0.0000 0.0000 0.0000 0.0000 0.0000 0.0000 0.0000 0.0000 0.0000 0.0000 0.0000 0.0000 0.0000 0.0000 0.0000 0.0000 0.0000 0.0000 0.0000 0.0000 0.0000 0.0000 0.0000 0.0000 0.0000 0.0000 0.0000 0.0000 0.0000 0.0000 0.0000 0.0000 0.0000 0.0000 0.0000 0.0000 0.0000 0.0000 0.0000 0.0000 0.0000 0.0000 81.0899 -8.3492 0.6108 39.7190 8.8669 23.1216 -9.4292 -4.5762 51.6987 1.3254 0.4172 34.9465 2.0551 -0.4621 -25.3434 15.5397 -0.2236 -1.6388 3.4354 1.1865 38.0972 -4.7109 -0.7788 18.7640 -3.1783 -0.1427 5.1413 13.2730 3.8400 32.1457 -17.9717 -4.4930 27.8653 15.1043 2.6210 19.5797 12.1445 3.5907 32.8355 2.8113 0.7249 28.9135 -8.4236 -2.3940 31.6801 26.0931 8.4629 35.4156 -9.8930 -1.9796 22.5782 14.3788 1.3444 10.6277
21.9428 289.7667 63.4492 -5.0466 -8.0576 67.0968 -6.1087 -20.9681 -4.3525 27.0070 7.0640 -5.0532 -4.8835 8.9109 -4.3953 0.0000 0.0000 0.0000 12.6684 3.2229 -0.5459 -10.0832 17.1294 3.1000 -8.1024 -12.7945 -8.8795 0.0000 0.0000 0.0000 -2.9875 -0.1194 1.0697 -2.9875 -0.1194 1.0697 -2.9875 -0.1194 1.0697 16.4738 4.8057 -3.8196 16.4738 4.8057 -3.8196 0.0000 0.0000 0.0000 -51.1396 -8.6826 9.2063 -9.7591 1.9640 -23.6046 -4.4952 -0.5397 13.6860 0.0000 0.0000 0.0000 0.0000 0.0000 0.0000 0.0000 0.0000 0.0000 0.0000 0.0000 0.0000 0.0000 0.0000 0.0000 0.0000 0.0000 0.0000 0.0000 0.0000 0.0000 0.0000 0.0000 0.0000 0.0000 0.0000 0.0000 0.0000 0.0000 0.0000 0.0000 0.0000 0.0000 0.0000 0.0000 0.0000 0.0000 0.0000 0.0000 0.0000 0.0000 0.0000 0.0000 0.0000 0.0000 0.0000 0.0000 0.0000 80.6108 -8.6623 0.0499 40.7245 8.9699 22.7948 -8.9762 -4.3912 52.0663 -1.1623 -0.3598 34.3966 10.6092 -2.5237 -26.6917 10.2526 -0.7244 -8.0617 7.0863 2.6884 41.5105 -1.8544 -0.3296 20.1582 -9.0279 -0.5819 7.3610 14.3229 4.2512 32.9146 -16.1027 -4.1804 28.9350 8.7987 1.4269 18.3885 15.5400 4.9931 35.4409 -1.8560 -0.4416 26.7639 -5.6855 -1.5295 30.0932 34.9018 10.8276 33.5534 -18.2677 -3.8513 23.6224 11.2741 1.2228 12.3407
24.1100 289.6547 61.9999 -4.8300 -7.9914 67.2934 -5.9808 -20.5020 -4.2304 27.4911 7.5072 -5.2917 -5.1137 9.4104 -4.5532 0.0000 0.0000 0.0000 12.4055 5.7677 -1.1371 -10.4426 15.9062 3.0345 -8.6528 -13.1420 -9.6824 0.0000 0.0000 0.0000 -2.9142 -0.1649 1.3710 -2.9142 -0.1649 1.3710 -2.9142 -0.1649 1.3710 16.3579 4.7773 -2.6547 16.3579 4.7773 -2.6547 0.0000 0.0000 0.0000 -51.3263 -8.8740 9.6121 -10.1641 2.2056 -25.3261 -4.0040 -0.4484 12.7745 0.0000 0.0000 0.0000 0.0000 0.0000 0.0000 0.0000 0.0000 0.0000 0.0000 0.0000 0.0000 0.0000 0.0000 0.0000 0.0000 0.0000 0.0000 0.0000 0.0000 0.0000 0.0000 0.0000 0.0000 0.0000 0.0000 0.0000 0.0000 0.0000 0.0000 0.0000 0.0000 0.0000 0.0000 0.0000 0.0000 0.0000 0.0000 0.0000 0.0000 0.0000 0.0000 0.0000 0.0000 0.0000 0.0000 0.0000 0.0000 79.8308 -9.2657 -1.0249 40.5966 9.3800 23.8889 -9.2333 -4.5359 52.2513 -1.6463 -0.4434 30.1438 2.9072 -0.5880 -22.8626 2.5595 0.0276 1.2355 11.9920 4.8475 43.8983 -0.4043 -0.1055 29.2433 -4.9999 0.0011 -0.0247 17.8996 5.8553 35.9809 -14.3712 -3.6242 28.1743 15.2584 3.0902 22.7715 13.7144 5.0543 40.3083 4.5282 1.2433 30.6932 1.2673 0.2712 24.1558 26.3638 9.7115 39.8727 0.3730 0.0717 21.7490 9.1839 0.8346 10.3635
26.3694 289.7403 60.9715 -5.2706 -7.8238 66.5392 -6.0876 -20.1910 -4.1890 27.2906 7.5876 -5.2847 -4.7524 9.4335 -3.4184 0.0000 0.0000 0.0000 11.0804 6.7901 -1.3164 -10.0454 15.0938 2.8404 -8.3171 -12.5101 -9.4397 0.0000 0.0000 0.0000 -3.2347 -0.1248 1.0296 -3.2347 -0.1248 1.0296 -3.2347 -0.1248 1.0296 16.3049 4.5068 -4.2027 16.3049 4.5068 -4.2027 0.0000 0.0000 0.0000 -51.0939 -8.8582 9.6988 -9.4068 2.0777 -25.7576 -5.8040 -0.6638 13.0386 0.0000 0.0000 0.0000 0.0000 0.0000 0.0000 0.0000 0.0000 0.0000 0.0000 0.0000 0.0000 0.0000 0.0000 0.0000 0.0000 0.0000 0.0000 0.0000 0.0000 0.0000 0.0000 0.0000 0.0000 0.0000 0.0000 0.0000 0.0000 0.0000 0.0000 0.0000 0.0000 0.0000 0.0000 0.0000 0.0000 0.0000 0.0000 0.0000 0.0000 0.0000 0.0000 0.0000 0.0000 0.0000 0.0000 0.0000 0.0000 80.2437 -9.5169 -1.3076 40.5681 9.4348 24.0422 -7.9019 -3.7977 51.2833 -2.1099 -0.6225 32.8706 -1.4868 0.2844 -21.6604 11.4024 0.0238 0.2387 9.5817 3.8114 43.3059 -2.6673 -0.8424 35.0501 1.6052 0.2188 15.5245 12.8634 4.5659 38.9523 -11.2806 -4.0727 39.6003 2.6817 0.4513 19.1036 5.3001 1.9657 40.6749 4.7982 1.6678 38.3153 -13.6360 -3.0898 25.4238 17.1180 7.3034 45.9581 -10.8630 -2.3796 24.6433 6.3518 0.2306 4.1534
28.8151 290.0523 59.3113 -5.4805 -8.4028 67.0100 -5.7754 -19.8804 -4.0623 26.5043 9.2286 -5.7085 -4.0756 8.3586 -2.5794 0.0000 0.0000 0.0000 11.1745 7.5842 -1.4977 -10.7163 15.6281 3.0637 -8.3216 -13.1616 -9.0680 0.0000 0.0000 0.0000 -3.0835 -0.0993 0.8969 -3.0835 -0.0993 0.8969 -3.0835 -0.0993 0.8969 16.6040 4.0748 -4.6018 16.6040 4.0748 -4.6018 0.0000 0.0000 0.0000 -52.0658 -8.2285 7.5304 -9.8120 1.9439 -23.2599 -6.0923 -0.7367 13.7770 0.0000 0.0000 0.0000 0.0000 0.0000 0.0000 0.0000 0.0000 0.0000 0.0000 0.0000 0.0000 0.0000 0.0000 0.0000 0.0000 0.0000 0.0000 0.0000 0.0000 0.0000 0.0000 0.0000 0.0000 0.0000 0.0000 0.0000 0.0000 0.0000 0.0000 0.0000 0.0000 0.0000 0.0000 0.0000 0.0000 0.0000 0.0000 0.0000 0.0000 0.0000 0.0000 0.0000 0.0000 0.0000 0.0000 0.0000 0.0000 80.0182 -9.3233 -1.0689 37.8249 8.3214 22.8331 -8.3998 -4.0752 51.6997 -3.5396 -0.9846 31.0800 6.7251 -1.4794 -24.7871 7.7051 -0.0420 -0.6239 4.6941 1.8202 42.3708 -1.6430 -0.5817 38.9943 -4.5179 0.0756 -1.9153 9.5217 3.7875 43.3071 -19.4334 -4.8795 27.9458 10.0731 1.8660 20.9386 10.4804 4.1848 43.4404 -9.1636 -2.4737 30.1572 -2.3857 -0.5235 24.7507 20.4337 7.6006 40.4628 -8.6261 -2.0875 27.1617 6.8846 0.1653 2.7477
31.1158 290.4760 56.2149 -5.7982 -8.7621 67.1658 -5.5051 -18.5222 -3.7381 26.2547 9.1814 -5.6450 -4.3513 8.9225 -2.7758 0.0000 0.0000 0.0000 11.9656 6.5777 -1.3076 -12.0179 19.4029 3.8996 -8.9373 -13.7352 -9.8524 0.0000 0.0000 0.0000 -3.0799 -0.0550 0.6618 -3.0799 -0.0550 0.6618 -3.0799 -0.0550 0.6618 17.0410 5.0478 -2.5175 17.0410 5.0478 -2.5175 0.0000 0.0000 0.0000 -52.7935 -8.1454 6.9653 -9.2123 1.7378 -22.2212 -7.1511 -0.8734 13.9088 0.0000 0.0000 0.0000 0.0000 0.0000 0.0000 0.0000 0.0000 0.0000 0.0000 0.0000 0.0000 0.0000 0.0000 0.0000 0.0000 0.0000 0.0000 0.0000 0.0000 0.0000 0.0000 0.0000 0.0000 0.0000 0.0000 0.0000 0.0000 0.0000 0.0000 0.0000 0.0000 0.0000 0.0000 0.0000 0.0000 0.0000 0.0000 0.0000 0.0000 0.0000 0.0000 0.0000 0.0000 0.0000 0.0000 0.0000 0.0000 80.0885 -9.1237 -0.7528 35.4669 7.5401 22.1171 -8.7702 -4.2427 51.5648 -1.2441 -0.4097 36.4591 10.7645 -2.8024 -29.1082 4.5830 -0.2818 -7.0334 -1.0647 -0.4472 45.5610 4.8237 1.7074 38.9653 -7.4389 -0.7041 10.7989 11.9838 4.9728 44.9507 -11.1409 -3.6733 36.4000 11.8032 2.0911 20.0252 12.2558 5.6482 49.3554 -1.1005 -0.2806 28.6061 5.8176 1.6013 30.7557 36.9592 12.1982 35.4612 -8.9767 -3.1566 38.6839 0.9086 -0.0114 -1.4348
33.9277 291.1153 54.0363 -5.1128 -10.4393 68.2184 -4.7504 -16.0122 -3.1165 25.7290 8.4596 -5.3040 -4.7492 9.7157 -3.0881 0.0000 0.0000 0.0000 12.1259 4.8667 -0.9188 -12.4342 24.7795 4.7897 -7.7704 -10.3875 -9.7009 0.0000 0.0000 0.0000 -2.7503 -0.0129 0.5146 -2.7503 -0.0129 0.5146 -2.7503 -0.0129 0.5146 17.1730 5.0387 -2.8294 17.1730 5.0387 -2.8294 0.0000 0.0000 0.0000 -52.9870 -8.1195 6.8084 -10.3000 1.8011 -20.6847 -7.3913 -1.0193 15.6819 0.0000 0.0000 0.0000 0.0000 0.0000 0.0000 0.0000 0.0000 0.0000 0.0000 0.0000 0.0000 0.0000 0.0000 0.0000 0.0000 0.0000 0.0000 0.0000 0.0000 0.0000 0.0000 0.0000 0.0000 0.0000 0.0000 0.0000 0.0000 0.0000 0.0000 0.0000 0.0000 0.0000 0.0000 0.0000 0.0000 0.0000 0.0000 0.0000 0.0000 0.0000 0.0000 0.0000 0.0000 0.0000 0.0000 0.0000 0.0000 79.6349 -9.9664 -2.1313 35.1882 7.0218 20.7898 -8.0563 -4.0668 53.5122 -2.1806 -0.6190 31.6888 11.8515 -2.5337 -24.0547 13.3914 -1.2488 -10.6072 3.7934 1.5278 43.8638 -7.6584 -1.8754 27.4826 0.7564 0.1345 20.1667 11.2652 4.8795 46.7294 -9.3342 -2.3802 28.5536 9.7529 1.7239 20.0021 12.0328 5.2899 47.3373 -3.1051 -0.6714 24.3951 2.7137 0.7305 30.1270 19.6331 9.4177 50.9139 -9.1157 -0.9023 11.2824 -2.0886 -0.3008 16.3906
36.5427 291.7289 52.5377 -4.8930 -10.5834 71.4924 -7.4849 -10.4478 -2.3816 21.0287 18.9600 -7.5099 -9.5174 20.6357 -5.3474 0.0000 0.0000 0.0000 14.4565 -2.8853 0.9706 -8.1011 25.5483 3.5082 -9.8109 -7.8970 -15.1990 0.0000 0.0000 0.0000 -2.8870 0.1235 -0.0620 -2.8870 0.1235 -0.0620 -2.8870 0.1235 -0.0620 17.4830 6.7013 -1.3777 17.4830 6.7013 -1.3777 0.0000 0.0000 0.0000 -54.0193 -7.4438 4.6556 -11.2794 1.5237 -16.2372 -3.4826 -0.4595 15.0266 0.0000 0.0000 0.0000 0.0000 0.0000 0.0000 0.0000 0.0000 0.0000 0.0000 0.0000 0.0000 0.0000 0.0000 0.0000 0.0000 0.0000 0.0000 0.0000 0.0000 0.0000 0.0000 0.0000 0.0000 0.0000 0.0000 0.0000 0.0000 0.0000 0.0000 0.0000 0.0000 0.0000 0.0000 0.0000 0.0000 0.0000 0.0000 0.0000 0.0000 0.0000 0.0000 0.0000 0.0000 0.0000 0.0000 0.0000 0.0000 77.8821 -9.7793 -2.2855 34.0650 6.9781 21.3411 -11.5005 -5.8098 53.4886 -2.9772 -0.8816 32.9816 12.5724 -3.0383 -27.0730 15.5199 0.0485 0.3561 12.0134 4.1556 38.0485 -11.5985 -2.6316 25.4869 18.5969 1.2610 7.6903 12.9553 4.2730 36.3786 -12.9923 -3.0140 26.0185 7.1145 1.3147 20.9132 9.8626 3.5841 39.8641 -5.5617 -1.2320 24.9633 0.1790 0.0282 17.9310 10.3689 4.2616 44.5939 1.1514 0.1450 14.3502 -3.6144 -0.4095 12.9226
38.6503 292.1780 51.4378 -4.8707 -11.4480 71.5097 -6.6909 -10.2595 -2.2501 22.4888 14.6090 -6.5883 -6.3012 11.9802 -5.4118 0.0000 0.0000 0.0000 13.6735 -6.5557 1.8342 -8.5557 36.7941 4.9270 -10.3191 -8.1495 -15.9764 0.0000 0.0000 0.0000 -2.6447 0.2527 -0.5594 -2.6447 0.2527 -0.5594 -2.6447 0.2527 -0.5594 17.2241 8.0499 0.5102 17.2241 8.0499 0.5102 0.0000 0.0000 0.0000 -54.0278 -7.7198 5.3404 -9.7039 1.2729 -15.8106 -6.2952 -0.9757 17.6041 0.0000 0.0000 0.0000 0.0000 0.0000 0.0000 0.0000 0.0000 0.0000 0.0000 0.0000 0.0000 0.0000 0.0000 0.0000 0.0000 0.0000 0.0000 0.0000 0.0000 0.0000 0.0000 0.0000 0.0000 0.0000 0.0000 0.0000 0.0000 0.0000 0.0000 0.0000 0.0000 0.0000 0.0000 0.0000 0.0000 0.0000 0.0000 0.0000 0.0000 0.0000 0.0000 0.0000 0.0000 0.0000 0.0000 0.0000 0.0000 77.4698 -9.1197 -1.3505 31.7449 6.3766 20.9441 -11.2743 -5.4523 51.5059 -6.5928 -1.8542 31.3859 19.2238 -3.7175 -21.6964 17.4758 -1.1609 -7.5426 10.6970 3.5912 37.0270 -12.5895 -4.1001 35.9568 5.1944 0.2767 6.0942 7.9452 3.0001 41.3216 -9.8179 -2.3326 26.6701 -1.5625 -0.3080 22.3027 7.3379 3.1596 46.5463 -10.2565 -3.7879 40.4545 -4.5796 -0.6820 16.9329 6.5122 3.1626 51.7695 -6.8108 -1.2480 20.7444 -11.3464 -2.0595 20.5120
40.7596 292.5105 50.6863 -4.7067 -11.8569 70.8606 -5.9470 -8.5987 -1.8341 23.5306 10.2367 -5.4637 -6.3172 10.7502 -6.8779 0.0000 0.0000 0.0000 12.9991 -7.6963 2.0541 -8.7122 41.6063 5.5602 -9.9766 -5.1037 -17.5792 0.0000 0.0000 0.0000 -2.3537 0.3547 -0.8755 -2.3537 0.3547 -0.8755 -2.3537 0.3547 -0.8755 16.1136 9.2043 3.1677 16.1136 9.2043 3.1677 0.0000 0.0000 0.0000 -55.0450 -8.2663 6.2484 -7.5423 0.9995 -15.9754 -6.2668 -0.9745 17.6604 0.0000 0.0000 0.0000 0.0000 0.0000 0.0000 0.0000 0.0000 0.0000 0.0000 0.0000 0.0000 0.0000 0.0000 0.0000 0.0000 0.0000 0.0000 0.0000 0.0000 0.0000 0.0000 0.0000 0.0000 0.0000 0.0000 0.0000 0.0000 0.0000 0.0000 0.0000 0.0000 0.0000 0.0000 0.0000 0.0000 0.0000 0.0000 0.0000 0.0000 0.0000 0.0000 0.0000 0.0000 0.0000 0.0000 0.0000 0.0000 76.2125 -8.4614 -0.5909 31.1044 6.1152 20.5075 -11.3749 -5.5013 51.5072 -5.4118 -1.4378 29.7377 14.8259 -2.6563 -20.2080 10.6759 -0.4074 -4.3584 6.7663 2.5355 41.0471 -12.5145 -3.6119 32.0863 5.5712 0.4230 8.6772 10.9533 4.2011 41.8682 -17.3109 -3.9944 25.8055 4.1380 0.9008 24.5531 7.6256 3.3544 47.4377 -8.6448 -2.2734 29.4180 -0.9509 -0.2076 24.6283 12.6950 6.0636 50.9205 -13.6332 -1.9927 16.5557 -2.9401 -0.3291 12.7714
42.3717 293.0415 50.1703 -5.7200 -11.8370 70.4891 -6.4906 -9.8230 -2.1380 22.9788 10.5375 -5.4482 -7.7999 15.8651 -5.7265 0.0000 0.0000 0.0000 13.6284 -11.5688 3.0590 -8.1569 44.5319 5.6382 -8.4859 -4.0455 -15.4638 0.0000 0.0000 0.0000 -2.8735 0.4202 -1.0724 -2.8735 0.4202 -1.0724 -2.8735 0.4202 -1.0724 16.9630 8.3814 1.8178 16.9630 8.3814 1.8178 0.0000 0.0000 0.0000 -54.2092 -7.9930 5.9416 -7.1402 1.1672 -19.4431 -6.5211 -0.9164 15.9821 0.0000 0.0000 0.0000 0.0000 0.0000 0.0000 0.0000 0.0000 0.0000 0.0000 0.0000 0.0000 0.0000 0.0000 0.0000 0.0000 0.0000 0.0000 0.0000 0.0000 0.0000 0.0000 0.0000 0.0000 0.0000 0.0000 0.0000 0.0000 0.0000 0.0000 0.0000 0.0000 0.0000 0.0000 0.0000 0.0000 0.0000 0.0000 0.0000 0.0000 0.0000 0.0000 0.0000 0.0000 0.0000 0.0000 0.0000 0.0000 76.0575 -8.0546 0.0344 29.5817 6.5830 23.1422 -11.0055 -4.8047 47.0648 -9.5132 -3.0728 35.7324 9.0474 -2.0024 -24.9115 17.4796 0.8854 5.7545 10.8617 3.6819 37.3588 -20.4318 -5.9586 32.2172 20.0156 0.3187 1.8059 8.3530 2.9670 39.0545 -8.2977 -1.8212 24.7181 -3.3729 -0.6198 20.8177 0.9174 0.3720 44.1401 2.6168 0.9142 38.5090 -10.5088 -2.3180 24.8133 5.0653 2.2837 48.5139 -0.6599 -0.1016 17.5061 -2.8316 -0.4507 18.0832
43.6040 293.3400 49.8847 -6.7517 -11.2772 70.4004 -6.7555 -12.9522 -2.8149 22.3978 13.0210 -6.0856 -7.4240 15.4907 -4.8339 0.0000 0.0000 0.0000 12.5750 -14.7350 3.6772 -8.2475 43.6955 5.5855 -8.7108 -6.2261 -14.2810 0.0000 0.0000 0.0000 -3.1070 0.4602 -1.1380 -3.1070 0.4602 -1.1380 -3.1070 0.4602 -1.1380 16.8882 8.5516 4.1746 16.8882 8.5516 4.1746 0.0000 0.0000 0.0000 -53.3364 -6.6057 2.8044 -5.7311 0.8445 -17.6494 -6.5322 -0.8063 14.0589 0.0000 0.0000 0.0000 0.0000 0.0000 0.0000 0.0000 0.0000 0.0000 0.0000 0.0000 0.0000 0.0000 0.0000 0.0000 0.0000 0.0000 0.0000 0.0000 0.0000 0.0000 0.0000 0.0000 0.0000 0.0000 0.0000 0.0000 0.0000 0.0000 0.0000 0.0000 0.0000 0.0000 0.0000 0.0000 0.0000 0.0000 0.0000 0.0000 0.0000 0.0000 0.0000 0.0000 0.0000 0.0000 0.0000 0.0000 0.0000 74.3193 -6.3991 2.4353 26.6833 6.3589 24.6925 -12.3174 -4.8524 42.8764 -5.3001 -1.8493 38.4471 4.8648 -1.4097 -32.3039 8.6219 0.3118 4.1343 12.5879 4.5105 39.2995 -18.7875 -5.3329 31.4446 17.8431 1.6236 10.3151 10.3497 4.0505 42.6578 -8.5600 -1.3422 17.7913 0.3713 0.0977 29.4724 7.8026 2.9864 41.8375 1.9780 0.5959 33.5280 -11.2268 -2.3966 24.0289 17.9848 8.3340 49.4417 -5.1515 -0.5689 12.5953 2.2628 0.3192 16.0584
44.3324 294.1154 49.6853 -8.3101 -9.8548 69.7546 -5.0756 -14.3605 -2.8522 21.8780 13.4653 -6.1031 -8.8993 19.5939 -4.4077 0.0000 0.0000 0.0000 13.2773 -18.8267 4.7860 -2.7930 42.2914 2.8641 -10.2475 -8.8873 -15.3262 0.0000 0.0000 0.0000 -4.1822 0.5287 -1.3653 -4.1822 0.5287 -1.3653 -4.1822 0.5287 -1.3653 17.4269 6.8130 3.5776 17.4269 6.8130 3.5776 0.0000 0.0000 0.0000 -51.7678 -6.0183 1.8341 -4.5534 0.7152 -18.7422 -6.1266 -0.6288 11.7094 0.0000 0.0000 0.0000 0.0000 0.0000 0.0000 0.0000 0.0000 0.0000 0.0000 0.0000 0.0000 0.0000 0.0000 0.0000 0.0000 0.0000 0.0000 0.0000 0.0000 0.0000 0.0000 0.0000 0.0000 0.0000 0.0000 0.0000 0.0000 0.0000 0.0000 0.0000 0.0000 0.0000 0.0000 0.0000 0.0000 0.0000 0.0000 0.0000 0.0000 0.0000 0.0000 0.0000 0.0000 0.0000 0.0000 0.0000 0.0000 76.1932 -6.7480 2.1820 28.4421 7.4082 26.9488 -11.6265 -4.5055 42.2523 -4.3923 -1.3857 35.0046 10.3582 -2.1241 -23.1182 18.9429 -0.8066 -4.8323 9.4236 3.6214 41.9684 -3.9430 -0.8719 24.9287 -0.3434 -0.0212 7.0512 14.2157 5.3553 41.1178 -17.8533 -2.5125 15.8959 9.5402 2.1729 25.6076 8.8013 3.7374 45.9500 0.4217 0.0606 16.3583 -4.6754 -1.1927 28.6081 19.1756 8.7726 48.8456 -10.5804 -0.9147 9.8544 3.0201 0.2397 9.0725
45.1185 294.1697 51.1391 -9.8825 -9.2598 70.6706 -5.8877 -15.5546 -3.2143 22.4728 11.6350 -5.6811 -11.3376 26.0961 -2.9996 0.0000 0.0000 0.0000 13.1439 -20.3997 5.1458 -1.3509 36.4236 1.8920 -9.0316 -8.9694 -12.9911 0.0000 0.0000 0.0000 -4.5555 0.4894 -1.2161 -4.5555 0.4894 -1.2161 -4.5555 0.4894 -1.2161 18.6572 6.0126 3.7525 18.6572 6.0126 3.7525 0.0000 0.0000 0.0000 -50.9385 -6.1748 2.5541 -4.3502 0.8250 -22.3667 -4.9088 -0.3875 9.0209 0.0000 0.0000 0.0000 0.0000 0.0000 0.0000 0.0000 0.0000 0.0000 0.0000 0.0000 0.0000 0.0000 0.0000 0.0000 0.0000 0.0000 0.0000 0.0000 0.0000 0.0000 0.0000 0.0000 0.0000 0.0000 0.0000 0.0000 0.0000 0.0000 0.0000 0.0000 0.0000 0.0000 0.0000 0.0000 0.0000 0.0000 0.0000 0.0000 0.0000 0.0000 0.0000 0.0000 0.0000 0.0000 0.0000 0.0000 0.0000 77.3461 -8.5859 -0.5350 30.5143 8.8097 29.7817 -11.6977 -4.6739 43.4436 -3.8191 -1.0262 30.0703 12.3650 -1.9669 -18.0091 15.4820 0.4595 3.3795 8.8345 2.9140 36.4491 -11.2829 -2.6578 26.4323 14.6662 -0.1325 -1.0293 14.4825 4.7701 36.2989 -16.6322 -2.8856 19.5536 9.6206 2.5770 29.9287 8.6295 3.1789 40.3839 6.4011 1.6725 29.2594 -10.3268 -2.4327 26.4461 19.0668 8.1679 46.0647 -1.2919 -0.1735 15.2936 -3.9266 -0.3460 10.0673
46.1118 294.3936 50.4185 -10.7403 -9.3134 71.9634 -5.5016 -14.7131 -2.9860 22.3956 10.1071 -5.2020 -12.7885 30.2173 0.5147 0.0000 0.0000 0.0000 11.1942 -21.5803 5.0136 0.8646 32.5198 0.8588 -8.1850 -8.4530 -11.7252 0.0000 0.0000 0.0000 -4.7750 0.4668 -1.0399 -4.7750 0.4668 -1.0399 -4.7750 0.4668 -1.0399 19.7913 4.0756 4.2391 19.7913 4.0756 4.2391 0.0000 0.0000 0.0000 -49.5968 -5.9707 2.4977 -4.1200 0.8644 -24.5878 -3.0569 -0.1921 7.1900 0.0000 0.0000 0.0000 0.0000 0.0000 0.0000 0.0000 0.0000 0.0000 0.0000 0.0000 0.0000 0.0000 0.0000 0.0000 0.0000 0.0000 0.0000 0.0000 0.0000 0.0000 0.0000 0.0000 0.0000 0.0000 0.0000 0.0000 0.0000 0.0000 0.0000 0.0000 0.0000 0.0000 0.0000 0.0000 0.0000 0.0000 0.0000 0.0000 0.0000 0.0000 0.0000 0.0000 0.0000 0.0000 0.0000 0.0000 0.0000 77.0108 -10.4441 -3.5679 31.5434 10.0045 32.5867 -11.4147 -4.5831 43.6414 -2.5723 -0.8308 35.7929 7.6268 -1.6436 -24.2901 7.0345 0.0325 0.5294 3.9880 1.5177 41.6583 -4.9816 -1.1482 25.9439 4.6737 0.0355 0.8688 11.5813 4.7698 44.6547 -16.6574 -2.0291 13.7947 13.1525 3.0976 26.3990 4.2034 1.7281 44.6830 8.0467 1.1152 15.7553 -4.0637 -1.1108 30.5638 12.1995 5.3913 47.5547 0.1576 0.0240 17.3500 8.3283 0.2454 3.3699
47.0763 294.4828 49.8854 -10.7596 -9.4020 74.1332 -4.9394 -13.6605 -2.6977 22.4424 8.8523 -4.8300 -9.0050 23.4996 3.2201 0.0000 0.0000 0.0000 11.8901 -21.0472 5.0391 -0.5340 28.2256 1.2083 -7.7949 -10.7022 -9.5541 0.0000 0.0000 0.0000 -4.8873 0.4234 -0.9868 -4.8873 0.4234 -0.9868 -4.8873 0.4234 -0.9868 19.9761 3.2359 2.4336 19.9761 3.2359 2.4336 0.0000 0.0000 0.0000 -48.8119 -5.5714 1.6540 -5.8611 1.2521 -24.9977 -1.8846 -0.1015 6.1650 0.0000 0.0000 0.0000 0.0000 0.0000 0.0000 0.0000 0.0000 0.0000 0.0000 0.0000 0.0000 0.0000 0.0000 0.0000 0.0000 0.0000 0.0000 0.0000 0.0000 0.0000 0.0000 0.0000 0.0000 0.0000 0.0000 0.0000 0.0000 0.0000 0.0000 0.0000 0.0000 0.0000 0.0000 0.0000 0.0000 0.0000 0.0000 0.0000 0.0000 0.0000 0.0000 0.0000 0.0000 0.0000 0.0000 0.0000 0.0000 77.3732 -11.7273 -5.4893 30.1649 10.0063 33.9948 -11.9149 -5.0182 45.5575 -5.0047 -1.3220 29.5773 15.7121 -2.2340 -16.0860 9.4247 -0.2936 -3.5608 4.0097 1.4873 40.6894 -8.4684 -2.5771 33.7995 6.3189 0.0661 1.1965 11.3425 4.7578 45.4027 -14.8125 -2.5416 19.3689 9.9644 2.2440 25.3244 8.9778 4.1711 49.7691 0.6740 0.1180 19.8564 0.0964 0.0246 28.6632 13.7423 6.3367 49.3452 3.0318 0.5389 20.1552 -8.4310 -1.0474 14.1385
46.5690 296.8918 49.4934 -14.7392 -7.4005 74.5022 3.2919 -13.8682 -1.5420 22.8707 8.9128 -4.9269 -8.2540 24.0795 8.5130 0.0000 0.0000 0.0000 19.0468 -22.2955 6.9535 2.0674 30.5212 0.3657 -9.2233 -16.2619 -8.9412 0.0000 0.0000 0.0000 -4.7480 0.4766 -1.2752 -4.7480 0.4766 -1.2752 -4.7480 0.4766 -1.2752 19.8347 0.0403 1.4294 19.8347 0.0403 1.4294 0.0000 0.0000 0.0000 -51.0560 -5.0510 -0.5384 -3.5079 0.8024 -26.6602 1.3721 0.0636 5.3072 0.0000 0.0000 0.0000 0.0000 0.0000 0.0000 0.0000 0.0000 0.0000 0.0000 0.0000 0.0000 0.0000 0.0000 0.0000 0.0000 0.0000 0.0000 0.0000 0.0000 0.0000 0.0000 0.0000 0.0000 0.0000 0.0000 0.0000 0.0000 0.0000 0.0000 0.0000 0.0000 0.0000 0.0000 0.0000 0.0000 0.0000 0.0000 0.0000 0.0000 0.0000 0.0000 0.0000 0.0000 0.0000 0.0000 0.0000 0.0000 74.1463 -9.8433 -3.3982 29.8960 11.4358 38.8604 -14.2251 -5.4355 41.6567 4.7958 1.2972 30.2550 7.8280 -1.1891 -17.2482 2.1874 -0.0990 -5.1834 0.5037 0.1806 39.4408 -5.9421 -1.1254 21.4298 7.6086 -0.2765 -4.1559 11.9042 3.8572 35.7984 -12.6730 -2.0231 18.0692 5.5207 1.0737 21.9960 8.9853 3.2554 39.7661 7.5106 1.4354 21.6097 -12.3337 -3.4091 30.7968 23.7518 9.1531 41.6777 -4.4036 -0.6364 16.4379 -2.8222 -0.6672 26.5960
47.5212 296.2685 49.2058 -14.5020 -6.8701 76.3136 2.1401 -14.6018 -1.8012 22.6530 9.7473 -5.1421 -7.5912 21.6073 5.4212 0.0000 0.0000 0.0000 16.9487 -25.5088 7.3866 2.0894 30.0493 0.3489 -10.7048 -17.3775 -10.8984 0.0000 0.0000 0.0000 -4.7952 0.4328 -1.2193 -4.7952 0.4328 -1.2193 -4.7952 0.4328 -1.2193 19.8644 -1.3239 1.2793 19.8644 -1.3239 1.2793 0.0000 0.0000 0.0000 -53.8762 -5.8610 0.7361 -6.5001 1.6722 -29.7253 1.6780 0.0984 6.7142 0.0000 0.0000 0.0000 0.0000 0.0000 0.0000 0.0000 0.0000 0.0000 0.0000 0.0000 0.0000 0.0000 0.0000 0.0000 0.0000 0.0000 0.0000 0.0000 0.0000 0.0000 0.0000 0.0000 0.0000 0.0000 0.0000 0.0000 0.0000 0.0000 0.0000 0.0000 0.0000 0.0000 0.0000 0.0000 0.0000 0.0000 0.0000 0.0000 0.0000 0.0000 0.0000 0.0000 0.0000 0.0000 0.0000 0.0000 0.0000 69.9362 -9.7807 -4.5647 25.8545 11.6992 45.2030 -15.5611 -5.1172 36.2197 6.7447 1.9756 32.6198 2.6666 -0.5202 -22.0753 3.8848 -0.0843 -2.4846 1.5801 0.6114 42.3075 -2.7237 -0.2711 11.3650 0.9383 0.0044 0.5377 12.8217 4.0723 35.1167 -10.4238 -0.8871 9.7017 6.2978 1.7398 30.8590 8.5857 2.9414 37.7645 11.6069 2.0117 19.6014 -5.6573 -1.7994 35.2644 23.3320 8.1253 37.9660 -2.4023 -0.4169 19.6878 3.1407 0.4725 17.1066
48.4077 295.8541 54.9610 -14.9762 -6.4703 76.1809 4.5043 -11.5157 -1.1185 24.7336 6.7036 -4.5515 -7.9892 22.6428 6.0424 0.0000 0.0000 0.0000 17.0011 -27.7278 8.0380 3.9431 32.2664 -0.3062 -11.7339 -16.7575 -13.0088 0.0000 0.0000 0.0000 -5.1371 0.5423 -1.6085 -5.1371 0.5423 -1.6085 -5.1371 0.5423 -1.6085 20.5759 -1.9987 2.0739 20.5759 -1.9987 2.0739 0.0000 0.0000 0.0000 -53.8050 -5.3416 -0.5548 -4.2755 1.1544 -31.1056 2.6228 0.0905 3.9496 0.0000 0.0000 0.0000 0.0000 0.0000 0.0000 0.0000 0.0000 0.0000 0.0000 0.0000 0.0000 0.0000 0.0000 0.0000 0.0000 0.0000 0.0000 0.0000 0.0000 0.0000 0.0000 0.0000 0.0000 0.0000 0.0000 0.0000 0.0000 0.0000 0.0000 0.0000 0.0000 0.0000 0.0000 0.0000 0.0000 0.0000 0.0000 0.0000 0.0000 0.0000 0.0000 0.0000 0.0000 0.0000 0.0000 0.0000 0.0000 66.9518 -8.5231 -3.1288 20.9388 11.0232 51.2759 -15.2215 -4.2547 31.0722 3.9249 1.3420 37.7400 -1.1513 0.2407 -23.6119 12.4836 -0.0957 -0.8748 5.7219 2.1205 40.6417 -3.8581 -0.8693 25.3877 -1.3084 0.1415 -12.3468 12.2425 4.2788 38.4096 -5.3353 -0.5164 11.0494 1.2557 0.3371 30.0524 9.3651 3.5041 40.9560 12.6020 1.9913 17.8891 -5.8714 -2.3521 43.6336 19.6458 7.6361 42.1574 4.6552 0.5989 14.6542 4.9074 1.0030 23.0887
49.5844 295.0942 60.3448 -15.0260 -6.4255 76.3055 2.9247 -13.5591 -1.5576 23.3802 8.9764 -5.0404 -8.3959 23.2985 5.7334 0.0000 0.0000 0.0000 16.8173 -27.8990 8.0356 2.2154 29.8837 0.3011 -10.3746 -15.9979 -11.1006 0.0000 0.0000 0.0000 -5.7297 0.6017 -1.7071 -5.7297 0.6017 -1.7071 -5.7297 0.6017 -1.7071 21.5092 -2.2783 1.5079 21.5092 -2.2783 1.5079 0.0000 0.0000 0.0000 -50.0063 -4.9997 -0.3686 -1.8280 0.5402 -33.8258 1.5885 0.0124 0.8965 0.0000 0.0000 0.0000 0.0000 0.0000 0.0000 0.0000 0.0000 0.0000 0.0000 0.0000 0.0000 0.0000 0.0000 0.0000 0.0000 0.0000 0.0000 0.0000 0.0000 0.0000 0.0000 0.0000 0.0000 0.0000 0.0000 0.0000 0.0000 0.0000 0.0000 0.0000 0.0000 0.0000 0.0000 0.0000 0.0000 0.0000 0.0000 0.0000 0.0000 0.0000 0.0000 0.0000 0.0000 0.0000 0.0000 0.0000 0.0000 65.4817 -8.4090 -3.3573 19.4096 11.5893 56.9225 -15.1403 -3.6006 26.6125 -1.1963 -0.3183 29.7995 6.0236 -0.8152 -15.4004 8.2056 -0.1989 -2.7721 3.6032 1.2962 39.5604 -5.2519 -1.1244 24.1530 3.7054 -0.0695 -2.1482 10.8251 4.0798 41.2045 -6.3290 -0.5653 10.1976 -2.2245 -0.5432 27.4413 10.7582 4.0652 41.3051 6.4788 1.0724 18.7786 -7.1264 -2.4033 37.2319 18.9765 8.1297 46.0701 2.9392 0.3521 13.6582 -4.9269 -0.6781 15.6634
50.7717 294.3148 65.6205 -14.3654 -6.0753 74.8250 5.9819 -11.5997 -0.9454 21.1986 9.0055 -4.6485 -5.9500 18.2479 5.2793 0.0000 0.0000 0.0000 16.6023 -27.6232 7.8965 1.9746 31.0168 0.4090 -11.3787 -18.4235 -11.4693 0.0000 0.0000 0.0000 -6.3145 0.8321 -2.2888 -6.3145 0.8321 -2.2888 -6.3145 0.8321 -2.2888 21.5257 -3.1511 -0.4445 21.5257 -3.1511 -0.4445 0.0000 0.0000 0.0000 -49.3400 -4.3666 -1.9693 2.2370 -0.7309 -37.0798 3.2561 -0.0518 -1.8222 0.0000 0.0000 0.0000 0.0000 0.0000 0.0000 0.0000 0.0000 0.0000 0.0000 0.0000 0.0000 0.0000 0.0000 0.0000 0.0000 0.0000 0.0000 0.0000 0.0000 0.0000 0.0000 0.0000 0.0000 0.0000 0.0000 0.0000 0.0000 0.0000 0.0000 0.0000 0.0000 0.0000 0.0000 0.0000 0.0000 0.0000 0.0000 0.0000 0.0000 0.0000 0.0000 0.0000 0.0000 0.0000 0.0000 0.0000 0.0000 62.2431 -5.6522 1.5315 11.0235 7.5190 60.6426 -13.9576 -2.7534 22.2149 -3.1450 -0.7545 26.9751 6.6827 -0.9236 -15.7212 5.8291 0.0657 1.2902 4.0510 1.5273 41.3004 -2.3551 -0.3565 17.2118 7.9809 -0.8453 -12.0731 10.4979 4.1778 43.3092 -3.4864 -0.0300 0.9848 -5.2032 -1.3605 29.2890 7.1665 2.6607 40.6955 14.1070 0.0551 0.4450 -3.4119 -1.3507 43.1871 31.0975 10.5294 36.6468 -6.8843 -0.6884 11.4078 1.0302 0.1052 11.6634
52.0693 293.4589 71.9184 -13.6936 -6.0896 74.2328 4.9418 -9.5296 -0.8626 20.3412 5.7852 -3.5759 -3.0612 11.6082 4.5062 0.0000 0.0000 0.0000 15.8244 -26.9651 7.4978 0.6754 30.3910 0.8637 -11.6217 -21.1142 -10.4442 0.0000 0.0000 0.0000 -6.6213 0.9399 -2.5622 -6.6213 0.9399 -2.5622 -6.6213 0.9399 -2.5622 21.3659 -2.9370 -2.3977 21.3659 -2.9370 -2.3977 0.0000 0.0000 0.0000 -47.8473 -3.5711 -3.9345 4.8137 -1.6289 -38.2703 3.5768 -0.1003 -3.2100 0.0000 0.0000 0.0000 0.0000 0.0000 0.0000 0.0000 0.0000 0.0000 0.0000 0.0000 0.0000 0.0000 0.0000 0.0000 0.0000 0.0000 0.0000 0.0000 0.0000 0.0000 0.0000 0.0000 0.0000 0.0000 0.0000 0.0000 0.0000 0.0000 0.0000 0.0000 0.0000 0.0000 0.0000 0.0000 0.0000 0.0000 0.0000 0.0000 0.0000 0.0000 0.0000 0.0000 0.0000 0.0000 0.0000 0.0000 0.0000 59.7155 -3.9939 4.7767 5.9023 4.7471 63.2624 -13.7529 -2.1590 17.7611 -1.6166 -0.4310 29.8567 7.9478 -1.2997 -18.5461 5.2224 0.0141 0.3090 -2.2286 -0.6024 30.2503 0.8869 0.0943 12.1390 12.0732 -2.9514 -27.3817 9.5729 2.1442 25.1958 -1.9795 -0.1567 9.0544 -4.7585 -1.2623 29.6989 2.8917 0.7605 29.4654 12.2877 1.2051 11.1604 -13.7883 -5.4091 42.6805 21.7175 5.9125 30.1353 -7.4419 -0.9491 14.5164 6.1862 1.1967 21.8770
53.1830 293.1554 76.0909 -13.5155 -6.1738 73.6257 4.5483 -8.9479 -0.8428 20.7107 5.0464 -3.4192 -2.5585 11.2399 5.5298 0.0000 0.0000 0.0000 15.5851 -26.3977 7.2774 0.2764 30.1992 1.0005 -10.6267 -20.4733 -9.1235 0.0000 0.0000 0.0000 -6.6082 0.8839 -2.3457 -6.6082 0.8839 -2.3457 -6.6082 0.8839 -2.3457 21.5685 -2.7210 -1.6871 21.5685 -2.7210 -1.6871 0.0000 0.0000 0.0000 -44.1221 -2.2219 -7.5615 5.6537 -1.8393 -36.9166 6.0286 -0.3061 -5.8080 0.0000 0.0000 0.0000 0.0000 0.0000 0.0000 0.0000 0.0000 0.0000 0.0000 0.0000 0.0000 0.0000 0.0000 0.0000 0.0000 0.0000 0.0000 0.0000 0.0000 0.0000 0.0000 0.0000 0.0000 0.0000 0.0000 0.0000 0.0000 0.0000 0.0000 0.0000 0.0000 0.0000 0.0000 0.0000 0.0000 0.0000 0.0000 0.0000 0.0000 0.0000 0.0000 0.0000 0.0000 0.0000 0.0000 0.0000 0.0000 60.6471 -2.5437 8.1958 -0.8476 0.5657 61.5588 -14.4519 -2.1335 16.7092 -1.1127 -0.2530 25.6231 3.7732 -0.4587 -13.8575 23.4041 -0.8669 -4.1835 5.8068 1.3231 25.6523 -4.1484 -0.1526 4.2106 12.4422 -2.2113 -20.0800 8.6090 1.2030 15.8804 5.5009 0.0523 1.0888 -4.8965 -0.8252 19.1207 8.4372 1.1897 16.0241 17.5822 1.6964 10.9371 -6.0589 -1.4916 27.6372 36.9538 7.4094 21.9332 -16.5830 0.0875 -0.6004 8.8006 1.4057 18.1158
54.2533 293.4414 78.7659 -13.9322 -6.4753 71.9046 1.5445 -8.6818 -1.1085 21.2895 3.1985 -2.9601 -1.0218 7.5465 5.1769 0.0000 0.0000 0.0000 15.4709 -25.1232 6.9006 -1.6868 27.6521 1.5717 -10.1384 -20.7794 -8.1534 0.0000 0.0000 0.0000 -6.3821 0.8774 -2.4350 -6.3821 0.8774 -2.4350 -6.3821 0.8774 -2.4350 21.4299 -2.7267 -3.6644 21.4299 -2.7267 -3.6644 0.0000 0.0000 0.0000 -42.7940 -1.4110 -10.2320 7.7110 -2.5228 -37.0857 6.9637 -0.4123 -6.7677 0.0000 0.0000 0.0000 0.0000 0.0000 0.0000 0.0000 0.0000 0.0000 0.0000 0.0000 0.0000 0.0000 0.0000 0.0000 0.0000 0.0000 0.0000 0.0000 0.0000 0.0000 0.0000 0.0000 0.0000 0.0000 0.0000 0.0000 0.0000 0.0000 0.0000 0.0000 0.0000 0.0000 0.0000 0.0000 0.0000 0.0000 0.0000 0.0000 0.0000 0.0000 0.0000 0.0000 0.0000 0.0000 0.0000 0.0000 0.0000 59.7642 -0.6604 12.4880 -8.3623 -3.9116 61.5397 -13.2288 -1.5756 13.5253 -1.1127 -0.2530 25.6231 3.7732 -0.4587 -13.8575 23.4041 -0.8669 -4.1835 5.8068 1.3231 25.6523 -4.1484 -0.1526 4.2106 12.4422 -2.2113 -20.0800 8.6090 1.2030 15.8804 5.5009 0.0523 1.0888 -4.8965 -0.8252 19.1207 8.4372 1.1897 16.0241 17.5822 1.6964 10.9371 -6.0589 -1.4916 27.6372 36.9538 7.4094 21.9332 -16.5830 0.0875 -0.6004 8.8006 1.4057 18.1158
55.1486 293.2243 80.4670 -13.2959 -6.4380 71.1835 -1.7144 -7.9599 -1.3133 20.7980 1.8929 -2.5181 -1.9216 6.3698 1.3576 0.0000 0.0000 0.0000 13.9379 -23.4028 6.0730 -1.2010 25.8077 1.3212 -10.2199 -21.9763 -7.6996 0.0000 0.0000 0.0000 -6.5598 0.8085 -2.2387 -6.5598 0.8085 -2.2387 -6.5598 0.8085 -2.2387 21.2898 -3.0376 -3.0690 21.2898 -3.0376 -3.0690 0.0000 0.0000 0.0000 -39.8080 -1.2966 -10.5531 10.9738 -3.8544 -39.5086 7.6878 -0.7042 -10.4522 0.0000 0.0000 0.0000 0.0000 0.0000 0.0000 0.0000 0.0000 0.0000 0.0000 0.0000 0.0000 0.0000 0.0000 0.0000 0.0000 0.0000 0.0000 0.0000 0.0000 0.0000 0.0000 0.0000 0.0000 0.0000 0.0000 0.0000 0.0000 0.0000 0.0000 0.0000 0.0000 0.0000 0.0000 0.0000 0.0000 0.0000 0.0000 0.0000 0.0000 0.0000 0.0000 0.0000 0.0000 0.0000 0.0000 0.0000 0.0000 56.6271 1.5214 18.0376 -25.2456 -12.6853 56.3480 -10.7708 -0.7232 7.6605 -1.1127 -0.2530 25.6231 3.7732 -0.4587 -13.8575 23.4041 -0.8669 -4.1835 5.8068 1.3231 25.6523 -4.1484 -0.1526 4.2106 12.4422 -2.2113 -20.0800 8.6090 1.2030 15.8804 5.5009 0.0523 1.0888 -4.8965 -0.8252 19.1207 8.4372 1.1897 16.0241 17.5822 1.6964 10.9371 -6.0589 -1.4916 27.6372 36.9538 7.4094 21.9332 -16.5830 0.0875 -0.6004 8.8006 1.4057 18.1158
56.0823 293.2351 81.5540 -13.0404 -6.6600 71.1740 -3.6542 -7.8536 -1.4742 20.9831 1.3677 -2.3861 -1.9199 4.1846 -0.9116 0.0000 0.0000 0.0000 13.7012 -22.5581 5.8039 -1.2197 25.1338 1.2952 -10.5046 -22.2676 -8.0275 0.0000 0.0000 0.0000 -6.5007 0.8319 -2.2618 -6.5007 0.8319 -2.2618 -6.5007 0.8319 -2.2618 21.6491 -1.3213 -0.3771 21.6491 -1.3213 -0.3771 0.0000 0.0000 0.0000 -33.7462 -0.8324 -12.6280 15.2854 -5.2248 -38.4570 11.4372 -1.4039 -13.9510 0.0000 0.0000 0.0000 0.0000 0.0000 0.0000 0.0000 0.0000 0.0000 0.0000 0.0000 0.0000 0.0000 0.0000 0.0000 0.0000 0.0000 0.0000 0.0000 0.0000 0.0000 0.0000 0.0000 0.0000 0.0000 0.0000 0.0000 0.0000 0.0000 0.0000 0.0000 0.0000 0.0000 0.0000 0.0000 0.0000 0.0000 0.0000 0.0000 0.0000 0.0000 0.0000 0.0000 0.0000 0.0000 0.0000 0.0000 0.0000 54.0331 3.3013 23.2361 -40.4827 -17.4758 47.2922 -6.9758 -0.2750 4.5095 -1.1127 -0.2530 25.6231 3.7732 -0.4587 -13.8575 23.4041 -0.8669 -4.1835 5.8068 1.3231 25.6523 -4.1484 -0.1526 4.2106 12.4422 -2.2113 -20.0800 8.6090 1.2030 15.8804 5.5009 0.0523 1.0888 -4.8965 -0.8252 19.1207 8.4372 1.1897 16.0241 17.5822 1.6964 10.9371 -6.0589 -1.4916 27.6372 36.9538 7.4094 21.9332 -16.5830 0.0875 -0.6004 8.8006 1.4057 18.1158
56.8412 293.3262 82.2568 -13.2956 -6.4165 71.9581 -4.6141 -7.6276 -1.5204 21.9263 0.4000 -2.1998 -2.7665 7.1397 -0.1424 0.0000 0.0000 0.0000 13.1659 -21.7875 5.4920 -0.5844 23.8120 1.0407 -10.3638 -23.2329 -7.3334 0.0000 0.0000 0.0000 -6.7928 0.7514 -1.9949 -6.7928 0.7514 -1.9949 -6.7928 0.7514 -1.9949 22.2231 -2.5161 1.9670 22.2231 -2.5161 1.9670 0.0000 0.0000 0.0000 -24.3753 -0.7055 -14.5999 19.5129 -6.4624 -37.2515 14.6454 -1.9851 -15.3565 0.0000 0.0000 0.0000 0.0000 0.0000 0.0000 0.0000 0.0000 0.0000 0.0000 0.0000 0.0000 0.0000 0.0000 0.0000 0.0000 0.0000 0.0000 0.0000 0.0000 0.0000 0.0000 0.0000 0.0000 0.0000 0.0000 0.0000 0.0000 0.0000 0.0000 0.0000 0.0000 0.0000 0.0000 0.0000 0.0000 0.0000 0.0000 0.0000 0.0000 0.0000 0.0000 0.0000 0.0000 0.0000 0.0000 0.0000 0.0000 50.7999 2.5706 22.2470 -51.9510 -22.8340 46.6861 0.6424 0.0006 0.1012 -1.1127 -0.2530 25.6231 3.7732 -0.4587 -13.8575 23.4041 -0.8669 -4.1835 5.8068 1.3231 25.6523 -4.1484 -0.1526 4.2106 12.4422 -2.2113 -20.0800 8.6090 1.2030 15.8804 5.5009 0.0523 1.0888 -4.8965 -0.8252 19.1207 8.4372 1.1897 16.0241 17.5822 1.6964 10.9371 -6.0589 -1.4916 27.6372 36.9538 7.4094 21.9332 -16.5830 0.0875 -0.6004 8.8006 1.4057 18.1158
57.6271 293.7457 82.7180 -13.2673 -6.9350 72.5921 -4.9160 -8.8894 -1.7869 21.7157 2.1218 -2.6935 -2.6306 7.9920 1.2040 0.0000 0.0000 0.0000 13.6884 -21.7693 5.6023 -1.9316 23.8494 1.4502 -10.0149 -22.5580 -7.0816 0.0000 0.0000 0.0000 -6.7918 0.7046 -1.8279 -6.7918 0.7046 -1.8279 -6.7918 0.7046 -1.8279 22.2548 -1.3776 3.7441 22.2548 -1.3776 3.7441 0.0000 0.0000 0.0000 -16.0782 -0.7772 -18.2308 22.2129 -6.8795 -34.9466 20.0635 -2.5748 -14.4802 0.0000 0.0000 0.0000 0.0000 0.0000 0.0000 0.0000 0.0000 0.0000 0.0000 0.0000 0.0000 0.0000 0.0000 0.0000 0.0000 0.0000 0.0000 0.0000 0.0000 0.0000 0.0000 0.0000 0.0000 0.0000 0.0000 0.0000 0.0000 0.0000 0.0000 0.0000 0.0000 0.0000 0.0000 0.0000 0.0000 0.0000 0.0000 0.0000 0.0000 0.0000 0.0000 0.0000 0.0000 0.0000 0.0000 0.0000 0.0000 49.6426 2.3975 22.1058 -58.7737 -24.5864 43.7548 3.2793 -0.0174 -0.6086 0.0000 0.0000 0.0000 0.0000 0.0000 0.0000 0.0000 0.0000 0.0000 0.0000 0.0000 0.0000 0.0000 0.0000 0.0000 0.0000 0.0000 0.0000 0.0000 0.0000 0.0000 0.0000 0.0000 0.0000 0.0000 0.0000 0.0000 0.0000 0.0000 0.0000 0.0000 0.0000 0.0000 0.0000 0.0000 0.0000 0.0000 0.0000 0.0000 0.0000 0.0000 0.0000 0.0000 0.0000 0.0000
58.4052 294.1283 80.9422 -13.2730 -6.2030 71.3578 -5.8894 -9.0511 -1.9181 21.6693 2.5174 -2.8060 -4.1773 12.9507 2.8654 0.0000 0.0000 0.0000 13.1263 -22.2960 5.6087 -1.6322 24.4068 1.3878 -9.4029 -20.7024 -6.9581 0.0000 0.0000 0.0000 -6.7826 0.7310 -1.9001 -6.7826 0.7310 -1.9001 -6.7826 0.7310 -1.9001 22.3280 -1.4435 4.6588 22.3280 -1.4435 4.6588 0.0000 0.0000 0.0000 -3.4294 -1.3783 -15.8073 24.3458 -6.2880 -29.4706 23.3030 -1.9207 -9.2947 0.0000 0.0000 0.0000 0.0000 0.0000 0.0000 0.0000 0.0000 0.0000 0.0000 0.0000 0.0000 0.0000 0.0000 0.0000 0.0000 0.0000 0.0000 0.0000 0.0000 0.0000 0.0000 0.0000 0.0000 0.0000 0.0000 0.0000 0.0000 0.0000 0.0000 0.0000 0.0000 0.0000 0.0000 0.0000 0.0000 0.0000 0.0000 0.0000 0.0000 0.0000 0.0000 0.0000 0.0000 0.0000 0.0000 0.0000 0.0000 41.9725 1.9847 23.6029 -60.7177 -24.4311 41.9405 7.2631 -0.1151 -1.8129 -37.3898 0.8113 -2.3973 32.5568 -2.0428 -6.9876 32.7154 2.9799 10.1282 15.2806 -2.3977 -17.7335 -6.7122 1.4776 -24.8034 26.6342 1.9780 8.3426 20.1783 -1.4709 -8.2529 4.6026 -0.9227 -22.6605 -27.0788 7.3188 -29.7474 13.5634 -2.9118 -24.1282 7.5436 -0.8886 -13.4176 -25.3536 3.0811 -13.6363 4.4393 -0.9445 -24.0101 8.3057 -0.0805 -1.1091 -13.9298 1.5897 -12.9584
58.8837 296.0038 77.0686 -14.0645 -5.3980 68.2687 -4.5748 -9.1601 -1.8027 22.2302 4.2197 -3.3911 -5.5984 18.6457 7.4046 0.0000 0.0000 0.0000 13.5226 -24.8825 6.3479 2.5606 29.6494 0.1752 -8.8068 -22.0310 -5.3255 0.0000 0.0000 0.0000 -6.9050 0.8028 -2.0744 -6.9050 0.8028 -2.0744 -6.9050 0.8028 -2.0744 22.0216 -1.3690 5.7720 22.0216 -1.3690 5.7720 0.0000 0.0000 0.0000 5.5858 -1.8323 -16.4985 25.7403 -5.7053 -25.5047 26.5890 -0.9131 -3.8630 0.0000 0.0000 0.0000 0.0000 0.0000 0.0000 0.0000 0.0000 0.0000 0.0000 0.0000 0.0000 0.0000 0.0000 0.0000 0.0000 0.0000 0.0000 0.0000 0.0000 0.0000 0.0000 0.0000 0.0000 0.0000 0.0000 0.0000 0.0000 0.0000 0.0000 0.0000 0.0000 0.0000 0.0000 0.0000 0.0000 0.0000 0.0000 0.0000 0.0000 0.0000 0.0000 0.0000 0.0000 0.0000 0.0000 0.0000 0.0000 36.2376 2.6615 29.9856 -61.3200 -20.7376 35.4880 7.3856 -0.0336 -0.5212 -37.3898 0.8113 -2.3973 32.5568 -2.0428 -6.9876 32.7154 2.9799 10.1282 15.2806 -2.3977 -17.7335 -6.7122 1.4776 -24.8034 26.6342 1.9780 8.3426 20.1783 -1.4709 -8.2529 4.6026 -0.9227 -22.6605 -27.0788 7.3188 -29.7474 13.5634 -2.9118 -24.1282 7.5436 -0.8886 -13.4176 -25.3536 3.0811 -13.6363 4.4393 -0.9445 -24.0101 8.3057 -0.0805 -1.1091 -13.9298 1.5897 -12.9584
58.9500 296.6116 68.8733 -14.2887 -5.4439 69.3956 -5.4762 -11.2683 -2.3078 21.2902 5.6432 -3.6791 -4.6700 17.5180 8.6951 0.0000 0.0000 0.0000 13.9464 -27.2878 7.0730 -0.6821 32.0095 1.4222 -7.7300 -19.0751 -4.8936 0.0000 0.0000 0.0000 -6.8787 0.7700 -2.0576 -6.8787 0.7700 -2.0576 -6.8787 0.7700 -2.0576 21.7886 -1.5701 4.2868 21.7886 -1.5701 4.2868 0.0000 0.0000 0.0000 16.7956 -2.7753 -18.2030 22.9118 -4.1586 -21.2131 26.4072 -0.1290 -0.5497 0.0000 0.0000 0.0000 0.0000 0.0000 0.0000 0.0000 0.0000 0.0000 0.0000 0.0000 0.0000 0.0000 0.0000 0.0000 0.0000 0.0000 0.0000 0.0000 0.0000 0.0000 0.0000 0.0000 0.0000 0.0000 0.0000 0.0000 0.0000 0.0000 0.0000 0.0000 0.0000 0.0000 0.0000 0.0000 0.0000 0.0000 0.0000 0.0000 0.0000 0.0000 0.0000 0.0000 0.0000 0.0000 0.0000 0.0000 0.0000 29.8517 1.8551 31.8811 -64.7395 -18.7686 30.2189 11.2571 -0.0922 -0.9358 -37.3898 0.8113 -2.3973 32.5568 -2.0428 -6.9876 32.7154 2.9799 10.1282 15.2806 -2.3977 -17.7335 -6.7122 1.4776 -24.8034 26.6342 1.9780 8.3426 20.1783 -1.4709 -8.2529 4.6026 -0.9227 -22.6605 -27.0788 7.3188 -29.7474 13.5634 -2.9118 -24.1282 7.5436 -0.8886 -13.4176 -25.3536 3.0811 -13.6363 4.4393 -0.9445 -24.0101 8.3057 -0.0805 -1.1091 -13.9298 1.5897 -12.9584
58.8200 297.1047 59.2786 -14.4507 -5.4766 70.1535 -6.1435 -12.7113 -2.6811 20.7521 6.6803 -3.8968 -4.0849 16.8063 9.4557 0.0000 0.0000 0.0000 14.2071 -28.9363 7.5758 -2.9651 33.6505 2.3820 -6.8889 -17.1707 -4.3476 0.0000 0.0000 0.0000 -6.8603 0.7471 -2.0417 -6.8603 0.7471 -2.0417 -6.8603 0.7471 -2.0417 21.6200 -1.7044 3.2691 21.6200 -1.7044 3.2691 0.0000 0.0000 0.0000 23.5663 -3.4776 -19.0602 20.2673 -3.2083 -18.7087 25.7660 0.2733 1.1947 0.0000 0.0000 0.0000 0.0000 0.0000 0.0000 0.0000 0.0000 0.0000 0.0000 0.0000 0.0000 0.0000 0.0000 0.0000 0.0000 0.0000 0.0000 0.0000 0.0000 0.0000 0.0000 0.0000 0.0000 0.0000 0.0000 0.0000 0.0000 0.0000 0.0000 0.0000 0.0000 0.0000 0.0000 0.0000 0.0000 0.0000 0.0000 0.0000 0.0000 0.0000 0.0000 0.0000 0.0000 0.0000 0.0000 0.0000 0.0000 25.5033 1.1689 32.9802 -66.1760 -17.2614 27.1136 13.7291 -0.1263 -1.0494 -37.3898 0.8113 -2.3973 32.5568 -2.0428 -6.9876 32.7154 2.9799 10.1282 15.2806 -2.3977 -17.7335 -6.7122 1.4776 -24.8034 26.6342 1.9780 8.3426 20.1783 -1.4709 -8.2529 4.6026 -0.9227 -22.6605 -27.0788 7.3188 -29.7474 13.5634 -2.9118 -24.1282 7.5436 -0.8886 -13.4176 -25.3536 3.0811 -13.6363 4.4393 -0.9445 -24.0101 8.3057 -0.0805 -1.1091 -13.9298 1.5897 -12.9584
58.4116 297.9886 43.0423 -14.5634 -5.5003 70.6664 -6.6207 -13.6897 -2.9483 20.4498 7.4118 -4.0571 -3.7108 16.3367 9.8967 0.0000 0.0000 0.0000 14.3633 -30.0447 7.9145 -4.5076 34.7533 3.0691 -6.3392 -15.9276 -3.9800 0.0000 0.0000 0.0000 -6.8465 0.7313 -2.0296 -6.8465 0.7313 -2.0296 -6.8465 0.7313 -2.0296 21.4987 -1.7943 2.5749 21.4987 -1.7943 2.5749 0.0000 0.0000 0.0000 27.5510 -3.9405 -19.5352 18.3219 -2.6628 -17.3010 25.2614 0.4737 2.1137 0.0000 0.0000 0.0000 0.0000 0.0000 0.0000 0.0000 0.0000 0.0000 0.0000 0.0000 0.0000 0.0000 0.0000 0.0000 0.0000 0.0000 0.0000 0.0000 0.0000 0.0000 0.0000 0.0000 0.0000 0.0000 0.0000 0.0000 0.0000 0.0000 0.0000 0.0000 0.0000 0.0000 0.0000 0.0000 0.0000 0.0000 0.0000 0.0000 0.0000 0.0000 0.0000 0.0000 0.0000 0.0000 0.0000 0.0000 0.0000 22.6719 0.6697 33.5894 -66.7877 -16.2732 25.3023 15.3066 -0.1479 -1.1005 -37.3898 0.8113 -2.3973 32.5568 -2.0428 -6.9876 32.7154 2.9799 10.1282 15.2806 -2.3977 -17.7335 -6.7122 1.4776 -24.8034 26.6342 1.9780 8.3426 20.1783 -1.4709 -8.2529 4.6026 -0.9227 -22.6605 -27.0788 7.3188 -29.7474 13.5634 -2.9118 -24.1282 7.5436 -0.8886 -13.4176 -25.3536 3.0811 -13.6363 4.4393 -0.9445 -24.0101 8.3057 -0.0805 -1.1091 -13.9298 1.5897 -12.9584
58.8260 299.7371 24.8925 -14.6329 -4.7307 69.1919 -7.7255 -14.9496 -3.3831 20.0882 9.5501 -4.5995 -9.2731 27.0951 12.6545 0.0000 0.0000 0.0000 14.3707 -30.2463 7.9703 -4.6689 35.5093 3.1939 -6.8942 -16.6753 -4.6028 0.0000 0.0000 0.0000 -7.0274 0.7371 -2.1450 -7.0274 0.7371 -2.1450 -7.0274 0.7371 -2.1450 21.0888 -0.4313 2.6885 21.0888 -0.4313 2.6885 0.0000 0.0000 0.0000 36.0864 -4.8827 -20.0859 21.2285 -2.2565 -12.8972 26.2451 1.2179 5.2211 0.0000 0.0000 0.0000 0.0000 0.0000 0.0000 0.0000 0.0000 0.0000 0.0000 0.0000 0.0000 0.0000 0.0000 0.0000 0.0000 0.0000 0.0000 0.0000 0.0000 0.0000 0.0000 0.0000 0.0000 0.0000 0.0000 0.0000 0.0000 0.0000 0.0000 0.0000 0.0000 0.0000 0.0000 0.0000 0.0000 0.0000 0.0000 0.0000 0.0000 0.0000 0.0000 0.0000 0.0000 0.0000 0.0000 0.0000 0.0000 16.2207 -0.4991 37.5906 -68.8841 -11.8581 17.8056 18.2618 0.1129 0.7023 0.0000 0.0000 0.0000 0.0000 0.0000 0.0000 0.0000 0.0000 0.0000 0.0000 0.0000 0.0000 0.0000 0.0000 0.0000 0.0000 0.0000 0.0000 0.0000 0.0000 0.0000 0.0000 0.0000 0.0000 0.0000 0.0000 0.0000 0.0000 0.0000 0.0000 0.0000 0.0000 0.0000 0.0000 0.0000 0.0000 0.0000 0.0000 0.0000 0.0000 0.0000 0.0000 0.0000 0.0000 0.0000
59.3604 301.7628 13.4861 -15.3067 -2.5614 66.6425 -6.9711 -20.7314 -4.4858 18.6362 14.9363 -5.7748 -16.9087 38.5111 20.1556 0.0000 0.0000 0.0000 15.1941 -33.1846 9.0284 -6.4841 38.2228 4.1953 -6.5979 -15.0682 -4.8855 0.0000 0.0000 0.0000 -7.6929 0.7247 -2.2073 -7.6929 0.7247 -2.2073 -7.6929 0.7247 -2.2073 21.5340 -0.6267 2.9318 21.5340 -0.6267 2.9318 0.0000 0.0000 0.0000 42.6512 -5.4546 -20.0116 23.8132 -2.0286 -10.4980 25.2953 1.6250 7.2324 0.0000 0.0000 0.0000 0.0000 0.0000 0.0000 0.0000 0.0000 0.0000 0.0000 0.0000 0.0000 0.0000 0.0000 0.0000 0.0000 0.0000 0.0000 0.0000 0.0000 0.0000 0.0000 0.0000 0.0000 0.0000 0.0000 0.0000 0.0000 0.0000 0.0000 0.0000 0.0000 0.0000 0.0000 0.0000 0.0000 0.0000 0.0000 0.0000 0.0000 0.0000 0.0000 0.0000 0.0000 0.0000 0.0000 0.0000 0.0000 8.6920 -2.3563 39.7240 -66.2593 -7.2000 11.3970 19.8356 0.8696 4.9702 0.0000 0.0000 0.0000 0.0000 0.0000 0.0000 0.0000 0.0000 0.0000 0.0000 0.0000 0.0000 0.0000 0.0000 0.0000 0.0000 0.0000 0.0000 0.0000 0.0000 0.0000 0.0000 0.0000 0.0000 0.0000 0.0000 0.0000 0.0000 0.0000 0.0000 0.0000 0.0000 0.0000 0.0000 0.0000 0.0000 0.0000 0.0000 0.0000 0.0000 0.0000 0.0000 0.0000 0.0000 0.0000
59.5949 301.8637 5.3111 -16.2292 -2.7698 67.9435 -8.4326 -19.4982 -4.5166 19.1855 12.5255 -5.2448 -12.9369 33.4989 18.6815 0.0000 0.0000 0.0000 14.4914 -31.9142 8.4534 -6.9726 35.6486 4.1464 -5.9336 -17.0925 -2.6820 0.0000 0.0000 0.0000 -7.5195 0.8038 -2.5290 -7.5195 0.8038 -2.5290 -7.5195 0.8038 -2.5290 22.4393 -1.8275 2.6343 22.4393 -1.8275 2.6343 0.0000 0.0000 0.0000 47.9428 -4.5488 -17.5000 23.3734 -1.1012 -6.2190 26.4280 2.4182 10.2727 0.0000 0.0000 0.0000 0.0000 0.0000 0.0000 0.0000 0.0000 0.0000 0.0000 0.0000 0.0000 0.0000 0.0000 0.0000 0.0000 0.0000 0.0000 0.0000 0.0000 0.0000 0.0000 0.0000 0.0000 0.0000 0.0000 0.0000 0.0000 0.0000 0.0000 0.0000 0.0000 0.0000 0.0000 0.0000 0.0000 0.0000 0.0000 0.0000 0.0000 0.0000 0.0000 0.0000 0.0000 0.0000 0.0000 0.0000 0.0000 2.9294 -3.3853 34.9021 -66.5466 -6.5525 10.3185 20.8419 1.0597 5.7576 0.0000 0.0000 0.0000 0.0000 0.0000 0.0000 0.0000 0.0000 0.0000 0.0000 0.0000 0.0000 0.0000 0.0000 0.0000 0.0000 0.0000 0.0000 0.0000 0.0000 0.0000 0.0000 0.0000 0.0000 0.0000 0.0000 0.0000 0.0000 0.0000 0.0000 0.0000 0.0000 0.0000 0.0000 0.0000 0.0000 0.0000 0.0000 0.0000 0.0000 0.0000 0.0000 0.0000 0.0000 0.0000
60.1904 301.6767 0.9153 -16.5836 -4.2981 68.7492 -8.6935 -18.6490 -4.3755 18.3612 12.0173 -4.9342 -6.3412 22.9139 14.2654 0.0000 0.0000 0.0000 14.7560 -30.0328 8.0291 -8.5053 32.9247 4.4644 -6.6996 -20.3033 -2.5404 0.0000 0.0000 0.0000 -7.0364 0.5562 -2.2714 -7.0364 0.5562 -2.2714 -7.0364 0.5562 -2.2714 23.2204 -3.6212 1.2929 23.2204 -3.6212 1.2929 0.0000 0.0000 0.0000 55.3495 -3.9241 -15.7109 19.1585 -0.2260 -2.2378 25.3694 2.4963 11.0579 0.0000 0.0000 0.0000 0.0000 0.0000 0.0000 0.0000 0.0000 0.0000 0.0000 0.0000 0.0000 0.0000 0.0000 0.0000 0.0000 0.0000 0.0000 0.0000 0.0000 0.0000 0.0000 0.0000 0.0000 0.0000 0.0000 0.0000 0.0000 0.0000 0.0000 0.0000 0.0000 0.0000 0.0000 0.0000 0.0000 0.0000 0.0000 0.0000 0.0000 0.0000 0.0000 0.0000 0.0000 0.0000 0.0000 0.0000 0.0000 -1.8244 -4.5323 35.8952 -61.5442 -3.8170 6.6401 21.6460 1.3403 7.0023 0.0000 0.0000 0.0000 0.0000 0.0000 0.0000 0.0000 0.0000 0.0000 0.0000 0.0000 0.0000 0.0000 0.0000 0.0000 0.0000 0.0000 0.0000 0.0000 0.0000 0.0000 0.0000 0.0000 0.0000 0.0000 0.0000 0.0000 0.0000 0.0000 0.0000 0.0000 0.0000 0.0000 0.0000 0.0000 0.0000 0.0000 0.0000 0.0000 0.0000 0.0000 0.0000 0.0000 0.0000 0.0000
61.0126 301.0869 -1.8489 -18.0755 -3.9702 68.7792 -9.1875 -19.9619 -4.7764 18.6322 12.0460 -4.9982 -5.0499 19.0279 10.2866 0.0000 0.0000 0.0000 14.9042 -31.6755 8.5197 -8.0809 33.2358 4.3349 -6.4465 -20.9868 -1.8012 0.0000 0.0000 0.0000 -6.6261 0.5580 -2.4820 -6.6261 0.5580 -2.4820 -6.6261 0.5580 -2.4820 22.6812 -3.7594 1.3259 22.6812 -3.7594 1.3259 0.0000 0.0000 0.0000 58.4240 -4.4167 -16.1790 19.3672 1.2898 6.6493 23.6944 2.4415 11.6011 0.0000 0.0000 0.0000 0.0000 0.0000 0.0000 0.0000 0.0000 0.0000 0.0000 0.0000 0.0000 0.0000 0.0000 0.0000 0.0000 0.0000 0.0000 0.0000 0.0000 0.0000 0.0000 0.0000 0.0000 0.0000 0.0000 0.0000 0.0000 0.0000 0.0000 0.0000 0.0000 0.0000 0.0000 0.0000 0.0000 0.0000 0.0000 0.0000 0.0000 0.0000 0.0000 0.0000 0.0000 0.0000 0.0000 0.0000 0.0000 -6.0515 -6.2000 39.9759 -59.9008 0.1254 -0.2258 24.4367 2.0531 9.4608 0.0000 0.0000 0.0000 0.0000 0.0000 0.0000 0.0000 0.0000 0.0000 0.0000 0.0000 0.0000 0.0000 0.0000 0.0000 0.0000 0.0000 0.0000 0.0000 0.0000 0.0000 0.0000 0.0000 0.0000 0.0000 0.0000 0.0000 0.0000 0.0000 0.0000 0.0000 0.0000 0.0000 0.0000 0.0000 0.0000 0.0000 0.0000 0.0000 0.0000 0.0000 0.0000 0.0000 0.0000 0.0000
61.5288 300.3387 -5.9918 -19.6636 -4.3007 68.8254 -8.1682 -20.9797 -4.7948 17.7552 12.1221 -4.8356 -7.3673 22.1042 7.5941 0.0000 0.0000 0.0000 15.8909 -32.0998 8.9523 -7.6221 32.9194 4.1234 -5.7687 -20.1586 -0.9928 0.0000 0.0000 0.0000 -6.6007 0.5875 -2.6264 -6.6007 0.5875 -2.6264 -6.6007 0.5875 -2.6264 23.1507 -2.6368 2.1872 23.1507 -2.6368 2.1872 0.0000 0.0000 0.0000 62.1103 -5.0034 -16.6558 17.6844 2.6425 15.9684 23.1526 2.3598 11.4835 0.0000 0.0000 0.0000 0.0000 0.0000 0.0000 0.0000 0.0000 0.0000 0.0000 0.0000 0.0000 0.0000 0.0000 0.0000 0.0000 0.0000 0.0000 0.0000 0.0000 0.0000 0.0000 0.0000 0.0000 0.0000 0.0000 0.0000 0.0000 0.0000 0.0000 0.0000 0.0000 0.0000 0.0000 0.0000 0.0000 0.0000 0.0000 0.0000 0.0000 0.0000 0.0000 0.0000 0.0000 0.0000 0.0000 0.0000 0.0000 -16.8756 -9.9945 43.1147 -58.0621 5.7256 -10.6864 33.3291 4.1114 13.6755 0.0000 0.0000 0.0000 0.0000 0.0000 0.0000 0.0000 0.0000 0.0000 0.0000 0.0000 0.0000 0.0000 0.0000 0.0000 0.0000 0.0000 0.0000 0.0000 0.0000 0.0000 0.0000 0.0000 0.0000 0.0000 0.0000 0.0000 0.0000 0.0000 0.0000 0.0000 0.0000 0.0000 0.0000 0.0000 0.0000 0.0000 0.0000 0.0000 0.0000 0.0000 0.0000 0.0000 0.0000 0.0000
62.0991 299.4250 -10.8727 -21.5291 -4.3049 69.2054 -7.5049 -21.5854 -4.7849 17.5507 11.5852 -4.6543 -5.0116 17.2136 6.8810 0.0000 0.0000 0.0000 16.6583 -31.7137 9.0877 -9.3842 30.6323 4.5270 -5.4399 -19.2179 -0.8308 0.0000 0.0000 0.0000 -6.0929 0.5902 -2.7868 -6.0929 0.5902 -2.7868 -6.0929 0.5902 -2.7868 23.1844 -1.7185 2.7345 23.1844 -1.7185 2.7345 0.0000 0.0000 0.0000 66.2296 -4.7123 -15.9113 13.5380 3.0179 24.1278 23.6867 2.8424 13.4945 0.0000 0.0000 0.0000 0.0000 0.0000 0.0000 0.0000 0.0000 0.0000 0.0000 0.0000 0.0000 0.0000 0.0000 0.0000 0.0000 0.0000 0.0000 0.0000 0.0000 0.0000 0.0000 0.0000 0.0000 0.0000 0.0000 0.0000 0.0000 0.0000 0.0000 0.0000 0.0000 0.0000 0.0000 0.0000 0.0000 0.0000 0.0000 0.0000 0.0000 0.0000 0.0000 0.0000 0.0000 0.0000 0.0000 0.0000 0.0000 -28.8044 -13.0847 41.5193 -54.2700 9.1170 -18.3784 38.4650 5.0840 14.5043 0.0000 0.0000 0.0000 0.0000 0.0000 0.0000 0.0000 0.0000 0.0000 0.0000 0.0000 0.0000 0.0000 0.0000 0.0000 0.0000 0.0000 0.0000 0.0000 0.0000 0.0000 0.0000 0.0000 0.0000 0.0000 0.0000 0.0000 0.0000 0.0000 0.0000 0.0000 0.0000 0.0000 0.0000 0.0000 0.0000 0.0000 0.0000 0.0000 0.0000 0.0000 0.0000 0.0000 0.0000 0.0000
62.6033 298.5137 -15.0878 -23.4701 -4.1703 67.3339 -4.8236 -22.8430 -4.4425 17.0204 12.0521 -4.6651 -7.6617 21.0987 3.9771 0.0000 0.0000 0.0000 19.0922 -32.4055 10.0858 -10.2237 29.2180 4.6541 -7.2949 -16.6573 -5.3257 0.0000 0.0000 0.0000 -5.8111 0.6733 -3.0650 -5.8111 0.6733 -3.0650 -5.8111 0.6733 -3.0650 23.2294 -1.4234 4.5263 23.2294 -1.4234 4.5263 0.0000 0.0000 0.0000 68.6417 -3.0899 -13.7693 14.0690 3.9037 29.9791 21.4590 2.5803 13.5561 0.0000 0.0000 0.0000 0.0000 0.0000 0.0000 0.0000 0.0000 0.0000 0.0000 0.0000 0.0000 0.0000 0.0000 0.0000 0.0000 0.0000 0.0000 0.0000 0.0000 0.0000 0.0000 0.0000 0.0000 0.0000 0.0000 0.0000 0.0000 0.0000 0.0000 0.0000 0.0000 0.0000 0.0000 0.0000 0.0000 0.0000 0.0000 0.0000 0.0000 0.0000 0.0000 0.0000 0.0000 0.0000 0.0000 0.0000 0.0000 -40.0796 -19.2201 46.3429 -48.9234 13.6362 -30.6620 47.4986 6.9687 15.7576 0.0000 0.0000 0.0000 0.0000 0.0000 0.0000 0.0000 0.0000 0.0000 0.0000 0.0000 0.0000 0.0000 0.0000 0.0000 0.0000 0.0000 0.0000 0.0000 0.0000 0.0000 0.0000 0.0000 0.0000 0.0000 0.0000 0.0000 0.0000 0.0000 0.0000 0.0000 0.0000 0.0000 0.0000 0.0000 0.0000 0.0000 0.0000 0.0000 0.0000 0.0000 0.0000 0.0000 0.0000 0.0000
62.8722 297.4317 -17.5524 -26.7153 -4.4877 69.2637 -3.4287 -26.8031 -4.8455 15.9747 13.0080 -4.6825 -5.7247 14.9716 0.5876 0.0000 0.0000 0.0000 21.6264 -35.5943 12.0175 -9.4699 30.1246 4.4970 -7.2755 -15.7554 -5.7536 0.0000 0.0000 0.0000 -5.6225 0.5745 -2.5178 -5.6225 0.5745 -2.5178 -5.6225 0.5745 -2.5178 23.5882 -2.2399 3.2618 23.5882 -2.2399 3.2618 0.0000 0.0000 0.0000 72.9680 -2.4782 -12.9111 10.1092 3.0976 33.0975 18.4589 2.4424 14.9480 0.0000 0.0000 0.0000 0.0000 0.0000 0.0000 0.0000 0.0000 0.0000 0.0000 0.0000 0.0000 0.0000 0.0000 0.0000 0.0000 0.0000 0.0000 0.0000 0.0000 0.0000 0.0000 0.0000 0.0000 0.0000 0.0000 0.0000 0.0000 0.0000 0.0000 0.0000 0.0000 0.0000 0.0000 0.0000 0.0000 0.0000 0.0000 0.0000 0.0000 0.0000 0.0000 0.0000 0.0000 0.0000 0.0000 0.0000 0.0000 -46.8837 -20.4038 43.8622 -48.6116 16.4992 -37.0345 58.3941 8.3630 14.9075 0.0000 0.0000 0.0000 0.0000 0.0000 0.0000 0.0000 0.0000 0.0000 0.0000 0.0000 0.0000 0.0000 0.0000 0.0000 0.0000 0.0000 0.0000 0.0000 0.0000 0.0000 0.0000 0.0000 0.0000 0.0000 0.0000 0.0000 0.0000 0.0000 0.0000 0.0000 0.0000 0.0000 0.0000 0.0000 0.0000 0.0000 0.0000 0.0000 0.0000 0.0000 0.0000 0.0000 0.0000 0.0000
62.8145 296.7346 -19.6317 -28.8266 -4.8673 70.5357 -2.4622 -29.4546 -5.0548 15.2636 13.7323 -4.7023 -4.7918 11.0970 -1.5771 0.0000 0.0000 0.0000 23.4951 -37.6665 13.4616 -8.9246 30.7431 4.3718 -7.2446 -15.1119 -6.0348 0.0000 0.0000 0.0000 -5.5005 0.5072 -2.1159 -5.5005 0.5072 -2.1159 -5.5005 0.5072 -2.1159 23.8517 -2.7847 2.3864 23.8517 -2.7847 2.3864 0.0000 0.0000 0.0000 75.9567 -1.7778 -12.0919 6.9733 2.2481 34.8017 16.4236 2.3024 15.8547 0.0000 0.0000 0.0000 0.0000 0.0000 0.0000 0.0000 0.0000 0.0000 0.0000 0.0000 0.0000 0.0000 0.0000 0.0000 0.0000 0.0000 0.0000 0.0000 0.0000 0.0000 0.0000 0.0000 0.0000 0.0000 0.0000 0.0000 0.0000 0.0000 0.0000 0.0000 0.0000 0.0000 0.0000 0.0000 0.0000 0.0000 0.0000 0.0000 0.0000 0.0000 0.0000 0.0000 0.0000 0.0000 0.0000 0.0000 0.0000 -51.4293 -20.7685 41.7405 -48.0988 17.7866 -40.2008 65.7987 8.5793 13.2277 0.0000 0.0000 0.0000 0.0000 0.0000 0.0000 0.0000 0.0000 0.0000 0.0000 0.0000 0.0000 0.0000 0.0000 0.0000 0.0000 0.0000 0.0000 0.0000 0.0000 0.0000 0.0000 0.0000 0.0000 0.0000 0.0000 0.0000 0.0000 0.0000 0.0000 0.0000 0.0000 0.0000 0.0000 0.0000 0.0000 0.0000 0.0000 0.0000 0.0000 0.0000 0.0000 0.0000 0.0000 0.0000
62.6235 296.2697 -20.8870 -30.1806 -5.2052 71.3766 -1.7960 -31.2022 -5.1606 14.7851 14.2589 -4.7198 -4.3059 8.5957 -3.0023 0.0000 0.0000 0.0000 24.8271 -39.0071 14.4959 -8.5460 31.1792 4.2823 -7.2316 -14.6837 -6.2387 0.0000 0.0000 0.0000 -5.4034 0.4652 -1.8589 -5.4034 0.4652 -1.8589 -5.4034 0.4652 -1.8589 24.0149 -3.1289 1.8229 24.0149 -3.1289 1.8229 0.0000 0.0000 0.0000 77.9168 -1.1456 -11.4218 4.7141 1.5598 35.7007 15.0608 2.1856 16.4222 0.0000 0.0000 0.0000 0.0000 0.0000 0.0000 0.0000 0.0000 0.0000 0.0000 0.0000 0.0000 0.0000 0.0000 0.0000 0.0000 0.0000 0.0000 0.0000 0.0000 0.0000 0.0000 0.0000 0.0000 0.0000 0.0000 0.0000 0.0000 0.0000 0.0000 0.0000 0.0000 0.0000 0.0000 0.0000 0.0000 0.0000 0.0000 0.0000 0.0000 0.0000 0.0000 0.0000 0.0000 0.0000 0.0000 0.0000 0.0000 -54.3610 -20.8910 40.3204 -47.6285 18.3530 -41.8274 70.8340 8.4872 11.9139 0.0000 0.0000 0.0000 0.0000 0.0000 0.0000 0.0000 0.0000 0.0000 0.0000 0.0000 0.0000 0.0000 0.0000 0.0000 0.0000 0.0000 0.0000 0.0000 0.0000 0.0000 0.0000 0.0000 0.0000 0.0000 0.0000 0.0000 0.0000 0.0000 0.0000 0.0000 0.0000 0.0000 0.0000 0.0000 0.0000 0.0000 0.0000 0.0000 0.0000 0.0000 0.0000 0.0000 0.0000 0.0000
62.3890 295.9620 -21.6594 -31.0475 -5.4731 71.9357 -1.3392 -32.3496 -5.2134 14.4649 14.6326 -4.7339 -4.0358 6.9517 -3.9552 0.0000 0.0000 0.0000 25.7524 -39.8729 15.2146 -8.2854 31.4806 4.2192 -7.2307 -14.4038 -6.3872 0.0000 0.0000 0.0000 -5.3224 0.4411 -1.7057 -5.3224 0.4411 -1.7057 -5.3224 0.4411 -1.7057 24.1070 -3.3418 1.4724 24.1070 -3.3418 1.4724 0.0000 0.0000 0.0000 79.1753 -0.6424 -10.9180 3.1605 1.0601 36.1778 14.1619 2.0981 16.7717 0.0000 0.0000 0.0000 0.0000 0.0000 0.0000 0.0000 0.0000 0.0000 0.0000 0.0000 0.0000 0.0000 0.0000 0.0000 0.0000 0.0000 0.0000 0.0000 0.0000 0.0000 0.0000 0.0000 0.0000 0.0000 0.0000 0.0000 0.0000 0.0000 0.0000 0.0000 0.0000 0.0000 0.0000 0.0000 0.0000 0.0000 0.0000 0.0000 0.0000 0.0000 0.0000 0.0000 0.0000 0.0000 0.0000 0.0000 0.0000 -56.2654 -20.9575 39.4290 -47.2537 18.5977 -42.6994 74.1497 8.2929 10.9608 0.0000 0.0000 0.0000 0.0000 0.0000 0.0000 0.0000 0.0000 0.0000 0.0000 0.0000 0.0000 0.0000 0.0000 0.0000 0.0000 0.0000 0.0000 0.0000 0.0000 0.0000 0.0000 0.0000 0.0000 0.0000 0.0000 0.0000 0.0000 0.0000 0.0000 0.0000 0.0000 0.0000 0.0000 0.0000 0.0000 0.0000 0.0000 0.0000 0.0000 0.0000 0.0000 0.0000 0.0000 0.0000
62.9387 292.7481 -22.1450 -36.5346 -2.7207 74.4056 -3.0795 -42.4373 -7.6728 13.8850 21.4455 -6.1418 -2.5983 8.3597 1.7262 0.0000 0.0000 0.0000 28.5559 -49.6485 20.6547 -5.0696 39.4576 3.6886 -5.8821 -11.5321 -5.4542 0.0000 0.0000 0.0000 -4.6731 0.2632 -1.2581 -4.6731 0.2632 -1.2581 -4.6731 0.2632 -1.2581 22.6460 -4.1743 -0.8991 22.6460 -4.1743 -0.8991 0.0000 0.0000 0.0000 82.0568 2.1614 -8.2782 -6.9054 -2.2664 35.4043 11.9783 2.5579 24.0268 0.0000 0.0000 0.0000 0.0000 0.0000 0.0000 0.0000 0.0000 0.0000 0.0000 0.0000 0.0000 0.0000 0.0000 0.0000 0.0000 0.0000 0.0000 0.0000 0.0000 0.0000 0.0000 0.0000 0.0000 0.0000 0.0000 0.0000 0.0000 0.0000 0.0000 0.0000 0.0000 0.0000 0.0000 0.0000 0.0000 0.0000 0.0000 0.0000 0.0000 0.0000 0.0000 0.0000 0.0000 0.0000 0.0000 0.0000 0.0000 -54.8800 -17.6375 35.3175 -53.2267 18.3168 -37.0181 75.9327 10.0673 12.8799 0.0000 0.0000 0.0000 0.0000 0.0000 0.0000 0.0000 0.0000 0.0000 0.0000 0.0000 0.0000 0.0000 0.0000 0.0000 0.0000 0.0000 0.0000 0.0000 0.0000 0.0000 0.0000 0.0000 0.0000 0.0000 0.0000 0.0000 0.0000 0.0000 0.0000 0.0000 0.0000 0.0000 0.0000 0.0000 0.0000 0.0000 0.0000 0.0000 0.0000 0.0000 0.0000 0.0000 0.0000 0.0000
64.0879 287.8063 -22.4571 -40.2353 1.5015 72.0766 -3.6655 -48.1705 -9.0873 16.8647 28.4415 -8.7940 -4.1745 18.6678 12.8099 0.0000 0.0000 0.0000 27.2057 -57.3942 23.3918 7.0815 45.8769 -1.8408 -3.6161 -3.9523 -5.4861 0.0000 0.0000 0.0000 -4.0992 0.3611 -1.7830 -4.0992 0.3611 -1.7830 -4.0992 0.3611 -1.7830 20.7098 -4.3145 -0.3038 20.7098 -4.3145 -0.3038 0.0000 0.0000 0.0000 66.0264 -4.3655 -15.4909 -4.6256 -1.2556 29.4599 26.0717 7.1833 30.3371 0.0000 0.0000 0.0000 0.0000 0.0000 0.0000 0.0000 0.0000 0.0000 0.0000 0.0000 0.0000 0.0000 0.0000 0.0000 0.0000 0.0000 0.0000 0.0000 0.0000 0.0000 0.0000 0.0000 0.0000 0.0000 0.0000 0.0000 0.0000 0.0000 0.0000 0.0000 0.0000 0.0000 0.0000 0.0000 0.0000 0.0000 0.0000 0.0000 0.0000 0.0000 0.0000 0.0000 0.0000 0.0000 0.0000 0.0000 0.0000 -11.4936 -18.1379 80.0377 -80.0775 -10.1957 12.5111 43.4930 -20.5094 -48.7929 0.0000 0.0000 0.0000 0.0000 0.0000 0.0000 0.0000 0.0000 0.0000 0.0000 0.0000 0.0000 0.0000 0.0000 0.0000 0.0000 0.0000 0.0000 0.0000 0.0000 0.0000 0.0000 0.0000 0.0000 0.0000 0.0000 0.0000 0.0000 0.0000 0.0000 0.0000 0.0000 0.0000 0.0000 0.0000 0.0000 0.0000 0.0000 0.0000 0.0000 0.0000 0.0000 0.0000 0.0000 0.0000
63.6946 283.3958 -22.1632 -46.9147 6.2558 72.7546 -2.3353 -64.2696 -11.7983 17.6556 42.2755 -12.8130 -6.9315 26.9114 24.6655 0.0000 0.0000 0.0000 50.8537 -69.4850 47.6946 19.9038 59.6659 -10.4106 -1.6256 -0.3569 -3.5198 0.0000 0.0000 0.0000 -4.0002 0.5831 -3.0744 -4.0002 0.5831 -3.0744 -4.0002 0.5831 -3.0744 15.2175 -10.7403 -6.3688 15.2175 -10.7403 -6.3688 0.0000 0.0000 0.0000 34.2263 -11.0662 -35.1343 30.9485 9.9517 34.0172 44.4056 9.0246 21.8867 0.0000 0.0000 0.0000 0.0000 0.0000 0.0000 0.0000 0.0000 0.0000 0.0000 0.0000 0.0000 0.0000 0.0000 0.0000 0.0000 0.0000 0.0000 0.0000 0.0000 0.0000 0.0000 0.0000 0.0000 0.0000 0.0000 0.0000 0.0000 0.0000 0.0000 0.0000 0.0000 0.0000 0.0000 0.0000 0.0000 0.0000 0.0000 0.0000 0.0000 0.0000 0.0000 0.0000 0.0000 0.0000 0.0000 0.0000 0.0000 13.6858 -0.6621 91.2652 -70.7439 -27.0207 38.5744 3.9101 -2.1601 -57.8215 0.0000 0.0000 0.0000 0.0000 0.0000 0.0000 0.0000 0.0000 0.0000 0.0000 0.0000 0.0000 0.0000 0.0000 0.0000 0.0000 0.0000 0.0000 0.0000 0.0000 0.0000 0.0000 0.0000 0.0000 0.0000 0.0000 0.0000 0.0000 0.0000 0.0000 0.0000 0.0000 0.0000 0.0000 0.0000 0.0000 0.0000 0.0000 0.0000 0.0000 0.0000 0.0000 0.0000 0.0000 0.0000
63.0390 280.6331 -21.0083 -51.7601 9.4796 73.8138 1.0798 -75.2784 -11.7204 16.9739 51.2381 -14.9617 -9.7667 31.2123 29.3830 0.0000 0.0000 0.0000 82.8078 -72.8872 79.6673 34.5568 67.0424 -22.3103 -1.5635 1.3824 -4.6149 0.0000 0.0000 0.0000 -3.7971 0.7572 -4.1622 -3.7971 0.7572 -4.1622 -3.7971 0.7572 -4.1622 11.5438 -14.2760 -10.1988 11.5438 -14.2760 -10.1988 0.0000 0.0000 0.0000 7.7768 -7.6794 -50.0013 66.3700 14.4393 21.0255 51.7128 5.0052 10.3064 0.0000 0.0000 0.0000 0.0000 0.0000 0.0000 0.0000 0.0000 0.0000 0.0000 0.0000 0.0000 0.0000 0.0000 0.0000 0.0000 0.0000 0.0000 0.0000 0.0000 0.0000 0.0000 0.0000 0.0000 0.0000 0.0000 0.0000 0.0000 0.0000 0.0000 0.0000 0.0000 0.0000 0.0000 0.0000 0.0000 0.0000 0.0000 0.0000 0.0000 0.0000 0.0000 0.0000 0.0000 0.0000 0.0000 0.0000 0.0000 21.1083 5.7201 92.2784 -67.1919 -30.5025 46.0265 -5.4745 2.4724 -48.5835 0.0000 0.0000 0.0000 0.0000 0.0000 0.0000 0.0000 0.0000 0.0000 0.0000 0.0000 0.0000 0.0000 0.0000 0.0000 0.0000 0.0000 0.0000 0.0000 0.0000 0.0000 0.0000 0.0000 0.0000 0.0000 0.0000 0.0000 0.0000 0.0000 0.0000 0.0000 0.0000 0.0000 0.0000 0.0000 0.0000 0.0000 0.0000 0.0000 0.0000 0.0000 0.0000 0.0000 0.0000 0.0000
62.6215 278.0138 -10.9685 -54.9560 11.5628 74.7538 9.1844 -82.1355 -6.0870 15.3370 56.6461 -15.4982 -11.6197 33.4456 31.3055 0.0000 0.0000 0.0000 104.7760 -71.5218 101.3697 47.3335 70.5838 -33.5516 -1.9510 2.1619 -6.1148 0.0000 0.0000 0.0000 -3.6144 0.8722 -4.9565 -3.6144 0.8722 -4.9565 -3.6144 0.8722 -4.9565 9.7283 -16.0455 -12.1583 9.7283 -16.0455 -12.1583 0.0000 0.0000 0.0000 -3.5300 -4.0531 -55.1618 84.5833 9.8283 9.9001 51.7212 1.4117 2.9118 0.0000 0.0000 0.0000 0.0000 0.0000 0.0000 0.0000 0.0000 0.0000 0.0000 0.0000 0.0000 0.0000 0.0000 0.0000 0.0000 0.0000 0.0000 0.0000 0.0000 0.0000 0.0000 0.0000 0.0000 0.0000 0.0000 0.0000 0.0000 0.0000 0.0000 0.0000 0.0000 0.0000 0.0000 0.0000 0.0000 0.0000 0.0000 0.0000 0.0000 0.0000 0.0000 0.0000 0.0000 0.0000 0.0000 0.0000 0.0000 23.2304 7.6172 92.7307 -68.0468 -31.7001 47.0292 -7.1208 2.8205 -43.1740 0.0000 0.0000 0.0000 0.0000 0.0000 0.0000 0.0000 0.0000 0.0000 0.0000 0.0000 0.0000 0.0000 0.0000 0.0000 0.0000 0.0000 0.0000 0.0000 0.0000 0.0000 0.0000 0.0000 0.0000 0.0000 0.0000 0.0000 0.0000 0.0000 0.0000 0.0000 0.0000 0.0000 0.0000 0.0000 0.0000 0.0000 0.0000 0.0000 0.0000 0.0000 0.0000 0.0000 0.0000 0.0000
62.1762 276.1897 -0.4586 -56.9682 12.8954 75.4482 29.1022 -86.0031 12.1157 13.4154 59.8254 -15.1317 -12.7336 34.6621 32.1544 0.0000 0.0000 0.0000 115.8312 -69.4060 112.0895 56.5730 72.3165 -42.0235 -2.3310 2.5148 -7.2889 0.0000 0.0000 0.0000 -3.4896 0.9431 -5.4971 -3.4896 0.9431 -5.4971 -3.4896 0.9431 -5.4971 8.9373 -16.9827 -13.0873 8.9373 -16.9827 -13.0873 0.0000 0.0000 0.0000 -8.4516 -2.1210 -57.0785 93.3112 5.4769 4.2709 49.7065 -0.4471 -0.9652 0.0000 0.0000 0.0000 0.0000 0.0000 0.0000 0.0000 0.0000 0.0000 0.0000 0.0000 0.0000 0.0000 0.0000 0.0000 0.0000 0.0000 0.0000 0.0000 0.0000 0.0000 0.0000 0.0000 0.0000 0.0000 0.0000 0.0000 0.0000 0.0000 0.0000 0.0000 0.0000 0.0000 0.0000 0.0000 0.0000 0.0000 0.0000 0.0000 0.0000 0.0000 0.0000 0.0000 0.0000 0.0000 0.0000 0.0000 0.0000 23.8779 8.2283 93.0237 -69.4826 -32.3447 46.7776 -7.1016 2.6089 -40.3015 0.0000 0.0000 0.0000 0.0000 0.0000 0.0000 0.0000 0.0000 0.0000 0.0000 0.0000 0.0000 0.0000 0.0000 0.0000 0.0000 0.0000 0.0000 0.0000 0.0000 0.0000 0.0000 0.0000 0.0000 0.0000 0.0000 0.0000 0.0000 0.0000 0.0000 0.0000 0.0000 0.0000 0.0000 0.0000 0.0000 0.0000 0.0000 0.0000 0.0000 0.0000 0.0000 0.0000 0.0000 0.0000
66.3779 275.5048 7.8651 -61.8055 8.4429 76.5407 2.1649 -84.2747 -12.7098 20.7245 51.8872 -17.3266 -5.4333 25.9592 28.1346 0.0000 0.0000 0.0000 109.9405 -72.7969 108.4451 41.3208 64.9802 -26.5290 -3.2486 -0.5255 -7.0647 0.0000 0.0000 0.0000 -5.0786 0.4512 -2.3429 -5.0786 0.4512 -2.3429 -5.0786 0.4512 -2.3429 16.5498 -13.3548 -8.6380 16.5498 -13.3548 -8.6380 0.0000 0.0000 0.0000 36.8335 -19.4641 -51.6444 27.8502 3.0439 11.3344 45.4007 5.9393 14.1387 0.0000 0.0000 0.0000 0.0000 0.0000 0.0000 0.0000 0.0000 0.0000 0.0000 0.0000 0.0000 0.0000 0.0000 0.0000 0.0000 0.0000 0.0000 0.0000 0.0000 0.0000 0.0000 0.0000 0.0000 0.0000 0.0000 0.0000 0.0000 0.0000 0.0000 0.0000 0.0000 0.0000 0.0000 0.0000 0.0000 0.0000 0.0000 0.0000 0.0000 0.0000 0.0000 0.0000 0.0000 0.0000 0.0000 0.0000 0.0000 1.3399 -10.2390 86.4355 -68.4019 -6.2197 9.4556 11.9564 -3.6681 -34.0049 0.0000 0.0000 0.0000 0.0000 0.0000 0.0000 0.0000 0.0000 0.0000 0.0000 0.0000 0.0000 0.0000 0.0000 0.0000 0.0000 0.0000 0.0000 0.0000 0.0000 0.0000 0.0000 0.0000 0.0000 0.0000 0.0000 0.0000 0.0000 0.0000 0.0000 0.0000 0.0000 0.0000 0.0000 0.0000 0.0000 0.0000 0.0000 0.0000 0.0000 0.0000 0.0000 0.0000 0.0000 0.0000
69.8829 274.7332 22.6680 -64.5666 5.4073 76.7953 -1.5535 -82.6286 -15.6555 23.0510 47.1592 -17.0857 -0.7603 18.9722 25.3240 0.0000 0.0000 0.0000 102.2590 -74.3443 101.3894 34.5742 60.0429 -20.0823 -4.0346 -2.8540 -7.1213 0.0000 0.0000 0.0000 -5.4870 0.1498 -0.7919 -5.4870 0.1498 -0.7919 -5.4870 0.1498 -0.7919 19.5589 -10.7616 -4.2666 19.5589 -10.7616 -4.2666 0.0000 0.0000 0.0000 57.3822 -23.4153 -43.9356 11.9385 0.7092 5.8760 33.5597 6.1774 20.2916 0.0000 0.0000 0.0000 0.0000 0.0000 0.0000 0.0000 0.0000 0.0000 0.0000 0.0000 0.0000 0.0000 0.0000 0.0000 0.0000 0.0000 0.0000 0.0000 0.0000 0.0000 0.0000 0.0000 0.0000 0.0000 0.0000 0.0000 0.0000 0.0000 0.0000 0.0000 0.0000 0.0000 0.0000 0.0000 0.0000 0.0000 0.0000 0.0000 0.0000 0.0000 0.0000 0.0000 0.0000 0.0000 0.0000 0.0000 0.0000 -12.4843 -17.1407 74.6424 -56.0771 0.7462 -1.4557 20.1763 -4.8171 -26.6032 0.0000 0.0000 0.0000 0.0000 0.0000 0.0000 0.0000 0.0000 0.0000 0.0000 0.0000 0.0000 0.0000 0.0000 0.0000 0.0000 0.0000 0.0000 0.0000 0.0000 0.0000 0.0000 0.0000 0.0000 0.0000 0.0000 0.0000 0.0000 0.0000 0.0000 0.0000 0.0000 0.0000 0.0000 0.0000 0.0000 0.0000 0.0000 0.0000 0.0000 0.0000 0.0000 0.0000 0.0000 0.0000
74.9723 277.6359 31.8120 -70.5683 3.2524 75.6094 -14.7921 -74.8365 -24.1199 24.6432 31.1511 -12.5059 -0.3950 9.1836 8.9892 0.0000 0.0000 0.0000 76.7444 -78.4571 79.1587 27.4263 47.4372 -12.4729 -5.0891 -4.3097 -8.3432 0.0000 0.0000 0.0000 -5.2593 0.0491 -0.3407 -5.2593 0.0491 -0.3407 -5.2593 0.0491 -0.3407 19.6613 -3.6816 -0.9791 19.6613 -3.6816 -0.9791 0.0000 0.0000 0.0000 44.0012 -12.7306 -33.6152 3.1870 -0.0449 -2.5133 41.1186 10.6069 27.8026 0.0000 0.0000 0.0000 0.0000 0.0000 0.0000 0.0000 0.0000 0.0000 0.0000 0.0000 0.0000 0.0000 0.0000 0.0000 0.0000 0.0000 0.0000 0.0000 0.0000 0.0000 0.0000 0.0000 0.0000 0.0000 0.0000 0.0000 0.0000 0.0000 0.0000 0.0000 0.0000 0.0000 0.0000 0.0000 0.0000 0.0000 0.0000 0.0000 0.0000 0.0000 0.0000 0.0000 0.0000 0.0000 0.0000 0.0000 0.0000 3.7209 -6.2714 67.9320 -61.6296 -6.4712 11.2224 18.7992 -4.0879 -24.3324 0.0000 0.0000 0.0000 0.0000 0.0000 0.0000 0.0000 0.0000 0.0000 0.0000 0.0000 0.0000 0.0000 0.0000 0.0000 0.0000 0.0000 0.0000 0.0000 0.0000 0.0000 0.0000 0.0000 0.0000 0.0000 0.0000 0.0000 0.0000 0.0000 0.0000 0.0000 0.0000 0.0000 0.0000 0.0000 0.0000 0.0000 0.0000 0.0000 0.0000 0.0000 0.0000 0.0000 0.0000 0.0000
79.3468 279.8089 37.3331 -74.2283 1.9040 74.4688 -15.8545 -68.8591 -22.5103 24.8996 19.6917 -8.8229 -2.8717 6.2679 -1.3721 0.0000 0.0000 0.0000 52.5123 -78.3397 56.1595 23.4183 38.5503 -8.7716 -5.2187 -3.8253 -8.9494 0.0000 0.0000 0.0000 -4.9853 -0.0096 -0.0414 -4.9853 -0.0096 -0.0414 -4.9853 -0.0096 -0.0414 19.0479 -0.0697 0.7620 19.0479 -0.0697 0.7620 0.0000 0.0000 0.0000 22.5574 -4.0654 -21.2529 -11.0231 0.8135 -9.3144 6.2347 2.6631 46.2251 0.0000 0.0000 0.0000 0.0000 0.0000 0.0000 0.0000 0.0000 0.0000 0.0000 0.0000 0.0000 0.0000 0.0000 0.0000 0.0000 0.0000 0.0000 0.0000 0.0000 0.0000 0.0000 0.0000 0.0000 0.0000 0.0000 0.0000 0.0000 0.0000 0.0000 0.0000 0.0000 0.0000 0.0000 0.0000 0.0000 0.0000 0.0000 0.0000 0.0000 0.0000 0.0000 0.0000 0.0000 0.0000 0.0000 0.0000 0.0000 14.0985 -0.7286 61.9050 -61.4717 -11.2073 19.4142 15.6032 -2.9639 -21.3857 0.0000 0.0000 0.0000 0.0000 0.0000 0.0000 0.0000 0.0000 0.0000 0.0000 0.0000 0.0000 0.0000 0.0000 0.0000 0.0000 0.0000 0.0000 0.0000 0.0000 0.0000 0.0000 0.0000 0.0000 0.0000 0.0000 0.0000 0.0000 0.0000 0.0000 0.0000 0.0000 0.0000 0.0000 0.0000 0.0000 0.0000 0.0000 0.0000 0.0000 0.0000 0.0000 0.0000 0.0000 0.0000
84.6386 283.7448 40.9084 -86.1665 2.3138 78.9984 -15.9558 -74.6994 -24.9898 24.8499 15.2919 -7.3722 -2.1505 5.6369 -0.0519 0.0000 0.0000 0.0000 70.8822 -79.6072 74.5436 18.4368 30.9557 -5.6126 -5.9465 -3.6596 -10.5822 0.0000 0.0000 0.0000 -3.6786 -0.1292 1.0629 -3.6786 -0.1292 1.0629 -3.6786 -0.1292 1.0629 18.8388 -5.3524 0.0317 18.8388 -5.3524 0.0317 0.0000 0.0000 0.0000 7.4999 -8.5473 -55.2609 -13.9435 0.3786 -3.9945 22.1275 1.9485 9.9411 0.0000 0.0000 0.0000 0.0000 0.0000 0.0000 0.0000 0.0000 0.0000 0.0000 0.0000 0.0000 0.0000 0.0000 0.0000 0.0000 0.0000 0.0000 0.0000 0.0000 0.0000 0.0000 0.0000 0.0000 0.0000 0.0000 0.0000 0.0000 0.0000 0.0000 0.0000 0.0000 0.0000 0.0000 0.0000 0.0000 0.0000 0.0000 0.0000 0.0000 0.0000 0.0000 0.0000 0.0000 0.0000 0.0000 0.0000 0.0000 20.7925 3.0680 68.9704 -24.4601 -6.7497 32.7962 -15.9611 4.2999 -29.9818 0.0000 0.0000 0.0000 0.0000 0.0000 0.0000 0.0000 0.0000 0.0000 0.0000 0.0000 0.0000 0.0000 0.0000 0.0000 0.0000 0.0000 0.0000 0.0000 0.0000 0.0000 0.0000 0.0000 0.0000 0.0000 0.0000 0.0000 0.0000 0.0000 0.0000 0.0000 0.0000 0.0000 0.0000 0.0000 0.0000 0.0000 0.0000 0.0000 0.0000 0.0000 0.0000 0.0000 0.0000 0.0000
89.2197 287.8125 43.2836 -93.5714 1.6325 81.7383 -13.5976 -78.5762 -24.6828 24.7344 12.6793 -6.4949 -2.0006 5.6631 0.3818 0.0000 0.0000 0.0000 84.3885 -79.3189 87.6200 14.8920 26.4208 -3.8827 -6.3698 -3.4990 -11.5759 0.0000 0.0000 0.0000 -3.1123 -0.2193 1.8123 -3.1123 -0.2193 1.8123 -3.1123 -0.2193 1.8123 18.9763 -8.4592 -0.2225 18.9763 -8.4592 -0.2225 0.0000 0.0000 0.0000 6.0382 -10.3432 -68.4958 -14.3738 0.1451 -2.0497 29.9413 1.4093 5.2670 0.0000 0.0000 0.0000 0.0000 0.0000 0.0000 0.0000 0.0000 0.0000 0.0000 0.0000 0.0000 0.0000 0.0000 0.0000 0.0000 0.0000 0.0000 0.0000 0.0000 0.0000 0.0000 0.0000 0.0000 0.0000 0.0000 0.0000 0.0000 0.0000 0.0000 0.0000 0.0000 0.0000 0.0000 0.0000 0.0000 0.0000 0.0000 0.0000 0.0000 0.0000 0.0000 0.0000 0.0000 0.0000 0.0000 0.0000 0.0000 22.5468 4.3170 71.4421 -10.8985 -2.1839 26.9348 -28.1125 6.9219 -27.1598 0.0000 0.0000 0.0000 0.0000 0.0000 0.0000 0.0000 0.0000 0.0000 0.0000 0.0000 0.0000 0.0000 0.0000 0.0000 0.0000 0.0000 0.0000 0.0000 0.0000 0.0000 0.0000 0.0000 0.0000 0.0000 0.0000 0.0000 0.0000 0.0000 0.0000 0.0000 0.0000 0.0000 0.0000 0.0000 0.0000 0.0000 0.0000 0.0000 0.0000 0.0000 0.0000 0.0000 0.0000 0.0000
92.6891 291.3168 44.6750 -97.7751 0.7822 83.3420 -9.5076 -80.7845 -22.0502 24.5940 11.1182 -5.9587 -1.9335 6.0759 1.0051 0.0000 0.0000 0.0000 90.9648 -78.6358 93.6582 12.5583 23.7598 -2.9275 -6.7496 -3.4388 -12.4039 0.0000 0.0000 0.0000 -2.8089 -0.2821 2.1542 -2.8089 -0.2821 2.1542 -2.8089 -0.2821 2.1542 19.1858 -9.9723 -0.1972 19.1858 -9.9723 -0.1972 0.0000 0.0000 0.0000 6.4704 -11.7527 -74.3060 -14.7005 0.0716 -1.4541 35.2746 1.4929 4.6933 0.0000 0.0000 0.0000 0.0000 0.0000 0.0000 0.0000 0.0000 0.0000 0.0000 0.0000 0.0000 0.0000 0.0000 0.0000 0.0000 0.0000 0.0000 0.0000 0.0000 0.0000 0.0000 0.0000 0.0000 0.0000 0.0000 0.0000 0.0000 0.0000 0.0000 0.0000 0.0000 0.0000 0.0000 0.0000 0.0000 0.0000 0.0000 0.0000 0.0000 0.0000 0.0000 0.0000 0.0000 0.0000 0.0000 0.0000 0.0000 23.5803 5.0635 72.5733 -6.3764 -0.9358 23.0890 -32.9916 7.8608 -26.1242 0.0000 0.0000 0.0000 0.0000 0.0000 0.0000 0.0000 0.0000 0.0000 0.0000 0.0000 0.0000 0.0000 0.0000 0.0000 0.0000 0.0000 0.0000 0.0000 0.0000 0.0000 0.0000 0.0000 0.0000 0.0000 0.0000 0.0000 0.0000 0.0000 0.0000 0.0000 0.0000 0.0000 0.0000 0.0000 0.0000 0.0000 0.0000 0.0000 0.0000 0.0000 0.0000 0.0000 0.0000 0.0000
95.1747 294.0535 45.5084 -100.1268 0.0650 84.3057 -5.0836 -81.9745 -18.5887 24.4535 10.1663 -5.6229 -1.9355 6.5011 1.4639 0.0000 0.0000 0.0000 93.8105 -78.0627 96.0466 11.0910 22.1695 -2.3888 -6.9992 -3.4186 -12.9319 0.0000 0.0000 0.0000 -2.6018 -0.3160 2.2721 -2.6018 -0.3160 2.2721 -2.6018 -0.3160 2.2721 19.3690 -10.6229 -0.0719 19.3690 -10.6229 -0.0719 0.0000 0.0000 0.0000 6.8888 -12.6050 -77.0595 -14.9180 0.0509 -1.2872 38.9691 1.6610 4.6922 0.0000 0.0000 0.0000 0.0000 0.0000 0.0000 0.0000 0.0000 0.0000 0.0000 0.0000 0.0000 0.0000 0.0000 0.0000 0.0000 0.0000 0.0000 0.0000 0.0000 0.0000 0.0000 0.0000 0.0000 0.0000 0.0000 0.0000 0.0000 0.0000 0.0000 0.0000 0.0000 0.0000 0.0000 0.0000 0.0000 0.0000 0.0000 0.0000 0.0000 0.0000 0.0000 0.0000 0.0000 0.0000 0.0000 0.0000 0.0000 24.4674 5.6831 73.2145 -4.7027 -0.5434 21.1833 -35.7224 8.4188 -25.7314 0.0000 0.0000 0.0000 0.0000 0.0000 0.0000 0.0000 0.0000 0.0000 0.0000 0.0000 0.0000 0.0000 0.0000 0.0000 0.0000 0.0000 0.0000 0.0000 0.0000 0.0000 0.0000 0.0000 0.0000 0.0000 0.0000 0.0000 0.0000 0.0000 0.0000 0.0000 0.0000 0.0000 0.0000 0.0000 0.0000 0.0000 0.0000 0.0000 0.0000 0.0000 0.0000 0.0000 0.0000 0.0000
96.9083 296.1052 45.7440 -101.4566 -0.4726 84.9054 -1.3105 -82.6042 -15.4333 24.3276 9.5733 -5.4076 -1.9697 6.8335 1.7396 0.0000 0.0000 0.0000 94.9987 -77.6614 96.8947 10.1688 21.1995 -2.0729 -7.1616 -3.4133 -13.2689 0.0000 0.0000 0.0000 -2.4491 -0.3305 2.2916 -2.4491 -0.3305 2.2916 -2.4491 -0.3305 2.2916 19.5092 -10.8699 0.0635 19.5092 -10.8699 0.0635 0.0000 0.0000 0.0000 7.1214 -13.0645 -78.4386 -15.0352 0.0490 -1.2701 41.4657 1.7714 4.6776 0.0000 0.0000 0.0000 0.0000 0.0000 0.0000 0.0000 0.0000 0.0000 0.0000 0.0000 0.0000 0.0000 0.0000 0.0000 0.0000 0.0000 0.0000 0.0000 0.0000 0.0000 0.0000 0.0000 0.0000 0.0000 0.0000 0.0000 0.0000 0.0000 0.0000 0.0000 0.0000 0.0000 0.0000 0.0000 0.0000 0.0000 0.0000 0.0000 0.0000 0.0000 0.0000 0.0000 0.0000 0.0000 0.0000 0.0000 0.0000 25.1972 6.1853 73.6155 -4.1044 -0.4124 20.2678 -37.4628 8.7785 -25.5091 0.0000 0.0000 0.0000 0.0000 0.0000 0.0000 0.0000 0.0000 0.0000 0.0000 0.0000 0.0000 0.0000 0.0000 0.0000 0.0000 0.0000 0.0000 0.0000 0.0000 0.0000 0.0000 0.0000 0.0000 0.0000 0.0000 0.0000 0.0000 0.0000 0.0000 0.0000 0.0000 0.0000 0.0000 0.0000 0.0000 0.0000 0.0000 0.0000 0.0000 0.0000 0.0000 0.0000 0.0000 0.0000
98.1079 297.5763 45.8923 -102.2228 -0.8566 85.2897 1.5090 -82.9394 -13.0064 24.2234 9.1977 -5.2674 -2.0119 7.0684 1.8876 0.0000 0.0000 0.0000 95.4698 -77.3953 97.1277 9.5864 20.5962 -1.8820 -7.2700 -3.4131 -13.4908 0.0000 0.0000 0.0000 -2.3368 -0.3346 2.2746 -2.3368 -0.3346 2.2746 -2.3368 -0.3346 2.2746 19.6087 -10.9430 0.1770 19.6087 -10.9430 0.1770 0.0000 0.0000 0.0000 7.2272 -13.2994 -79.1614 -15.0855 0.0539 -1.3062 43.1177 1.8198 4.6039 0.0000 0.0000 0.0000 0.0000 0.0000 0.0000 0.0000 0.0000 0.0000 0.0000 0.0000 0.0000 0.0000 0.0000 0.0000 0.0000 0.0000 0.0000 0.0000 0.0000 0.0000 0.0000 0.0000 0.0000 0.0000 0.0000 0.0000 0.0000 0.0000 0.0000 0.0000 0.0000 0.0000 0.0000 0.0000 0.0000 0.0000 0.0000 0.0000 0.0000 0.0000 0.0000 0.0000 0.0000 0.0000 0.0000 0.0000 0.0000 25.7561 6.5682 73.8767 -3.9388 -0.3745 19.8366 -38.6021 9.0079 -25.3521 0.0000 0.0000 0.0000 0.0000 0.0000 0.0000 0.0000 0.0000 0.0000 0.0000 0.0000 0.0000 0.0000 0.0000 0.0000 0.0000 0.0000 0.0000 0.0000 0.0000 0.0000 0.0000 0.0000 0.0000 0.0000 0.0000 0.0000 0.0000 0.0000 0.0000 0.0000 0.0000 0.0000 0.0000 0.0000 0.0000 0.0000 0.0000 0.0000 0.0000 0.0000 0.0000 0.0000 0.0000 0.0000
98.9375 298.6159 45.9882 -102.6732 -1.1247 85.5410 3.4730 -83.1214 -11.2918 24.1417 8.9569 -5.1751 -2.0509 7.2272 1.9595 0.0000 0.0000 0.0000 95.6333 -77.2222 97.1294 9.2158 20.2143 -1.7637 -7.3434 -3.4141 -13.6400 0.0000 0.0000 0.0000 -2.2557 -0.3342 2.2480 -2.2557 -0.3342 2.2480 -2.2557 -0.3342 2.2480 19.6772 -10.9469 0.2629 19.6772 -10.9469 0.2629 0.0000 0.0000 0.0000 7.2654 -13.4156 -79.5554 -15.0987 0.0611 -1.3594 44.1890 1.8530 4.5626 0.0000 0.0000 0.0000 0.0000 0.0000 0.0000 0.0000 0.0000 0.0000 0.0000 0.0000 0.0000 0.0000 0.0000 0.0000 0.0000 0.0000 0.0000 0.0000 0.0000 0.0000 0.0000 0.0000 0.0000 0.0000 0.0000 0.0000 0.0000 0.0000 0.0000 0.0000 0.0000 0.0000 0.0000 0.0000 0.0000 0.0000 0.0000 0.0000 0.0000 0.0000 0.0000 0.0000 0.0000 0.0000 0.0000 0.0000 0.0000 26.1642 6.8474 74.0502 -3.9409 -0.3711 19.6399 -39.3475 9.1526 -25.2377 0.0000 0.0000 0.0000 0.0000 0.0000 0.0000 0.0000 0.0000 0.0000 0.0000 0.0000 0.0000 0.0000 0.0000 0.0000 0.0000 0.0000 0.0000 0.0000 0.0000 0.0000 0.0000 0.0000 0.0000 0.0000 0.0000 0.0000 0.0000 0.0000 0.0000 0.0000 0.0000 0.0000 0.0000 0.0000 0.0000 0.0000 0.0000 0.0000 0.0000 0.0000 0.0000 0.0000 0.0000 0.0000
112.9182 324.8572 46.0515 -141.2009 -0.1859 91.9626 56.1137 -97.6566 44.8665 71.8119 35.5083 -38.3201 -0.6323 26.1968 47.9096 0.0000 0.0000 0.0000 151.6042 -72.9705 160.3482 80.2580 24.0984 -27.1778 20.1235 38.4681 123.1541 0.0000 0.0000 0.0000 0.2401 -0.0223 2.5620 0.2401 -0.0223 2.5620 0.2401 -0.0223 2.5620 3.9371 4.8562 -7.9255 3.9371 4.8562 -7.9255 0.0000 0.0000 0.0000 11.0757 -11.0449 -59.7629 -15.5296 1.6651 -13.0651 -2.6567 -1.0038 41.3894 0.0000 0.0000 0.0000 0.0000 0.0000 0.0000 0.0000 0.0000 0.0000 0.0000 0.0000 0.0000 0.0000 0.0000 0.0000 0.0000 0.0000 0.0000 0.0000 0.0000 0.0000 0.0000 0.0000 0.0000 0.0000 0.0000 0.0000 0.0000 0.0000 0.0000 0.0000 0.0000 0.0000 0.0000 0.0000 0.0000 0.0000 0.0000 0.0000 0.0000 0.0000 0.0000 0.0000 0.0000 0.0000 0.0000 0.0000 0.0000 4.6453 -4.1644 49.4752 -14.7653 -6.9726 56.3865 1.4934 -1.1124 -73.3595 0.0000 0.0000 0.0000 0.0000 0.0000 0.0000 0.0000 0.0000 0.0000 0.0000 0.0000 0.0000 0.0000 0.0000 0.0000 0.0000 0.0000 0.0000 0.0000 0.0000 0.0000 0.0000 0.0000 0.0000 0.0000 0.0000 0.0000 0.0000 0.0000 0.0000 0.0000 0.0000 0.0000 0.0000 0.0000 0.0000 0.0000 0.0000 0.0000 0.0000 0.0000 0.0000 0.0000 0.0000 0.0000
128.8763 315.9377 46.0944 -210.1553 -5.0562 96.9199 16.3534 -134.1045 -0.0372 132.1257 63.1090 -127.1241 -32.1981 52.1263 30.5087 0.0000 0.0000 0.0000 173.7416 -36.1214 201.7532 111.1364 9.3391 -27.3436 -99.2647 116.5155 86.0285 0.0000 0.0000 0.0000 -0.5374 -0.2010 4.4955 -0.5374 -0.2010 4.4955 -0.5374 -0.2010 4.4955 22.7120 28.4810 -10.7359 22.7120 28.4810 -10.7359 0.0000 0.0000 0.0000 -41.2954 4.8202 -32.8602 -10.9596 2.6787 -28.2923 0.1994 -0.0080 -4.5728 0.0000 0.0000 0.0000 0.0000 0.0000 0.0000 0.0000 0.0000 0.0000 0.0000 0.0000 0.0000 0.0000 0.0000 0.0000 0.0000 0.0000 0.0000 0.0000 0.0000 0.0000 0.0000 0.0000 0.0000 0.0000 0.0000 0.0000 0.0000 0.0000 0.0000 0.0000 0.0000 0.0000 0.0000 0.0000 0.0000 0.0000 0.0000 0.0000 0.0000 0.0000 0.0000 0.0000 0.0000 0.0000 0.0000 0.0000 0.0000 58.3489 -6.9570 -2.4891 76.5589 41.5293 49.9010 -88.9160 -24.2341 24.6829 0.0000 0.0000 0.0000 0.0000 0.0000 0.0000 0.0000 0.0000 0.0000 0.0000 0.0000 0.0000 0.0000 0.0000 0.0000 0.0000 0.0000 0.0000 0.0000 0.0000 0.0000 0.0000 0.0000 0.0000 0.0000 0.0000 0.0000 0.0000 0.0000 0.0000 0.0000 0.0000 0.0000 0.0000 0.0000 0.0000 0.0000 0.0000 0.0000 0.0000 0.0000 0.0000 0.0000 0.0000 0.0000
141.7936 307.4105 46.3521 -240.7999 -4.5765 88.3197 -0.2951 -127.0075 -31.7510 208.6802 101.6915 -213.5727 -23.5938 44.7646 31.9667 0.0000 0.0000 0.0000 182.4410 -36.8482 224.4832 100.5098 -18.8417 8.5073 -113.6903 122.6691 80.9079 0.0000 0.0000 0.0000 -3.3663 -0.2861 1.8059 -3.3663 -0.2861 1.8059 -3.3663 -0.2861 1.8059 19.1279 12.2979 -4.3835 19.1279 12.2979 -4.3835 0.0000 0.0000 0.0000 -45.9526 9.4370 -43.8365 29.8262 -8.6782 -32.7037 55.4919 -17.5740 -32.7509 0.0000 0.0000 0.0000 0.0000 0.0000 0.0000 0.0000 0.0000 0.0000 0.0000 0.0000 0.0000 0.0000 0.0000 0.0000 0.0000 0.0000 0.0000 0.0000 0.0000 0.0000 0.0000 0.0000 0.0000 0.0000 0.0000 0.0000 0.0000 0.0000 0.0000 0.0000 0.0000 0.0000 0.0000 0.0000 0.0000 0.0000 0.0000 0.0000 0.0000 0.0000 0.0000 0.0000 0.0000 0.0000 0.0000 0.0000 0.0000 81.0981 10.6597 28.6170 52.9220 19.4087 36.5758 -78.7640 -38.2200 45.7671 0.0000 0.0000 0.0000 0.0000 0.0000 0.0000 0.0000 0.0000 0.0000 0.0000 0.0000 0.0000 0.0000 0.0000 0.0000 0.0000 0.0000 0.0000 0.0000 0.0000 0.0000 0.0000 0.0000 0.0000 0.0000 0.0000 0.0000 0.0000 0.0000 0.0000 0.0000 0.0000 0.0000 0.0000 0.0000 0.0000 0.0000 0.0000 0.0000 0.0000 0.0000 0.0000 0.0000 0.0000 0.0000
145.4337 291.3539 101.4078 -256.1823 -6.6204 100.2704 11.7740 -117.6997 -7.3381 191.3117 104.9593 -197.6811 9.6638 12.5628 39.4517 0.0000 0.0000 0.0000 171.8437 -61.4232 189.1402 100.2649 -6.0148 -6.1225 -183.7305 150.0727 117.6763 0.0000 0.0000 0.0000 -4.3499 -0.6659 5.1506 -4.3499 -0.6659 5.1506 -4.3499 -0.6659 5.1506 21.3139 1.2780 -9.0603 21.3139 1.2780 -9.0603 0.0000 0.0000 0.0000 -64.7820 13.8737 -40.2740 15.2503 -4.8434 -35.9619 38.5762 -15.5486 -42.6231 0.0000 0.0000 0.0000 0.0000 0.0000 0.0000 0.0000 0.0000 0.0000 0.0000 0.0000 0.0000 0.0000 0.0000 0.0000 0.0000 0.0000 0.0000 0.0000 0.0000 0.0000 0.0000 0.0000 0.0000 0.0000 0.0000 0.0000 0.0000 0.0000 0.0000 0.0000 0.0000 0.0000 0.0000 0.0000 0.0000 0.0000 0.0000 0.0000 0.0000 0.0000 0.0000 0.0000 0.0000 0.0000 0.0000 0.0000 0.0000 75.9556 10.3154 29.8511 37.2970 14.1774 38.6061 -105.6390 -24.5605 18.7507 0.0000 0.0000 0.0000 0.0000 0.0000 0.0000 0.0000 0.0000 0.0000 0.0000 0.0000 0.0000 0.0000 0.0000 0.0000 0.0000 0.0000 0.0000 0.0000 0.0000 0.0000 0.0000 0.0000 0.0000 0.0000 0.0000 0.0000 0.0000 0.0000 0.0000 0.0000 0.0000 0.0000 0.0000 0.0000 0.0000 0.0000 0.0000 0.0000 0.0000 0.0000 0.0000 0.0000 0.0000 0.0000
146.3000 277.0413 160.5092 -264.8576 -11.0965 107.2818 26.3621 -117.1711 16.0655 251.4846 77.0266 -273.2276 51.7033 -10.5065 68.5293 0.0000 0.0000 0.0000 178.5592 -66.7868 198.2171 114.8061 -10.6731 -1.0419 -195.0000 163.8954 126.4513 0.0000 0.0000 0.0000 -4.6047 -0.9266 6.6021 -4.6047 -0.9266 6.6021 -4.6047 -0.9266 6.6021 20.8114 -5.5221 -10.8928 20.8114 -5.5221 -10.8928 0.0000 0.0000 0.0000 -71.7889 15.0456 -38.4141 8.4218 -3.2047 -42.5057 25.6941 -10.5069 -43.9164 0.0000 0.0000 0.0000 0.0000 0.0000 0.0000 0.0000 0.0000 0.0000 0.0000 0.0000 0.0000 0.0000 0.0000 0.0000 0.0000 0.0000 0.0000 0.0000 0.0000 0.0000 0.0000 0.0000 0.0000 0.0000 0.0000 0.0000 0.0000 0.0000 0.0000 0.0000 0.0000 0.0000 0.0000 0.0000 0.0000 0.0000 0.0000 0.0000 0.0000 0.0000 0.0000 0.0000 0.0000 0.0000 0.0000 0.0000 0.0000 73.2766 10.1807 30.6287 29.8417 11.8616 40.2697 -112.3896 -13.2085 8.8657 0.0000 0.0000 0.0000 0.0000 0.0000 0.0000 0.0000 0.0000 0.0000 0.0000 0.0000 0.0000 0.0000 0.0000 0.0000 0.0000 0.0000 0.0000 0.0000 0.0000 0.0000 0.0000 0.0000 0.0000 0.0000 0.0000 0.0000 0.0000 0.0000 0.0000 0.0000 0.0000 0.0000 0.0000 0.0000 0.0000 0.0000 0.0000 0.0000 0.0000 0.0000 0.0000 0.0000 0.0000 0.0000
145.7671 265.3225 229.8911 -269.3748 -14.8551 111.2255 34.6984 -118.2114 29.6660 234.5296 59.3163 -271.3848 92.8093 -23.5916 92.7373 0.0000 0.0000 0.0000 185.5479 -67.1444 208.2500 121.2626 -12.5837 2.0608 -195.2971 166.9815 131.1458 0.0000 0.0000 0.0000 -4.5612 -1.1259 6.9856 -4.5612 -1.1259 6.9856 -4.5612 -1.1259 6.9856 20.0753 -9.0562 -11.5126 20.0753 -9.0562 -11.5126 0.0000 0.0000 0.0000 -74.4397 15.3476 -37.5528 4.8359 -2.0222 -46.2645 20.1351 -8.1324 -43.6424 0.0000 0.0000 0.0000 0.0000 0.0000 0.0000 0.0000 0.0000 0.0000 0.0000 0.0000 0.0000 0.0000 0.0000 0.0000 0.0000 0.0000 0.0000 0.0000 0.0000 0.0000 0.0000 0.0000 0.0000 0.0000 0.0000 0.0000 0.0000 0.0000 0.0000 0.0000 0.0000 0.0000 0.0000 0.0000 0.0000 0.0000 0.0000 0.0000 0.0000 0.0000 0.0000 0.0000 0.0000 0.0000 0.0000 0.0000 0.0000 72.8152 10.1755 30.7987 26.7234 10.7748 40.7146 -114.2839 -9.5387 6.1692 0.0000 0.0000 0.0000 0.0000 0.0000 0.0000 0.0000 0.0000 0.0000 0.0000 0.0000 0.0000 0.0000 0.0000 0.0000 0.0000 0.0000 0.0000 0.0000 0.0000 0.0000 0.0000 0.0000 0.0000 0.0000 0.0000 0.0000 0.0000 0.0000 0.0000 0.0000 0.0000 0.0000 0.0000 0.0000 0.0000 0.0000 0.0000 0.0000 0.0000 0.0000 0.0000 0.0000 0.0000 0.0000
149.7988 243.2259 256.5633 -297.2425 -20.4639 104.1184 34.0640 -112.8578 26.0928 288.2363 102.2911 -289.8162 29.6408 -10.0883 43.6471 0.0000 0.0000 0.0000 183.2308 -67.0555 204.9467 103.5242 18.5246 -33.9773 -194.5977 167.6848 133.6658 0.0000 0.0000 0.0000 -3.6424 -1.2135 6.0967 -3.6424 -1.2135 6.0967 -3.6424 -1.2135 6.0967 20.7437 -8.3183 -12.2057 20.7437 -8.3183 -12.2057 0.0000 0.0000 0.0000 -30.1700 16.9439 -97.3391 26.4408 -0.6845 -3.8120 35.9479 -4.2073 -12.9197 0.0000 0.0000 0.0000 0.0000 0.0000 0.0000 0.0000 0.0000 0.0000 0.0000 0.0000 0.0000 0.0000 0.0000 0.0000 0.0000 0.0000 0.0000 0.0000 0.0000 0.0000 0.0000 0.0000 0.0000 0.0000 0.0000 0.0000 0.0000 0.0000 0.0000 0.0000 0.0000 0.0000 0.0000 0.0000 0.0000 0.0000 0.0000 0.0000 0.0000 0.0000 0.0000 0.0000 0.0000 0.0000 0.0000 0.0000 0.0000 42.5722 11.2150 55.9627 5.6565 4.6801 64.2040 -92.3410 42.9038 -41.3335 0.0000 0.0000 0.0000 0.0000 0.0000 0.0000 0.0000 0.0000 0.0000 0.0000 0.0000 0.0000 0.0000 0.0000 0.0000 0.0000 0.0000 0.0000 0.0000 0.0000 0.0000 0.0000 0.0000 0.0000 0.0000 0.0000 0.0000 0.0000 0.0000 0.0000 0.0000 0.0000 0.0000 0.0000 0.0000 0.0000 0.0000 0.0000 0.0000 0.0000 0.0000 0.0000 0.0000 0.0000 0.0000
151.3715 225.6665 230.6888 -318.2135 -19.3975 94.2928 53.0564 -101.7202 44.1646 216.5250 119.2164 -211.2086 -3.5142 17.6692 13.1297 0.0000 0.0000 0.0000 175.0936 -76.9661 190.8987 82.3912 35.2050 -36.5821 -182.0627 158.8885 149.2019 0.0000 0.0000 0.0000 -4.1460 -1.4829 5.5874 -4.1460 -1.4829 5.5874 -4.1460 -1.4829 5.5874 23.5184 -7.8752 -12.7262 23.5184 -7.8752 -12.7262 0.0000 0.0000 0.0000 -0.1475 -8.8185 -82.7804 6.9269 1.0844 16.8753 27.9624 7.3954 29.1021 0.0000 0.0000 0.0000 0.0000 0.0000 0.0000 0.0000 0.0000 0.0000 0.0000 0.0000 0.0000 0.0000 0.0000 0.0000 0.0000 0.0000 0.0000 0.0000 0.0000 0.0000 0.0000 0.0000 0.0000 0.0000 0.0000 0.0000 0.0000 0.0000 0.0000 0.0000 0.0000 0.0000 0.0000 0.0000 0.0000 0.0000 0.0000 0.0000 0.0000 0.0000 0.0000 0.0000 0.0000 0.0000 0.0000 0.0000 0.0000 24.0017 3.7504 59.8472 -25.6026 -9.5683 43.3127 -16.2623 11.1059 -68.4677 0.0000 0.0000 0.0000 0.0000 0.0000 0.0000 0.0000 0.0000 0.0000 0.0000 0.0000 0.0000 0.0000 0.0000 0.0000 0.0000 0.0000 0.0000 0.0000 0.0000 0.0000 0.0000 0.0000 0.0000 0.0000 0.0000 0.0000 0.0000 0.0000 0.0000 0.0000 0.0000 0.0000 0.0000 0.0000 0.0000 0.0000 0.0000 0.0000 0.0000 0.0000 0.0000 0.0000 0.0000 0.0000
154.3492 216.1647 210.4958 -336.2478 -16.1945 85.5776 75.3901 -80.6226 51.8059 185.4930 129.5469 -188.3663 -6.8028 19.8107 4.9404 0.0000 0.0000 0.0000 141.2418 -80.0921 150.4572 68.1453 42.8528 -33.2065 -184.1047 164.1614 152.8784 0.0000 0.0000 0.0000 -3.6050 -0.6747 2.6991 -3.6050 -0.6747 2.6991 -3.6050 -0.6747 2.6991 22.9834 -1.1584 -5.9902 22.9834 -1.1584 -5.9902 0.0000 0.0000 0.0000 -5.8234 -1.5792 -22.4078 12.1697 -0.7011 -7.4688 11.1962 4.6797 45.2599 0.0000 0.0000 0.0000 0.0000 0.0000 0.0000 0.0000 0.0000 0.0000 0.0000 0.0000 0.0000 0.0000 0.0000 0.0000 0.0000 0.0000 0.0000 0.0000 0.0000 0.0000 0.0000 0.0000 0.0000 0.0000 0.0000 0.0000 0.0000 0.0000 0.0000 0.0000 0.0000 0.0000 0.0000 0.0000 0.0000 0.0000 0.0000 0.0000 0.0000 0.0000 0.0000 0.0000 0.0000 0.0000 0.0000 0.0000 0.0000 55.7384 12.9504 46.3343 19.3444 17.4131 78.7444 -89.4181 30.4074 -30.7033 0.0000 0.0000 0.0000 0.0000 0.0000 0.0000 0.0000 0.0000 0.0000 0.0000 0.0000 0.0000 0.0000 0.0000 0.0000 0.0000 0.0000 0.0000 0.0000 0.0000 0.0000 0.0000 0.0000 0.0000 0.0000 0.0000 0.0000 0.0000 0.0000 0.0000 0.0000 0.0000 0.0000 0.0000 0.0000 0.0000 0.0000 0.0000 0.0000 0.0000 0.0000 0.0000 0.0000 0.0000 0.0000
154.7167 206.6616 200.9396 -342.3412 -13.5571 81.3558 29.5673 -53.5838 7.1520 188.9928 150.3913 -186.2475 -5.7547 16.8023 3.4191 0.0000 0.0000 0.0000 66.8280 -79.1242 70.1900 50.3107 49.9421 -26.2164 -186.8395 173.2777 158.1359 0.0000 0.0000 0.0000 -2.2004 0.1745 -0.2033 -2.2004 0.1745 -0.2033 -2.2004 0.1745 -0.2033 22.3410 -0.2014 -3.7971 22.3410 -0.2014 -3.7971 0.0000 0.0000 0.0000 -34.7667 -2.5877 -4.2715 15.5267 -0.2465 -2.7066 2.3987 1.2525 55.1364 0.0000 0.0000 0.0000 0.0000 0.0000 0.0000 0.0000 0.0000 0.0000 0.0000 0.0000 0.0000 0.0000 0.0000 0.0000 0.0000 0.0000 0.0000 0.0000 0.0000 0.0000 0.0000 0.0000 0.0000 0.0000 0.0000 0.0000 0.0000 0.0000 0.0000 0.0000 0.0000 0.0000 0.0000 0.0000 0.0000 0.0000 0.0000 0.0000 0.0000 0.0000 0.0000 0.0000 0.0000 0.0000 0.0000 0.0000 0.0000 76.4145 4.8186 20.9084 45.7706 14.0492 31.2409 -75.6100 -18.6333 23.8797 0.0000 0.0000 0.0000 0.0000 0.0000 0.0000 0.0000 0.0000 0.0000 0.0000 0.0000 0.0000 0.0000 0.0000 0.0000 0.0000 0.0000 0.0000 0.0000 0.0000 0.0000 0.0000 0.0000 0.0000 0.0000 0.0000 0.0000 0.0000 0.0000 0.0000 0.0000 0.0000 0.0000 0.0000 0.0000 0.0000 0.0000 0.0000 0.0000 0.0000 0.0000 0.0000 0.0000 0.0000 0.0000
156.9399 200.9540 195.7526 -350.9181 -11.8950 70.4472 25.3662 -28.3479 2.7525 194.0194 167.8158 -184.0778 -9.3024 24.5204 4.3423 0.0000 0.0000 0.0000 46.1629 -71.1001 45.0497 44.9098 47.0480 -21.8641 -189.5719 177.9021 156.9558 0.0000 0.0000 0.0000 -2.0756 1.3570 -4.4341 -2.0756 1.3570 -4.4341 -2.0756 1.3570 -4.4341 19.4045 -7.0010 -3.9791 19.4045 -7.0010 -3.9791 0.0000 0.0000 0.0000 -44.0589 -7.4246 9.7293 12.8462 1.6186 13.4056 -12.1840 -6.6085 56.8225 0.0000 0.0000 0.0000 0.0000 0.0000 0.0000 0.0000 0.0000 0.0000 0.0000 0.0000 0.0000 0.0000 0.0000 0.0000 0.0000 0.0000 0.0000 0.0000 0.0000 0.0000 0.0000 0.0000 0.0000 0.0000 0.0000 0.0000 0.0000 0.0000 0.0000 0.0000 0.0000 0.0000 0.0000 0.0000 0.0000 0.0000 0.0000 0.0000 0.0000 0.0000 0.0000 0.0000 0.0000 0.0000 0.0000 0.0000 0.0000 83.9056 6.3847 21.7996 13.9927 5.7110 39.5663 -38.6252 -12.9630 35.9240 0.0000 0.0000 0.0000 0.0000 0.0000 0.0000 0.0000 0.0000 0.0000 0.0000 0.0000 0.0000 0.0000 0.0000 0.0000 0.0000 0.0000 0.0000 0.0000 0.0000 0.0000 0.0000 0.0000 0.0000 0.0000 0.0000 0.0000 0.0000 0.0000 0.0000 0.0000 0.0000 0.0000 0.0000 0.0000 0.0000 0.0000 0.0000 0.0000 0.0000 0.0000 0.0000 0.0000 0.0000 0.0000
158.7266 187.4649 192.6328 -355.2662 -10.6265 64.3961 15.9740 -34.4288 0.1642 198.5617 161.9639 -186.5882 -7.8608 19.1899 -0.6677 0.0000 0.0000 0.0000 37.6231 -59.0566 30.8651 22.0254 44.6532 -9.1595 -183.5368 169.9278 162.3744 0.0000 0.0000 0.0000 -3.1710 1.3966 -5.8293 -3.1710 1.3966 -5.8293 -3.1710 1.3966 -5.8293 21.0681 -8.6306 -7.6459 21.0681 -8.6306 -7.6459 0.0000 0.0000 0.0000 55.3780 12.7689 9.6797 19.0357 2.3521 13.0625 30.5011 7.7988 28.0734 0.0000 0.0000 0.0000 0.0000 0.0000 0.0000 0.0000 0.0000 0.0000 0.0000 0.0000 0.0000 0.0000 0.0000 0.0000 0.0000 0.0000 0.0000 0.0000 0.0000 0.0000 0.0000 0.0000 0.0000 0.0000 0.0000 0.0000 0.0000 0.0000 0.0000 0.0000 0.0000 0.0000 0.0000 0.0000 0.0000 0.0000 0.0000 0.0000 0.0000 0.0000 0.0000 0.0000 0.0000 0.0000 0.0000 0.0000 0.0000 61.0334 16.5929 49.7956 -61.1671 -39.1426 63.9015 20.1913 -4.5550 -25.1832 0.0000 0.0000 0.0000 0.0000 0.0000 0.0000 0.0000 0.0000 0.0000 0.0000 0.0000 0.0000 0.0000 0.0000 0.0000 0.0000 0.0000 0.0000 0.0000 0.0000 0.0000 0.0000 0.0000 0.0000 0.0000 0.0000 0.0000 0.0000 0.0000 0.0000 0.0000 0.0000 0.0000 0.0000 0.0000 0.0000 0.0000 0.0000 0.0000 0.0000 0.0000 0.0000 0.0000 0.0000 0.0000
161.2121 171.3844 190.6026 -354.2065 -10.6779 66.5114 8.6657 -31.0243 -1.9888 200.8594 162.9894 -186.8992 -13.7393 31.7804 -1.0561 0.0000 0.0000 0.0000 27.4089 -48.6843 19.6310 10.9087 39.8034 -3.3801 -179.5899 163.2265 164.8295 0.0000 0.0000 0.0000 -6.0586 1.6475 -5.0778 -6.0586 1.6475 -5.0778 -6.0586 1.6475 -5.0778 24.0116 -14.5728 -16.3042 24.0116 -14.5728 -16.3042 0.0000 0.0000 0.0000 110.8105 0.9695 -10.2158 -7.4548 -0.7507 10.5858 22.3634 3.1145 15.6614 0.0000 0.0000 0.0000 0.0000 0.0000 0.0000 0.0000 0.0000 0.0000 0.0000 0.0000 0.0000 0.0000 0.0000 0.0000 0.0000 0.0000 0.0000 0.0000 0.0000 0.0000 0.0000 0.0000 0.0000 0.0000 0.0000 0.0000 0.0000 0.0000 0.0000 0.0000 0.0000 0.0000 0.0000 0.0000 0.0000 0.0000 0.0000 0.0000 0.0000 0.0000 0.0000 0.0000 0.0000 0.0000 0.0000 0.0000 0.0000 22.6871 3.3364 61.6547 -83.9277 -2.3294 2.6735 35.7497 1.9178 5.9419 0.0000 0.0000 0.0000 0.0000 0.0000 0.0000 0.0000 0.0000 0.0000 0.0000 0.0000 0.0000 0.0000 0.0000 0.0000 0.0000 0.0000 0.0000 0.0000 0.0000 0.0000 0.0000 0.0000 0.0000 0.0000 0.0000 0.0000 0.0000 0.0000 0.0000 0.0000 0.0000 0.0000 0.0000 0.0000 0.0000 0.0000 0.0000 0.0000 0.0000 0.0000 0.0000 0.0000 0.0000 0.0000
166.3374 153.8376 172.1788 -355.2267 -10.1611 74.0275 3.9039 -26.9197 -2.9329 200.2882 165.9687 -185.9076 -16.2206 37.0039 4.7292 0.0000 0.0000 0.0000 20.7370 -43.4959 14.4007 7.5968 36.0207 -1.7930 -178.6183 161.3277 165.0994 0.0000 0.0000 0.0000 -5.6907 0.6378 -1.7474 -5.6907 0.6378 -1.7474 -5.6907 0.6378 -1.7474 25.0994 -17.7087 -15.2926 25.0994 -17.7087 -15.2926 0.0000 0.0000 0.0000 113.1301 0.9635 -10.2730 -7.3773 -0.2210 2.5285 11.8398 2.2674 21.6098 0.0000 0.0000 0.0000 0.0000 0.0000 0.0000 0.0000 0.0000 0.0000 0.0000 0.0000 0.0000 0.0000 0.0000 0.0000 0.0000 0.0000 0.0000 0.0000 0.0000 0.0000 0.0000 0.0000 0.0000 0.0000 0.0000 0.0000 0.0000 0.0000 0.0000 0.0000 0.0000 0.0000 0.0000 0.0000 0.0000 0.0000 0.0000 0.0000 0.0000 0.0000 0.0000 0.0000 0.0000 0.0000 0.0000 0.0000 0.0000 -0.1845 -3.6336 31.4378 -63.7764 2.5973 -4.3231 29.1175 4.0478 15.4972 0.0000 0.0000 0.0000 0.0000 0.0000 0.0000 0.0000 0.0000 0.0000 0.0000 0.0000 0.0000 0.0000 0.0000 0.0000 0.0000 0.0000 0.0000 0.0000 0.0000 0.0000 0.0000 0.0000 0.0000 0.0000 0.0000 0.0000 0.0000 0.0000 0.0000 0.0000 0.0000 0.0000 0.0000 0.0000 0.0000 0.0000 0.0000 0.0000 0.0000 0.0000 0.0000 0.0000 0.0000 0.0000
171.7662 136.8228 154.0187 -356.6277 -10.3362 80.7270 -0.0295 -28.4579 -4.2007 199.8077 162.2772 -186.8293 -21.3159 44.1667 12.1557 0.0000 0.0000 0.0000 14.1664 -38.4140 10.1027 8.9307 32.9357 -2.2098 -177.8451 160.3407 166.1720 0.0000 0.0000 0.0000 -6.2511 -1.0553 3.5215 -6.2511 -1.0553 3.5215 -6.2511 -1.0553 3.5215 25.6303 -19.2496 -15.6686 25.6303 -19.2496 -15.6686 0.0000 0.0000 0.0000 101.3336 -1.3668 -11.5502 -7.7510 -0.1201 0.8734 11.9211 2.6669 25.1363 0.0000 0.0000 0.0000 0.0000 0.0000 0.0000 0.0000 0.0000 0.0000 0.0000 0.0000 0.0000 0.0000 0.0000 0.0000 0.0000 0.0000 0.0000 0.0000 0.0000 0.0000 0.0000 0.0000 0.0000 0.0000 0.0000 0.0000 0.0000 0.0000 0.0000 0.0000 0.0000 0.0000 0.0000 0.0000 0.0000 0.0000 0.0000 0.0000 0.0000 0.0000 0.0000 0.0000 0.0000 0.0000 0.0000 0.0000 0.0000 -0.9366 -1.1299 9.9860 -64.8877 -1.4609 2.3795 34.1166 3.8943 12.6448 0.0000 0.0000 0.0000 0.0000 0.0000 0.0000 0.0000 0.0000 0.0000 0.0000 0.0000 0.0000 0.0000 0.0000 0.0000 0.0000 0.0000 0.0000 0.0000 0.0000 0.0000 0.0000 0.0000 0.0000 0.0000 0.0000 0.0000 0.0000 0.0000 0.0000 0.0000 0.0000 0.0000 0.0000 0.0000 0.0000 0.0000 0.0000 0.0000 0.0000 0.0000 0.0000 0.0000 0.0000 0.0000
178.0602 115.2047 115.7880 -357.1256 -10.2258 94.2353 -4.0029 -25.2480 -4.7048 201.3940 164.3981 -186.6222 -15.7384 36.1004 3.3773 0.0000 0.0000 0.0000 3.5002 -30.4197 4.7796 12.5135 23.4139 -2.8890 -181.5545 163.4697 159.1367 0.0000 0.0000 0.0000 -7.8490 -2.6735 7.2972 -7.8490 -2.6735 7.2972 -7.8490 -2.6735 7.2972 26.1409 -22.5898 -16.1455 26.1409 -22.5898 -16.1455 0.0000 0.0000 0.0000 72.0915 -13.3170 -25.2026 2.7736 -0.5049 -21.5275 22.3161 7.7256 37.7942 0.0000 0.0000 0.0000 0.0000 0.0000 0.0000 0.0000 0.0000 0.0000 0.0000 0.0000 0.0000 0.0000 0.0000 0.0000 0.0000 0.0000 0.0000 0.0000 0.0000 0.0000 0.0000 0.0000 0.0000 0.0000 0.0000 0.0000 0.0000 0.0000 0.0000 0.0000 0.0000 0.0000 0.0000 0.0000 0.0000 0.0000 0.0000 0.0000 0.0000 0.0000 0.0000 0.0000 0.0000 0.0000 0.0000 0.0000 0.0000 9.4907 -0.4584 -14.9974 -39.8747 -7.5866 21.7520 12.5472 0.2627 2.3894 0.0000 0.0000 0.0000 0.0000 0.0000 0.0000 0.0000 0.0000 0.0000 0.0000 0.0000 0.0000 0.0000 0.0000 0.0000 0.0000 0.0000 0.0000 0.0000 0.0000 0.0000 0.0000 0.0000 0.0000 0.0000 0.0000 0.0000 0.0000 0.0000 0.0000 0.0000 0.0000 0.0000 0.0000 0.0000 0.0000 0.0000 0.0000 0.0000 0.0000 0.0000 0.0000 0.0000 0.0000 0.0000
182.8281 98.4953 95.5783 -366.5468 -9.2324 97.1000 -6.3640 -37.0354 -7.8336 202.6583 158.6727 -188.6853 -8.1328 18.5647 -2.8983 0.0000 0.0000 0.0000 3.7393 -40.7376 6.5860 16.5185 27.6659 -4.5493 -187.7434 175.1911 158.1491 0.0000 0.0000 0.0000 -5.6696 -2.1710 8.0284 -5.6696 -2.1710 8.0284 -5.6696 -2.1710 8.0284 22.7615 -16.7065 -15.1733 22.7615 -16.7065 -15.1733 0.0000 0.0000 0.0000 37.3334 -11.4414 -34.2855 6.4398 -1.1932 -21.8726 30.6556 10.9807 38.6498 0.0000 0.0000 0.0000 0.0000 0.0000 0.0000 0.0000 0.0000 0.0000 0.0000 0.0000 0.0000 0.0000 0.0000 0.0000 0.0000 0.0000 0.0000 0.0000 0.0000 0.0000 0.0000 0.0000 0.0000 0.0000 0.0000 0.0000 0.0000 0.0000 0.0000 0.0000 0.0000 0.0000 0.0000 0.0000 0.0000 0.0000 0.0000 0.0000 0.0000 0.0000 0.0000 0.0000 0.0000 0.0000 0.0000 0.0000 0.0000 17.0767 -2.0227 -9.8248 -47.8582 -8.2883 19.3454 7.8614 -0.2683 -3.9031 0.0000 0.0000 0.0000 0.0000 0.0000 0.0000 0.0000 0.0000 0.0000 0.0000 0.0000 0.0000 0.0000 0.0000 0.0000 0.0000 0.0000 0.0000 0.0000 0.0000 0.0000 0.0000 0.0000 0.0000 0.0000 0.0000 0.0000 0.0000 0.0000 0.0000 0.0000 0.0000 0.0000 0.0000 0.0000 0.0000 0.0000 0.0000 0.0000 0.0000 0.0000 0.0000 0.0000 0.0000 0.0000
188.2067 83.9655 63.3885 -378.3652 -10.6444 100.5054 -7.2826 -52.4382 -11.8782 205.4136 151.9582 -191.7605 -4.1447 8.6705 -2.4390 0.0000 0.0000 0.0000 4.8630 -61.6905 11.1925 29.8376 37.3504 -11.3543 -189.0689 176.7614 156.8791 0.0000 0.0000 0.0000 -4.6903 -1.9595 7.5403 -4.6903 -1.9595 7.5403 -4.6903 -1.9595 7.5403 19.4077 -16.1791 -18.9860 19.4077 -16.1791 -18.9860 0.0000 0.0000 0.0000 26.4410 -7.6603 -30.6729 6.0300 -1.2526 -24.3495 34.2064 11.8320 37.2231 0.0000 0.0000 0.0000 0.0000 0.0000 0.0000 0.0000 0.0000 0.0000 0.0000 0.0000 0.0000 0.0000 0.0000 0.0000 0.0000 0.0000 0.0000 0.0000 0.0000 0.0000 0.0000 0.0000 0.0000 0.0000 0.0000 0.0000 0.0000 0.0000 0.0000 0.0000 0.0000 0.0000 0.0000 0.0000 0.0000 0.0000 0.0000 0.0000 0.0000 0.0000 0.0000 0.0000 0.0000 0.0000 0.0000 0.0000 0.0000 19.1935 -1.5243 6.3171 -51.1491 -7.8911 17.0753 7.0516 -0.9705 -15.6540 0.0000 0.0000 0.0000 0.0000 0.0000 0.0000 0.0000 0.0000 0.0000 0.0000 0.0000 0.0000 0.0000 0.0000 0.0000 0.0000 0.0000 0.0000 0.0000 0.0000 0.0000 0.0000 0.0000 0.0000 0.0000 0.0000 0.0000 0.0000 0.0000 0.0000 0.0000 0.0000 0.0000 0.0000 0.0000 0.0000 0.0000 0.0000 0.0000 0.0000 0.0000 0.0000 0.0000 0.0000 0.0000
192.5772 74.5082 42.5684 -390.8897 -11.7613 100.3592 -12.8611 -70.3803 -20.9027 207.6070 140.4722 -196.7310 -0.4757 2.0691 0.7384 0.0000 0.0000 0.0000 15.1712 -80.2944 24.5140 43.6845 42.0713 -19.3251 -191.7371 182.0336 156.4526 0.0000 0.0000 0.0000 -4.1943 -1.4324 5.8094 -4.1943 -1.4324 5.8094 -4.1943 -1.4324 5.8094 20.7857 -14.6009 -16.2608 20.7857 -14.6009 -16.2608 0.0000 0.0000 0.0000 12.5854 -13.1363 -65.2910 0.7487 -0.0312 -5.6734 60.4602 7.6751 13.1331 0.0000 0.0000 0.0000 0.0000 0.0000 0.0000 0.0000 0.0000 0.0000 0.0000 0.0000 0.0000 0.0000 0.0000 0.0000 0.0000 0.0000 0.0000 0.0000 0.0000 0.0000 0.0000 0.0000 0.0000 0.0000 0.0000 0.0000 0.0000 0.0000 0.0000 0.0000 0.0000 0.0000 0.0000 0.0000 0.0000 0.0000 0.0000 0.0000 0.0000 0.0000 0.0000 0.0000 0.0000 0.0000 0.0000 0.0000 0.0000 23.0709 0.3983 29.7414 -39.6338 -8.0277 23.1413 -8.2520 2.0709 -28.1314 0.0000 0.0000 0.0000 0.0000 0.0000 0.0000 0.0000 0.0000 0.0000 0.0000 0.0000 0.0000 0.0000 0.0000 0.0000 0.0000 0.0000 0.0000 0.0000 0.0000 0.0000 0.0000 0.0000 0.0000 0.0000 0.0000 0.0000 0.0000 0.0000 0.0000 0.0000 0.0000 0.0000 0.0000 0.0000 0.0000 0.0000 0.0000 0.0000 0.0000 0.0000 0.0000 0.0000 0.0000 0.0000
195.3772 68.6362 33.2863 -401.1368 -13.0953 102.9105 -39.6146 -83.6147 -50.8499 209.1207 132.5595 -200.5397 0.8898 1.2789 3.3214 0.0000 0.0000 0.0000 -0.8973 -97.2442 14.3731 59.9104 41.1487 -27.4928 -195.8896 183.2051 149.7354 0.0000 0.0000 0.0000 -3.5954 -1.3238 5.9416 -3.5954 -1.3238 5.9416 -3.5954 -1.3238 5.9416 22.0316 -12.7007 -13.3915 22.0316 -12.7007 -13.3915 0.0000 0.0000 0.0000 3.1136 -9.7796 -74.8951 3.9728 0.0292 -0.0565 59.7254 6.8654 11.9284 0.0000 0.0000 0.0000 0.0000 0.0000 0.0000 0.0000 0.0000 0.0000 0.0000 0.0000 0.0000 0.0000 0.0000 0.0000 0.0000 0.0000 0.0000 0.0000 0.0000 0.0000 0.0000 0.0000 0.0000 0.0000 0.0000 0.0000 0.0000 0.0000 0.0000 0.0000 0.0000 0.0000 0.0000 0.0000 0.0000 0.0000 0.0000 0.0000 0.0000 0.0000 0.0000 0.0000 0.0000 0.0000 0.0000 0.0000 0.0000 23.5225 1.2944 38.2777 -27.4710 -5.8213 25.1564 -14.6691 4.6162 -34.7748 0.0000 0.0000 0.0000 0.0000 0.0000 0.0000 0.0000 0.0000 0.0000 0.0000 0.0000 0.0000 0.0000 0.0000 0.0000 0.0000 0.0000 0.0000 0.0000 0.0000 0.0000 0.0000 0.0000 0.0000 0.0000 0.0000 0.0000 0.0000 0.0000 0.0000 0.0000 0.0000 0.0000 0.0000 0.0000 0.0000 0.0000 0.0000 0.0000 0.0000 0.0000 0.0000 0.0000 0.0000 0.0000
197.0217 63.6771 29.0752 -412.8651 -12.1657 99.5565 3.9256 -101.8220 -15.0001 202.1867 120.2115 -200.9016 4.3817 -1.2326 8.9079 0.0000 0.0000 0.0000 0.1660 -113.4689 20.6784 75.8728 38.0683 -34.7388 -197.6417 181.4580 144.9382 0.0000 0.0000 0.0000 -2.7155 -0.9139 5.2134 -2.7155 -0.9139 5.2134 -2.7155 -0.9139 5.2134 21.5546 -9.6194 -11.3300 21.5546 -9.6194 -11.3300 0.0000 0.0000 0.0000 5.5683 -12.7610 -81.9417 -4.0631 -0.4147 10.7511 69.4185 8.6596 12.4760 0.0000 0.0000 0.0000 0.0000 0.0000 0.0000 0.0000 0.0000 0.0000 0.0000 0.0000 0.0000 0.0000 0.0000 0.0000 0.0000 0.0000 0.0000 0.0000 0.0000 0.0000 0.0000 0.0000 0.0000 0.0000 0.0000 0.0000 0.0000 0.0000 0.0000 0.0000 0.0000 0.0000 0.0000 0.0000 0.0000 0.0000 0.0000 0.0000 0.0000 0.0000 0.0000 0.0000 0.0000 0.0000 0.0000 0.0000 0.0000 17.2247 0.0833 46.2320 -19.7758 -4.0059 24.9325 -24.7251 7.5371 -33.4535 0.0000 0.0000 0.0000 0.0000 0.0000 0.0000 0.0000 0.0000 0.0000 0.0000 0.0000 0.0000 0.0000 0.0000 0.0000 0.0000 0.0000 0.0000 0.0000 0.0000 0.0000 0.0000 0.0000 0.0000 0.0000 0.0000 0.0000 0.0000 0.0000 0.0000 0.0000 0.0000 0.0000 0.0000 0.0000 0.0000 0.0000 0.0000 0.0000 0.0000 0.0000 0.0000 0.0000 0.0000 0.0000
198.3178 59.3665 27.0849 -423.8356 -12.7057 94.8943 2.7450 -119.4412 -22.5223 196.3028 106.4225 -201.2757 6.3869 -0.4905 14.0020 0.0000 0.0000 0.0000 0.6078 -129.1816 28.8930 90.6495 28.1673 -35.8212 -198.6121 173.2657 133.9258 0.0000 0.0000 0.0000 -3.2969 -0.7521 4.1111 -3.2969 -0.7521 4.1111 -3.2969 -0.7521 4.1111 22.5043 -9.7630 -9.6302 22.5043 -9.7630 -9.6302 0.0000 0.0000 0.0000 -8.3068 -2.8457 -79.5904 -9.1074 -1.1354 13.2843 76.6543 5.2747 6.6696 0.0000 0.0000 0.0000 0.0000 0.0000 0.0000 0.0000 0.0000 0.0000 0.0000 0.0000 0.0000 0.0000 0.0000 0.0000 0.0000 0.0000 0.0000 0.0000 0.0000 0.0000 0.0000 0.0000 0.0000 0.0000 0.0000 0.0000 0.0000 0.0000 0.0000 0.0000 0.0000 0.0000 0.0000 0.0000 0.0000 0.0000 0.0000 0.0000 0.0000 0.0000 0.0000 0.0000 0.0000 0.0000 0.0000 0.0000 0.0000 15.0681 -0.4165 55.1098 -17.6334 -3.1897 22.6409 -23.5167 7.0899 -33.1481 0.0000 0.0000 0.0000 0.0000 0.0000 0.0000 0.0000 0.0000 0.0000 0.0000 0.0000 0.0000 0.0000 0.0000 0.0000 0.0000 0.0000 0.0000 0.0000 0.0000 0.0000 0.0000 0.0000 0.0000 0.0000 0.0000 0.0000 0.0000 0.0000 0.0000 0.0000 0.0000 0.0000 0.0000 0.0000 0.0000 0.0000 0.0000 0.0000 0.0000 0.0000 0.0000 0.0000 0.0000 0.0000
201.2634 56.4487 28.5084 -433.9484 -13.7254 94.9071 2.3008 -131.7958 -29.7658 168.9608 100.3271 -179.7007 4.9305 1.5593 13.0088 0.0000 0.0000 0.0000 3.8582 -141.5606 46.1854 100.4332 7.9678 -21.3435 -192.9781 158.1556 118.7311 0.0000 0.0000 0.0000 -2.9835 -0.5763 3.6895 -2.9835 -0.5763 3.6895 -2.9835 -0.5763 3.6895 22.0049 -8.5827 -8.4010 22.0049 -8.5827 -8.4010 0.0000 0.0000 0.0000 2.0440 -11.3406 -88.1315 -7.3043 -0.7786 11.2540 80.6050 2.0155 2.3763 0.0000 0.0000 0.0000 0.0000 0.0000 0.0000 0.0000 0.0000 0.0000 0.0000 0.0000 0.0000 0.0000 0.0000 0.0000 0.0000 0.0000 0.0000 0.0000 0.0000 0.0000 0.0000 0.0000 0.0000 0.0000 0.0000 0.0000 0.0000 0.0000 0.0000 0.0000 0.0000 0.0000 0.0000 0.0000 0.0000 0.0000 0.0000 0.0000 0.0000 0.0000 0.0000 0.0000 0.0000 0.0000 0.0000 0.0000 0.0000 12.3455 -1.5224 55.9719 -18.9099 -3.4932 22.9146 -25.0553 7.5328 -33.0057 0.0000 0.0000 0.0000 0.0000 0.0000 0.0000 0.0000 0.0000 0.0000 0.0000 0.0000 0.0000 0.0000 0.0000 0.0000 0.0000 0.0000 0.0000 0.0000 0.0000 0.0000 0.0000 0.0000 0.0000 0.0000 0.0000 0.0000 0.0000 0.0000 0.0000 0.0000 0.0000 0.0000 0.0000 0.0000 0.0000 0.0000 0.0000 0.0000 0.0000 0.0000 0.0000 0.0000 0.0000 0.0000
203.1555 55.0880 31.3611 -439.9359 -14.2018 94.4978 3.5553 -137.8637 -31.1725 141.2245 95.9050 -154.2333 5.6118 -0.5139 12.3101 0.0000 0.0000 0.0000 5.3956 -147.1708 57.1573 106.0705 -4.5556 -8.5315 -189.6344 152.1883 109.5426 0.0000 0.0000 0.0000 -2.4925 -0.4403 3.1549 -2.4925 -0.4403 3.1549 -2.4925 -0.4403 3.1549 22.9569 -5.1330 -6.2697 22.9569 -5.1330 -6.2697 0.0000 0.0000 0.0000 6.8988 -16.2113 -92.0874 -7.5757 -0.7223 9.9785 82.8988 2.2307 2.5257 0.0000 0.0000 0.0000 0.0000 0.0000 0.0000 0.0000 0.0000 0.0000 0.0000 0.0000 0.0000 0.0000 0.0000 0.0000 0.0000 0.0000 0.0000 0.0000 0.0000 0.0000 0.0000 0.0000 0.0000 0.0000 0.0000 0.0000 0.0000 0.0000 0.0000 0.0000 0.0000 0.0000 0.0000 0.0000 0.0000 0.0000 0.0000 0.0000 0.0000 0.0000 0.0000 0.0000 0.0000 0.0000 0.0000 0.0000 0.0000 13.4479 -1.0646 56.5067 -19.3050 -3.8464 24.6033 -33.7170 9.4605 -30.5459 0.0000 0.0000 0.0000 0.0000 0.0000 0.0000 0.0000 0.0000 0.0000 0.0000 0.0000 0.0000 0.0000 0.0000 0.0000 0.0000 0.0000 0.0000 0.0000 0.0000 0.0000 0.0000 0.0000 0.0000 0.0000 0.0000 0.0000 0.0000 0.0000 0.0000 0.0000 0.0000 0.0000 0.0000 0.0000 0.0000 0.0000 0.0000 0.0000 0.0000 0.0000 0.0000 0.0000 0.0000 0.0000
205.8434 54.6343 33.8220 -444.2460 -14.3821 94.2590 5.7126 -140.2185 -27.6410 62.2614 91.3627 -74.2261 6.1391 -2.4697 11.4849 0.0000 0.0000 0.0000 6.6395 -149.8622 64.6053 111.2184 -11.8303 0.5931 -186.7475 148.7756 103.8369 0.0000 0.0000 0.0000 -2.2842 -0.4221 3.1515 -2.2842 -0.4221 3.1515 -2.2842 -0.4221 3.1515 23.1491 -4.1966 -6.1917 23.1491 -4.1966 -6.1917 0.0000 0.0000 0.0000 8.3637 -18.2686 -94.8750 -3.2138 -0.2865 9.2879 79.2283 2.2070 2.6663 0.0000 0.0000 0.0000 0.0000 0.0000 0.0000 0.0000 0.0000 0.0000 0.0000 0.0000 0.0000 0.0000 0.0000 0.0000 0.0000 0.0000 0.0000 0.0000 0.0000 0.0000 0.0000 0.0000 0.0000 0.0000 0.0000 0.0000 0.0000 0.0000 0.0000 0.0000 0.0000 0.0000 0.0000 0.0000 0.0000 0.0000 0.0000 0.0000 0.0000 0.0000 0.0000 0.0000 0.0000 0.0000 0.0000 0.0000 0.0000 13.6317 -0.9871 56.5898 -22.0876 -4.3686 24.0655 -35.7637 9.5214 -28.9471 0.0000 0.0000 0.0000 0.0000 0.0000 0.0000 0.0000 0.0000 0.0000 0.0000 0.0000 0.0000 0.0000 0.0000 0.0000 0.0000 0.0000 0.0000 0.0000 0.0000 0.0000 0.0000 0.0000 0.0000 0.0000 0.0000 0.0000 0.0000 0.0000 0.0000 0.0000 0.0000 0.0000 0.0000 0.0000 0.0000 0.0000 0.0000 0.0000 0.0000 0.0000 0.0000 0.0000 0.0000 0.0000
207.5686 55.9100 45.5883 -446.9769 -13.3739 93.1416 7.8051 -140.6716 -22.6162 138.4582 85.5225 -147.4299 7.3344 -3.9004 12.5883 0.0000 0.0000 0.0000 6.6699 -149.0471 63.3272 110.5682 -9.9954 -1.9143 -189.5363 152.2265 109.8961 0.0000 0.0000 0.0000 -2.0539 -0.3302 2.7292 -2.0539 -0.3302 2.7292 -2.0539 -0.3302 2.7292 22.5456 -4.1231 -5.3685 22.5456 -4.1231 -5.3685 0.0000 0.0000 0.0000 9.8777 -19.7872 -95.3960 -5.1627 -0.4079 8.1295 79.8933 3.6960 4.4125 0.0000 0.0000 0.0000 0.0000 0.0000 0.0000 0.0000 0.0000 0.0000 0.0000 0.0000 0.0000 0.0000 0.0000 0.0000 0.0000 0.0000 0.0000 0.0000 0.0000 0.0000 0.0000 0.0000 0.0000 0.0000 0.0000 0.0000 0.0000 0.0000 0.0000 0.0000 0.0000 0.0000 0.0000 0.0000 0.0000 0.0000 0.0000 0.0000 0.0000 0.0000 0.0000 0.0000 0.0000 0.0000 0.0000 0.0000 0.0000 13.4204 -1.0616 59.6120 -21.1772 -4.2100 24.2961 -38.3837 9.9797 -28.1625 0.0000 0.0000 0.0000 0.0000 0.0000 0.0000 0.0000 0.0000 0.0000 0.0000 0.0000 0.0000 0.0000 0.0000 0.0000 0.0000 0.0000 0.0000 0.0000 0.0000 0.0000 0.0000 0.0000 0.0000 0.0000 0.0000 0.0000 0.0000 0.0000 0.0000 0.0000 0.0000 0.0000 0.0000 0.0000 0.0000 0.0000 0.0000 0.0000 0.0000 0.0000 0.0000 0.0000 0.0000 0.0000
209.7327 57.2527 55.7773 -449.2679 -11.8742 91.0517 8.5188 -138.7469 -19.7896 102.0170 83.9056 -108.1572 9.8539 -7.4722 14.2657 0.0000 0.0000 0.0000 4.0586 -146.0544 52.1558 106.4768 0.9997 -15.3691 -196.2331 160.6104 117.6041 0.0000 0.0000 0.0000 -1.8862 -0.2234 2.0690 -1.8862 -0.2234 2.0690 -1.8862 -0.2234 2.0690 22.1790 -5.8190 -3.4331 22.1790 -5.8190 -3.4331 0.0000 0.0000 0.0000 11.2560 -20.5016 -93.8353 -12.1540 -0.8270 6.8575 81.5278 4.4093 5.1139 0.0000 0.0000 0.0000 0.0000 0.0000 0.0000 0.0000 0.0000 0.0000 0.0000 0.0000 0.0000 0.0000 0.0000 0.0000 0.0000 0.0000 0.0000 0.0000 0.0000 0.0000 0.0000 0.0000 0.0000 0.0000 0.0000 0.0000 0.0000 0.0000 0.0000 0.0000 0.0000 0.0000 0.0000 0.0000 0.0000 0.0000 0.0000 0.0000 0.0000 0.0000 0.0000 0.0000 0.0000 0.0000 0.0000 0.0000 0.0000 13.2553 -1.1202 64.7585 -18.0736 -3.6925 25.4062 -41.9488 11.3162 -28.9814 0.0000 0.0000 0.0000 0.0000 0.0000 0.0000 0.0000 0.0000 0.0000 0.0000 0.0000 0.0000 0.0000 0.0000 0.0000 0.0000 0.0000 0.0000 0.0000 0.0000 0.0000 0.0000 0.0000 0.0000 0.0000 0.0000 0.0000 0.0000 0.0000 0.0000 0.0000 0.0000 0.0000 0.0000 0.0000 0.0000 0.0000 0.0000 0.0000 0.0000 0.0000 0.0000 0.0000 0.0000 0.0000
213.0259 58.0364 63.8586 -450.2727 -11.5015 92.7305 3.2432 -136.1338 -30.6459 142.7560 95.7237 -155.5899 15.3230 -7.3676 24.2756 0.0000 0.0000 0.0000 3.5859 -138.9417 42.8095 101.8008 13.4656 -27.7268 -197.6985 168.8694 129.4636 0.0000 0.0000 0.0000 -2.5198 -0.4399 3.2515 -2.5198 -0.4399 3.2515 -2.5198 -0.4399 3.2515 21.9069 -9.5944 -5.7159 21.9069 -9.5944 -5.7159 0.0000 0.0000 0.0000 6.0893 -15.3719 -91.4880 -7.8939 -0.7570 10.0398 83.1378 4.2391 4.7792 0.0000 0.0000 0.0000 0.0000 0.0000 0.0000 0.0000 0.0000 0.0000 0.0000 0.0000 0.0000 0.0000 0.0000 0.0000 0.0000 0.0000 0.0000 0.0000 0.0000 0.0000 0.0000 0.0000 0.0000 0.0000 0.0000 0.0000 0.0000 0.0000 0.0000 0.0000 0.0000 0.0000 0.0000 0.0000 0.0000 0.0000 0.0000 0.0000 0.0000 0.0000 0.0000 0.0000 0.0000 0.0000 0.0000 0.0000 0.0000 18.8466 1.4210 60.1687 -16.1518 -3.2659 25.5122 -45.2415 11.9172 -28.1248 0.0000 0.0000 0.0000 0.0000 0.0000 0.0000 0.0000 0.0000 0.0000 0.0000 0.0000 0.0000 0.0000 0.0000 0.0000 0.0000 0.0000 0.0000 0.0000 0.0000 0.0000 0.0000 0.0000 0.0000 0.0000 0.0000 0.0000 0.0000 0.0000 0.0000 0.0000 0.0000 0.0000 0.0000 0.0000 0.0000 0.0000 0.0000 0.0000 0.0000 0.0000 0.0000 0.0000 0.0000 0.0000
217.6551 60.5116 69.4445 -449.5778 -11.1254 92.2956 -5.7539 -132.4463 -46.2611 112.3290 100.3536 -130.0475 40.4562 -7.7640 59.3001 0.0000 0.0000 0.0000 17.0144 -126.8622 56.3798 96.9818 22.7401 -34.5453 -202.7996 187.1417 141.6057 0.0000 0.0000 0.0000 -2.9926 -0.5209 3.5123 -2.9926 -0.5209 3.5123 -2.9926 -0.5209 3.5123 21.5590 -11.7666 -7.4636 21.5590 -11.7666 -7.4636 0.0000 0.0000 0.0000 0.4092 -9.3762 -83.8258 0.8287 0.0852 10.8399 79.8603 0.4176 0.4990 0.0000 0.0000 0.0000 0.0000 0.0000 0.0000 0.0000 0.0000 0.0000 0.0000 0.0000 0.0000 0.0000 0.0000 0.0000 0.0000 0.0000 0.0000 0.0000 0.0000 0.0000 0.0000 0.0000 0.0000 0.0000 0.0000 0.0000 0.0000 0.0000 0.0000 0.0000 0.0000 0.0000 0.0000 0.0000 0.0000 0.0000 0.0000 0.0000 0.0000 0.0000 0.0000 0.0000 0.0000 0.0000 0.0000 0.0000 0.0000 27.1075 5.2659 60.4597 -17.0080 -3.3319 24.5767 -49.9636 12.2510 -25.9423 0.0000 0.0000 0.0000 0.0000 0.0000 0.0000 0.0000 0.0000 0.0000 0.0000 0.0000 0.0000 0.0000 0.0000 0.0000 0.0000 0.0000 0.0000 0.0000 0.0000 0.0000 0.0000 0.0000 0.0000 0.0000 0.0000 0.0000 0.0000 0.0000 0.0000 0.0000 0.0000 0.0000 0.0000 0.0000 0.0000 0.0000 0.0000 0.0000 0.0000 0.0000 0.0000 0.0000 0.0000 0.0000
222.5062 63.0645 72.9096 -448.0856 -11.1401 92.8179 -1.1041 -118.9835 -28.5133 201.5889 100.9874 -207.7017 30.6310 -6.2391 48.7862 0.0000 0.0000 0.0000 11.3477 -118.4156 40.2065 89.0369 31.7805 -37.9051 -195.8562 182.9063 149.5205 0.0000 0.0000 0.0000 -2.2113 -0.5982 4.2450 -2.2113 -0.5982 4.2450 -2.2113 -0.5982 4.2450 19.7986 -12.3992 -8.9475 19.7986 -12.3992 -8.9475 0.0000 0.0000 0.0000 -4.7252 -5.1407 -77.9118 2.4798 0.1779 7.3073 78.7345 -0.0347 -0.0423 0.0000 0.0000 0.0000 0.0000 0.0000 0.0000 0.0000 0.0000 0.0000 0.0000 0.0000 0.0000 0.0000 0.0000 0.0000 0.0000 0.0000 0.0000 0.0000 0.0000 0.0000 0.0000 0.0000 0.0000 0.0000 0.0000 0.0000 0.0000 0.0000 0.0000 0.0000 0.0000 0.0000 0.0000 0.0000 0.0000 0.0000 0.0000 0.0000 0.0000 0.0000 0.0000 0.0000 0.0000 0.0000 0.0000 0.0000 0.0000 31.7068 6.7024 56.8065 -13.3310 -2.7091 26.3557 -53.6309 10.9154 -21.4073 0.0000 0.0000 0.0000 0.0000 0.0000 0.0000 0.0000 0.0000 0.0000 0.0000 0.0000 0.0000 0.0000 0.0000 0.0000 0.0000 0.0000 0.0000 0.0000 0.0000 0.0000 0.0000 0.0000 0.0000 0.0000 0.0000 0.0000 0.0000 0.0000 0.0000 0.0000 0.0000 0.0000 0.0000 0.0000 0.0000 0.0000 0.0000 0.0000 0.0000 0.0000 0.0000 0.0000 0.0000 0.0000
229.1244 66.5214 73.0353 -445.7496 -8.7586 91.8647 -5.3669 -105.5016 -27.8859 201.2559 105.6030 -205.5885 19.3432 3.9260 44.0940 0.0000 0.0000 0.0000 -1.7736 -105.9862 15.5756 72.7943 45.2435 -37.6321 -193.9794 186.2271 155.8049 0.0000 0.0000 0.0000 -1.5498 -0.4285 3.7788 -1.5498 -0.4285 3.7788 -1.5498 -0.4285 3.7788 17.7314 -12.7733 -7.8404 17.7314 -12.7733 -7.8404 0.0000 0.0000 0.0000 -12.8740 -0.0651 -66.2095 4.2207 0.1140 2.1949 72.9641 2.9942 4.0483 0.0000 0.0000 0.0000 0.0000 0.0000 0.0000 0.0000 0.0000 0.0000 0.0000 0.0000 0.0000 0.0000 0.0000 0.0000 0.0000 0.0000 0.0000 0.0000 0.0000 0.0000 0.0000 0.0000 0.0000 0.0000 0.0000 0.0000 0.0000 0.0000 0.0000 0.0000 0.0000 0.0000 0.0000 0.0000 0.0000 0.0000 0.0000 0.0000 0.0000 0.0000 0.0000 0.0000 0.0000 0.0000 0.0000 0.0000 0.0000 37.2034 8.7577 55.4568 -8.5308 -1.8714 31.0318 -52.6187 8.7914 -17.6742 0.0000 0.0000 0.0000 0.0000 0.0000 0.0000 0.0000 0.0000 0.0000 0.0000 0.0000 0.0000 0.0000 0.0000 0.0000 0.0000 0.0000 0.0000 0.0000 0.0000 0.0000 0.0000 0.0000 0.0000 0.0000 0.0000 0.0000 0.0000 0.0000 0.0000 0.0000 0.0000 0.0000 0.0000 0.0000 0.0000 0.0000 0.0000 0.0000 0.0000 0.0000 0.0000 0.0000 0.0000 0.0000
235.8096 70.4546 74.4369 -443.1626 -7.5791 90.8456 -13.0874 -95.1422 -31.7985 208.3848 111.2375 -208.9228 7.8037 14.8100 39.6200 0.0000 0.0000 0.0000 -57.2198 -93.9719 -46.3278 51.4381 47.3667 -25.7292 -189.8820 187.5901 164.4490 0.0000 0.0000 0.0000 -1.3505 -0.3519 3.4062 -1.3505 -0.3519 3.4062 -1.3505 -0.3519 3.4062 16.9318 -11.9492 -6.7812 16.9318 -11.9492 -6.7812 0.0000 0.0000 0.0000 -23.3974 5.0823 -63.7508 1.0978 -0.0008 -0.9800 65.8885 -2.2340 -3.4468 0.0000 0.0000 0.0000 0.0000 0.0000 0.0000 0.0000 0.0000 0.0000 0.0000 0.0000 0.0000 0.0000 0.0000 0.0000 0.0000 0.0000 0.0000 0.0000 0.0000 0.0000 0.0000 0.0000 0.0000 0.0000 0.0000 0.0000 0.0000 0.0000 0.0000 0.0000 0.0000 0.0000 0.0000 0.0000 0.0000 0.0000 0.0000 0.0000 0.0000 0.0000 0.0000 0.0000 0.0000 0.0000 0.0000 0.0000 0.0000 43.8732 11.0789 53.7399 0.1787 0.5508 31.1489 -57.7805 6.4252 -11.6162 0.0000 0.0000 0.0000 0.0000 0.0000 0.0000 0.0000 0.0000 0.0000 0.0000 0.0000 0.0000 0.0000 0.0000 0.0000 0.0000 0.0000 0.0000 0.0000 0.0000 0.0000 0.0000 0.0000 0.0000 0.0000 0.0000 0.0000 0.0000 0.0000 0.0000 0.0000 0.0000 0.0000 0.0000 0.0000 0.0000 0.0000 0.0000 0.0000 0.0000 0.0000 0.0000 0.0000 0.0000 0.0000
244.0728 74.2024 75.3356 -439.0945 -6.0729 92.5411 66.0764 -85.8971 46.9678 200.2965 119.2030 -199.9817 4.4274 13.5588 28.9483 0.0000 0.0000 0.0000 10.7320 -76.8705 19.5175 33.1550 44.0989 -14.6233 -190.1828 190.2705 165.7305 0.0000 0.0000 0.0000 -1.8840 -0.5275 3.6571 -1.8840 -0.5275 3.6571 -1.8840 -0.5275 3.6571 16.6049 -10.4348 -7.1239 16.6049 -10.4348 -7.1239 0.0000 0.0000 0.0000 -33.3097 9.3077 -60.6322 0.2350 -0.0038 -2.7718 53.1295 -3.6236 -7.2401 0.0000 0.0000 0.0000 0.0000 0.0000 0.0000 0.0000 0.0000 0.0000 0.0000 0.0000 0.0000 0.0000 0.0000 0.0000 0.0000 0.0000 0.0000 0.0000 0.0000 0.0000 0.0000 0.0000 0.0000 0.0000 0.0000 0.0000 0.0000 0.0000 0.0000 0.0000 0.0000 0.0000 0.0000 0.0000 0.0000 0.0000 0.0000 0.0000 0.0000 0.0000 0.0000 0.0000 0.0000 0.0000 0.0000 0.0000 0.0000 52.3212 11.5456 45.8773 8.2381 2.4491 27.3655 -62.9638 3.5863 -5.8533 -25.5696 -1.3850 6.0980 15.9603 -2.2472 -15.9285 13.0993 -0.1160 -1.0102 3.4196 -0.4810 -16.0080 -5.6024 0.1482 -3.0282 15.8968 -0.8938 -6.3951 3.5986 -0.4151 -13.1554 4.8828 -0.4372 -10.2277 -11.7390 0.1524 -1.4826 2.7003 -0.2992 -12.6448 -4.0986 0.3203 -8.9318 -2.5790 0.0841 -3.7365 5.9173 -0.1463 -2.8296 1.1461 -0.0590 -5.8937 2.8582 -0.1459 -5.8438
253.3943 77.1084 74.5580 -435.6424 -2.3658 90.8439 48.3762 -86.9024 30.6639 196.7858 116.1747 -198.5463 -3.5927 21.3134 21.2129 0.0000 0.0000 0.0000 4.4319 -66.1514 11.8921 22.7401 40.2545 -8.7605 -189.7563 187.0706 164.3147 0.0000 0.0000 0.0000 -2.5201 -0.5259 3.3756 -2.5201 -0.5259 3.3756 -2.5201 -0.5259 3.3756 16.2260 -9.7878 -6.7909 16.2260 -9.7878 -6.7909 0.0000 0.0000 0.0000 -44.3492 10.7137 -49.2659 -1.3562 0.0597 -5.9418 38.8044 -1.1733 -3.3307 0.0000 0.0000 0.0000 0.0000 0.0000 0.0000 0.0000 0.0000 0.0000 0.0000 0.0000 0.0000 0.0000 0.0000 0.0000 0.0000 0.0000 0.0000 0.0000 0.0000 0.0000 0.0000 0.0000 0.0000 0.0000 0.0000 0.0000 0.0000 0.0000 0.0000 0.0000 0.0000 0.0000 0.0000 0.0000 0.0000 0.0000 0.0000 0.0000 0.0000 0.0000 0.0000 0.0000 0.0000 0.0000 0.0000 0.0000 0.0000 59.8937 11.8221 40.6338 14.5118 3.3064 22.7763 -63.6550 -0.6524 1.0511 -25.5696 -1.3850 6.0980 15.9603 -2.2472 -15.9285 13.0993 -0.1160 -1.0102 3.4196 -0.4810 -16.0080 -5.6024 0.1482 -3.0282 15.8968 -0.8938 -6.3951 3.5986 -0.4151 -13.1554 4.8828 -0.4372 -10.2277 -11.7390 0.1524 -1.4826 2.7003 -0.2992 -12.6448 -4.0986 0.3203 -8.9318 -2.5790 0.0841 -3.7365 5.9173 -0.1463 -2.8296 1.1461 -0.0590 -5.8937 2.8582 -0.1459 -5.8438
262.6095 79.5462 73.6989 -431.7683 -0.6302 90.0105 -25.4298 -88.2900 -40.5218 196.9028 121.5346 -197.0102 -2.4434 15.2687 12.2171 0.0000 0.0000 0.0000 4.0627 -54.7126 9.2963 14.8096 35.3760 -4.6944 -189.7704 184.7658 162.5593 0.0000 0.0000 0.0000 -3.3885 -0.5434 3.4481 -3.3885 -0.5434 3.4481 -3.3885 -0.5434 3.4481 16.5165 -9.6471 -6.5804 16.5165 -9.6471 -6.5804 0.0000 0.0000 0.0000 -51.1923 9.7700 -40.3671 -1.0964 0.0957 -10.8722 29.7402 -1.0585 -3.9851 0.0000 0.0000 0.0000 0.0000 0.0000 0.0000 0.0000 0.0000 0.0000 0.0000 0.0000 0.0000 0.0000 0.0000 0.0000 0.0000 0.0000 0.0000 0.0000 0.0000 0.0000 0.0000 0.0000 0.0000 0.0000 0.0000 0.0000 0.0000 0.0000 0.0000 0.0000 0.0000 0.0000 0.0000 0.0000 0.0000 0.0000 0.0000 0.0000 0.0000 0.0000 0.0000 0.0000 0.0000 0.0000 0.0000 0.0000 0.0000 67.0638 10.7579 34.3521 19.7396 3.7174 19.3662 -62.1428 -4.0589 6.7312 -25.5696 -1.3850 6.0980 15.9603 -2.2472 -15.9285 13.0993 -0.1160 -1.0102 3.4196 -0.4810 -16.0080 -5.6024 0.1482 -3.0282 15.8968 -0.8938 -6.3951 3.5986 -0.4151 -13.1554 4.8828 -0.4372 -10.2277 -11.7390 0.1524 -1.4826 2.7003 -0.2992 -12.6448 -4.0986 0.3203 -8.9318 -2.5790 0.0841 -3.7365 5.9173 -0.1463 -2.8296 1.1461 -0.0590 -5.8937 2.8582 -0.1459 -5.8438
271.6829 81.4447 73.0089 -428.6942 0.8600 89.8033 -58.5701 -85.6244 -70.7280 197.5044 133.4187 -193.9386 0.1638 3.9757 4.2609 0.0000 0.0000 0.0000 4.5448 -44.8513 7.6572 7.6618 30.7708 -1.6588 -190.5447 183.1322 159.7277 0.0000 0.0000 0.0000 -3.9508 -0.5843 3.8575 -3.9508 -0.5843 3.8575 -3.9508 -0.5843 3.8575 16.5381 -11.1755 -7.1825 16.5381 -11.1755 -7.1825 0.0000 0.0000 0.0000 -53.1437 8.9373 -36.9122 -2.0025 0.2132 -13.0506 28.5316 -1.0388 -4.0838 0.0000 0.0000 0.0000 0.0000 0.0000 0.0000 0.0000 0.0000 0.0000 0.0000 0.0000 0.0000 0.0000 0.0000 0.0000 0.0000 0.0000 0.0000 0.0000 0.0000 0.0000 0.0000 0.0000 0.0000 0.0000 0.0000 0.0000 0.0000 0.0000 0.0000 0.0000 0.0000 0.0000 0.0000 0.0000 0.0000 0.0000 0.0000 0.0000 0.0000 0.0000 0.0000 0.0000 0.0000 0.0000 0.0000 0.0000 0.0000 71.6413 8.8707 28.9952 22.5437 3.6887 16.9842 -62.6788 -7.2724 11.9154 -30.7308 -0.2082 0.7576 1.4401 -0.0946 -7.5127 1.4952 0.0304 2.3301 -11.2833 -1.4769 14.8673 4.2293 -0.1547 -4.1882 22.0014 0.4560 2.3456 4.3549 0.8449 21.9498 -5.9522 0.7916 -15.1382 -7.3523 -0.9461 14.6460 -1.7812 -0.2996 19.0946 4.4160 0.0852 2.2099 -5.4686 -0.2173 4.5467 5.3306 1.9393 39.9599 -6.9587 1.2406 -20.1936 7.7595 0.4430 6.5246
280.8147 83.0653 70.7895 -425.4846 1.4129 90.5184 -47.2137 -81.3047 -56.1390 200.7291 148.5458 -191.0665 -2.2227 5.4250 -0.4683 0.0000 0.0000 0.0000 4.1578 -37.2721 6.1426 5.6231 30.0933 -0.9108 -190.5876 180.9466 157.7450 0.0000 0.0000 0.0000 -4.1028 -0.6142 4.6768 -4.1028 -0.6142 4.6768 -4.1028 -0.6142 4.6768 16.2586 -12.6351 -8.3647 16.2586 -12.6351 -8.3647 0.0000 0.0000 0.0000 -57.3510 8.6125 -33.7037 -3.2859 0.4359 -16.0076 25.8159 -0.8471 -3.6951 0.0000 0.0000 0.0000 0.0000 0.0000 0.0000 0.0000 0.0000 0.0000 0.0000 0.0000 0.0000 0.0000 0.0000 0.0000 0.0000 0.0000 0.0000 0.0000 0.0000 0.0000 0.0000 0.0000 0.0000 0.0000 0.0000 0.0000 0.0000 0.0000 0.0000 0.0000 0.0000 0.0000 0.0000 0.0000 0.0000 0.0000 0.0000 0.0000 0.0000 0.0000 0.0000 0.0000 0.0000 0.0000 0.0000 0.0000 0.0000 74.3250 5.6343 22.6826 24.3949 3.5455 15.1565 -61.6154 -9.4592 15.7983 -30.7308 -0.2082 0.7576 1.4401 -0.0946 -7.5127 1.4952 0.0304 2.3301 -11.2833 -1.4769 14.8673 4.2293 -0.1547 -4.1882 22.0014 0.4560 2.3456 4.3549 0.8449 21.9498 -5.9522 0.7916 -15.1382 -7.3523 -0.9461 14.6460 -1.7812 -0.2996 19.0946 4.4160 0.0852 2.2099 -5.4686 -0.2173 4.5467 5.3306 1.9393 39.9599 -6.9587 1.2406 -20.1936 7.7595 0.4430 6.5246
290.7409 83.6700 63.8578 -421.0516 -0.3842 90.8276 -35.0737 -77.2066 -42.2153 204.8768 157.9868 -189.5771 -4.6664 8.9156 -3.7330 0.0000 0.0000 0.0000 3.6758 -31.5834 5.0218 6.8657 33.2039 -1.4269 -188.7827 173.3579 153.8138 0.0000 0.0000 0.0000 -3.7729 -0.5317 5.3794 -3.7729 -0.5317 5.3794 -3.7729 -0.5317 5.3794 16.2902 -13.6863 -8.8512 16.2902 -13.6863 -8.8512 0.0000 0.0000 0.0000 -57.2623 8.2451 -32.9203 -3.5616 0.5693 -19.0567 27.9122 -1.1635 -4.6796 0.0000 0.0000 0.0000 0.0000 0.0000 0.0000 0.0000 0.0000 0.0000 0.0000 0.0000 0.0000 0.0000 0.0000 0.0000 0.0000 0.0000 0.0000 0.0000 0.0000 0.0000 0.0000 0.0000 0.0000 0.0000 0.0000 0.0000 0.0000 0.0000 0.0000 0.0000 0.0000 0.0000 0.0000 0.0000 0.0000 0.0000 0.0000 0.0000 0.0000 0.0000 0.0000 0.0000 0.0000 0.0000 0.0000 0.0000 0.0000 76.9635 3.0584 18.0014 23.8443 3.2374 14.1570 -59.6828 -11.1976 19.3944 -21.8586 1.4278 -7.3841 24.3560 0.8422 3.9013 5.4999 0.4498 9.3438 -12.0786 2.0413 -19.1169 -9.1331 2.8359 -34.4379 -2.4937 -0.2815 12.8781 -4.2192 0.7885 -21.1611 -3.1893 0.2596 -9.3060 -23.8543 4.3731 -20.4922 7.0476 -1.7251 -27.4768 -15.2502 0.9569 -7.1389 -27.1489 3.3538 -13.8264 16.1119 -3.3937 -23.6431 -8.7295 -0.0446 0.5845 -30.0935 -4.4872 16.5836
299.6062 84.1581 58.3865 -415.9062 -0.0110 92.2601 -36.0193 -71.3108 -39.1498 206.7257 159.5364 -189.6158 -5.0106 11.5601 -1.6979 0.0000 0.0000 0.0000 0.6135 -29.8451 3.8594 14.3436 45.5339 -5.4477 -183.8947 163.5724 152.4990 0.0000 0.0000 0.0000 -3.3473 -0.3704 5.4472 -3.3473 -0.3704 5.4472 -3.3473 -0.3704 5.4472 16.2541 -13.2844 -8.5916 16.2541 -13.2844 -8.5916 0.0000 0.0000 0.0000 -57.5744 8.1141 -32.4683 -2.0462 0.4275 -24.4963 26.1850 -2.0186 -8.6639 0.0000 0.0000 0.0000 0.0000 0.0000 0.0000 0.0000 0.0000 0.0000 0.0000 0.0000 0.0000 0.0000 0.0000 0.0000 0.0000 0.0000 0.0000 0.0000 0.0000 0.0000 0.0000 0.0000 0.0000 0.0000 0.0000 0.0000 0.0000 0.0000 0.0000 0.0000 0.0000 0.0000 0.0000 0.0000 0.0000 0.0000 0.0000 0.0000 0.0000 0.0000 0.0000 0.0000 0.0000 0.0000 0.0000 0.0000 0.0000 77.3581 -1.0379 11.4516 21.1100 3.4159 16.7441 -53.6573 -12.7961 25.0019 -21.8586 1.4278 -7.3841 24.3560 0.8422 3.9013 5.4999 0.4498 9.3438 -12.0786 2.0413 -19.1169 -9.1331 2.8359 -34.4379 -2.4937 -0.2815 12.8781 -4.2192 0.7885 -21.1611 -3.1893 0.2596 -9.3060 -23.8543 4.3731 -20.4922 7.0476 -1.7251 -27.4768 -15.2502 0.9569 -7.1389 -27.1489 3.3538 -13.8264 16.1119 -3.3937 -23.6431 -8.7295 -0.0446 0.5845 -30.0935 -4.4872 16.5836
307.7968 84.7136 54.4924 -412.8230 -0.2571 92.2641 -32.8737 -70.6517 -36.2437 207.1161 154.5647 -191.4704 -5.0533 15.2810 3.4295 0.0000 0.0000 0.0000 0.0032 -34.9383 4.3476 28.5851 59.8499 -16.0745 -174.7414 149.3706 152.3451 0.0000 0.0000 0.0000 -3.0126 -0.3284 4.8648 -3.0126 -0.3284 4.8648 -3.0126 -0.3284 4.8648 17.0484 -13.2119 -7.5228 17.0484 -13.2119 -7.5228 0.0000 0.0000 0.0000 -52.9908 8.5008 -35.9250 5.4153 -1.2464 -26.8037 30.8158 -3.1641 -11.4458 0.0000 0.0000 0.0000 0.0000 0.0000 0.0000 0.0000 0.0000 0.0000 0.0000 0.0000 0.0000 0.0000 0.0000 0.0000 0.0000 0.0000 0.0000 0.0000 0.0000 0.0000 0.0000 0.0000 0.0000 0.0000 0.0000 0.0000 0.0000 0.0000 0.0000 0.0000 0.0000 0.0000 0.0000 0.0000 0.0000 0.0000 0.0000 0.0000 0.0000 0.0000 0.0000 0.0000 0.0000 0.0000 0.0000 0.0000 0.0000 76.9260 -1.8335 10.1800 19.6895 3.7213 19.4314 -49.7862 -12.5081 26.5755 -18.4468 -5.2823 31.7170 5.0660 -0.3696 -8.3389 7.2845 -0.1265 -1.9865 1.7183 0.5063 32.8335 -7.9899 -0.7313 10.4423 7.5311 0.6228 9.4418 6.0585 1.3367 24.8628 -13.5930 -2.1163 17.6187 5.5952 0.4003 8.1771 0.8006 0.1779 25.0555 1.7748 0.2823 18.0768 -8.5643 -1.2306 16.3236 17.5446 4.9406 31.2391 -19.8437 -2.3017 13.1030 0.9069 0.0416 5.2502
316.1202 86.2173 51.8532 -409.4726 -2.5523 93.7017 -30.0166 -66.4794 -31.6650 206.4131 154.7872 -191.1518 -6.0540 18.2057 4.7980 0.0000 0.0000 0.0000 2.9039 -42.0705 6.4784 49.6314 66.8827 -33.5859 -169.5518 142.8380 155.9642 0.0000 0.0000 0.0000 -3.0425 -0.4405 4.0686 -3.0425 -0.4405 4.0686 -3.0425 -0.4405 4.0686 18.3439 -12.2452 -8.0120 18.3439 -12.2452 -8.0120 0.0000 0.0000 0.0000 -47.1985 8.4128 -39.7773 14.2014 -4.0390 -32.5093 40.6774 -8.8594 -23.6083 0.0000 0.0000 0.0000 0.0000 0.0000 0.0000 0.0000 0.0000 0.0000 0.0000 0.0000 0.0000 0.0000 0.0000 0.0000 0.0000 0.0000 0.0000 0.0000 0.0000 0.0000 0.0000 0.0000 0.0000 0.0000 0.0000 0.0000 0.0000 0.0000 0.0000 0.0000 0.0000 0.0000 0.0000 0.0000 0.0000 0.0000 0.0000 0.0000 0.0000 0.0000 0.0000 0.0000 0.0000 0.0000 0.0000 0.0000 0.0000 79.4356 -3.8670 7.1175 17.4925 4.3860 25.3967 -46.4260 -13.6128 31.1042 -18.4468 -5.2823 31.7170 5.0660 -0.3696 -8.3389 7.2845 -0.1265 -1.9865 1.7183 0.5063 32.8335 -7.9899 -0.7313 10.4423 7.5311 0.6228 9.4418 6.0585 1.3367 24.8628 -13.5930 -2.1163 17.6187 5.5952 0.4003 8.1771 0.8006 0.1779 25.0555 1.7748 0.2823 18.0768 -8.5643 -1.2306 16.3236 17.5446 4.9406 31.2391 -19.8437 -2.3017 13.1030 0.9069 0.0416 5.2502
323.8815 87.9575 50.1001 -407.2987 -3.7565 93.0035 -20.5470 -62.0534 -22.9390 203.7720 156.0260 -189.8608 -6.4217 20.9803 9.0663 0.0000 0.0000 0.0000 3.4628 -51.0306 8.2906 85.1924 67.0011 -63.0799 -164.6968 136.3909 162.8973 0.0000 0.0000 0.0000 -3.2720 -0.3061 2.3625 -3.2720 -0.3061 2.3625 -3.2720 -0.3061 2.3625 19.4971 -12.9684 -6.3959 19.4971 -12.9684 -6.3959 0.0000 0.0000 0.0000 -38.1339 5.4693 -37.9524 30.4484 -9.4094 -34.5493 44.3244 -7.2368 -17.6495 0.0000 0.0000 0.0000 0.0000 0.0000 0.0000 0.0000 0.0000 0.0000 0.0000 0.0000 0.0000 0.0000 0.0000 0.0000 0.0000 0.0000 0.0000 0.0000 0.0000 0.0000 0.0000 0.0000 0.0000 0.0000 0.0000 0.0000 0.0000 0.0000 0.0000 0.0000 0.0000 0.0000 0.0000 0.0000 0.0000 0.0000 0.0000 0.0000 0.0000 0.0000 0.0000 0.0000 0.0000 0.0000 0.0000 0.0000 0.0000 80.5838 -4.4575 6.3207 15.1367 5.4288 35.3318 -39.0317 -12.0015 33.0388 -18.4468 -5.2823 31.7170 5.0660 -0.3696 -8.3389 7.2845 -0.1265 -1.9865 1.7183 0.5063 32.8335 -7.9899 -0.7313 10.4423 7.5311 0.6228 9.4418 6.0585 1.3367 24.8628 -13.5930 -2.1163 17.6187 5.5952 0.4003 8.1771 0.8006 0.1779 25.0555 1.7748 0.2823 18.0768 -8.5643 -1.2306 16.3236 17.5446 4.9406 31.2391 -19.8437 -2.3017 13.1030 0.9069 0.0416 5.2502
336.4191 90.5001 48.3293 -404.8629 -4.7569 89.6627 -15.3810 -55.9770 -17.4000 205.9745 154.1572 -191.2164 -18.2184 40.0219 21.7661 0.0000 0.0000 0.0000 4.9874 -55.3510 9.9260 87.4477 64.5891 -63.1992 -165.4224 137.4392 162.9178 0.0000 0.0000 0.0000 -3.2216 -0.1466 1.2070 -3.2216 -0.1466 1.2070 -3.2216 -0.1466 1.2070 20.4947 -12.2464 -4.3228 20.4947 -12.2464 -4.3228 0.0000 0.0000 0.0000 -35.0908 3.2608 -31.4488 41.8438 -14.9103 -38.6894 41.0358 -5.6067 -14.9087 19.6097 1.9141 11.0428 -10.8546 1.5124 -15.8177 -19.3850 -2.5320 14.7448 -11.9278 -1.4219 13.5483 5.1768 0.3234 7.1454 6.5147 -1.6939 -29.1222 -9.7228 -0.9284 10.8827 16.6379 -2.0754 -14.1232 -11.3511 -0.9895 9.9323 -3.0762 -0.2904 10.7838 -1.7229 0.0586 -3.8956 8.0194 -0.2134 -3.0441 -20.7273 -3.7630 20.3666 20.8027 0.6136 3.3418 -1.2569 0.0882 -8.0257 0.0000 0.0000 0.0000 80.3673 -4.2759 6.5735 12.8758 5.7065 42.3224 -34.0663 -10.5901 33.6629 -28.1025 3.9795 -15.8057 19.1232 3.7310 21.8871 10.8029 0.2196 2.3217 -24.5902 6.5196 -29.2911 12.7944 -5.8381 -48.9117 -8.9668 0.5053 -6.4380 -2.5498 0.8364 -36.3159 9.7035 -3.5461 -40.0731 -8.7623 1.5326 -19.8059 5.8190 -2.3660 -44.2240 3.6298 -1.4133 -42.5373 -7.3585 0.0071 -0.1108 5.5923 -2.0879 -40.9207 3.4337 -0.9739 -31.6622 -18.5782 -0.2562 1.5665
346.1001 92.0720 39.9168 -402.1999 -6.8201 91.8075 -17.3655 -49.7572 -16.2884 207.7507 152.7276 -192.3465 -14.7427 35.7463 17.8629 0.0000 0.0000 0.0000 6.1530 -60.0417 11.6114 87.4012 61.5584 -60.7458 -172.1952 149.0205 166.1155 0.0000 0.0000 0.0000 -2.6536 -0.0273 0.5361 -2.6536 -0.0273 0.5361 -2.6536 -0.0273 0.5361 20.5587 -12.4933 -4.4019 20.5587 -12.4933 -4.4019 0.0000 0.0000 0.0000 -37.0374 4.3875 -34.6287 47.0003 -19.6136 -44.2574 39.4507 -6.1624 -17.0760 24.4892 -0.3277 -1.5097 -12.1507 1.5976 -14.9258 -40.5337 -4.7041 12.6945 -14.2858 0.4720 -3.7650 6.6672 -1.0486 -17.8577 1.5242 -1.0440 -68.8145 -14.5571 1.3347 -10.4214 14.5054 -5.3655 -40.4263 -18.7932 1.1612 -7.0082 -5.1394 0.6397 -14.1811 -7.8061 1.8824 -27.0768 -7.8968 1.1928 -17.1524 -27.0473 -1.2030 4.9986 13.1607 -2.1214 -18.2364 4.4940 -1.4665 -36.1292 0.0000 0.0000 0.0000 80.7017 -5.6412 4.5668 11.4779 6.0745 49.0224 -33.0644 -10.1659 33.3630 -28.1025 3.9795 -15.8057 19.1232 3.7310 21.8871 10.8029 0.2196 2.3217 -24.5902 6.5196 -29.2911 12.7944 -5.8381 -48.9117 -8.9668 0.5053 -6.4380 -2.5498 0.8364 -36.3159 9.7035 -3.5461 -40.0731 -8.7623 1.5326 -19.8059 5.8190 -2.3660 -44.2240 3.6298 -1.4133 -42.5373 -7.3585 0.0071 -0.1108 5.5923 -2.0879 -40.9207 3.4337 -0.9739 -31.6622 -18.5782 -0.2562 1.5665
355.4142 93.3269 34.0009 -399.4467 -7.9099 92.0119 -14.6035 -41.0321 -12.1119 209.6510 155.6584 -191.9414 -19.1272 41.0645 20.5537 0.0000 0.0000 0.0000 5.2753 -62.2025 11.5610 77.5933 57.6226 -49.5982 -177.3312 160.2437 167.8443 0.0000 0.0000 0.0000 -1.9543 0.1189 -0.2645 -1.9543 0.1189 -0.2645 -1.9543 0.1189 -0.2645 20.3613 -12.1436 -3.3280 20.3613 -12.1436 -3.3280 0.0000 0.0000 0.0000 -33.1572 2.9595 -31.7227 54.2773 -19.4012 -37.7857 40.0925 -3.7614 -10.2844 32.2496 -1.5001 -5.1855 -14.3645 1.8019 -14.2270 -46.0491 -3.6509 8.5777 -12.9224 1.5239 -13.3951 -7.2334 1.6163 -25.1615 -8.7320 4.8175 -57.7065 -13.5771 2.6814 -22.2457 6.6038 -2.8020 -45.9456 -22.2746 6.2631 -31.0617 0.9542 -0.1617 -19.2330 -11.6784 5.9891 -54.1817 6.6278 -1.7972 -30.3137 -26.9363 0.1592 -0.6646 13.3684 -5.6089 -45.3689 2.5451 -1.2792 -53.3653 0.0000 0.0000 0.0000 78.9732 -6.9697 2.3051 12.2518 7.3645 55.1547 -29.9056 -8.5940 31.4272 -28.1025 3.9795 -15.8057 19.1232 3.7310 21.8871 10.8029 0.2196 2.3217 -24.5902 6.5196 -29.2911 12.7944 -5.8381 -48.9117 -8.9668 0.5053 -6.4380 -2.5498 0.8364 -36.3159 9.7035 -3.5461 -40.0731 -8.7623 1.5326 -19.8059 5.8190 -2.3660 -44.2240 3.6298 -1.4133 -42.5373 -7.3585 0.0071 -0.1108 5.5923 -2.0879 -40.9207 3.4337 -0.9739 -31.6622 -18.5782 -0.2562 1.5665
364.6380 94.3572 30.2476 -395.9598 -9.9973 94.0245 -14.3072 -33.9430 -9.8598 209.7330 155.9048 -191.8768 -15.7633 36.7053 11.6315 0.0000 0.0000 0.0000 4.9473 -61.1178 11.1202 58.6811 52.4837 -32.7349 -182.7940 174.6669 169.1824 0.0000 0.0000 0.0000 -1.3189 0.1413 -0.4020 -1.3189 0.1413 -0.4020 -1.3189 0.1413 -0.4020 20.1957 -11.6884 -3.8919 20.1957 -11.6884 -3.8919 0.0000 0.0000 0.0000 -28.0263 1.6860 -29.6298 49.8698 -16.2225 -34.9843 45.3374 -2.9843 -7.1376 28.3749 -1.6952 -6.6984 -7.7772 0.8162 -11.9647 -43.4488 -4.7918 11.9895 -9.8329 0.8612 -9.9863 17.1747 -4.9384 -31.8746 -0.9724 0.6175 -64.8343 -9.7680 1.0675 -12.4442 14.4972 -7.4910 -54.4689 -3.5223 1.1073 -34.8938 -0.5683 0.0679 -13.6224 2.8248 -1.5284 -56.8263 9.0485 -2.3125 -28.6185 -19.2210 -0.9528 5.6226 9.5479 -5.0846 -55.9951 9.9129 -4.5441 -49.1681 0.0000 0.0000 0.0000 77.2895 -10.2425 -3.1708 10.9915 6.9328 56.7827 -28.0439 -9.3149 36.1340 -9.1582 -2.3950 29.2554 10.7638 -3.1075 -32.1244 1.6642 -0.0024 -0.1641 -0.2442 -0.0675 30.8831 -5.3598 -0.7608 16.1468 7.0224 -0.3265 -5.3173 9.4425 1.5634 18.7623 -27.7079 -6.6625 26.5593 7.9583 1.0145 14.5073 6.1010 1.4147 26.0870 -2.3521 -0.3389 16.3935 -19.9090 -5.3904 30.0288 25.1302 6.4716 28.4661 -19.5892 -3.6394 20.8552 -1.8084 -0.0506 3.2039
373.7086 94.4416 27.9081 -393.0429 -12.1620 96.0028 -13.8427 -27.7983 -7.9368 206.9770 154.8534 -191.3215 -17.6813 39.4020 14.9334 0.0000 0.0000 0.0000 7.4591 -59.4140 12.2446 39.2583 42.7257 -17.3044 -185.7418 180.8424 167.7135 0.0000 0.0000 0.0000 -1.1506 0.1106 -0.4630 -1.1506 0.1106 -0.4630 -1.1506 0.1106 -0.4630 20.3238 -11.5700 -3.7893 20.3238 -11.5700 -3.7893 0.0000 0.0000 0.0000 -21.3719 0.8336 -32.1062 46.5746 -12.0801 -28.5222 42.6793 -1.2651 -3.2374 28.3749 -1.6952 -6.6984 -7.7772 0.8162 -11.9647 -43.4488 -4.7918 11.9895 -9.8329 0.8612 -9.9863 17.1747 -4.9384 -31.8746 -0.9724 0.6175 -64.8343 -9.7680 1.0675 -12.4442 14.4972 -7.4910 -54.4689 -3.5223 1.1073 -34.8938 -0.5683 0.0679 -13.6224 2.8248 -1.5284 -56.8263 9.0485 -2.3125 -28.6185 -19.2210 -0.9528 5.6226 9.5479 -5.0846 -55.9951 9.9129 -4.5441 -49.1681 0.0000 0.0000 0.0000 77.2788 -11.1629 -4.6285 10.2219 6.1084 53.7545 -26.9535 -8.8699 35.8671 -9.1582 -2.3950 29.2554 10.7638 -3.1075 -32.1244 1.6642 -0.0024 -0.1641 -0.2442 -0.0675 30.8831 -5.3598 -0.7608 16.1468 7.0224 -0.3265 -5.3173 9.4425 1.5634 18.7623 -27.7079 -6.6625 26.5593 7.9583 1.0145 14.5073 6.1010 1.4147 26.0870 -2.3521 -0.3389 16.3935 -19.9090 -5.3904 30.0288 25.1302 6.4716 28.4661 -19.5892 -3.6394 20.8552 -1.8084 -0.0506 3.2039
382.3113 93.6910 26.4478 -390.0375 -12.4421 98.3626 -15.1715 -22.3712 -6.7225 205.8836 152.3650 -191.7943 -22.7035 45.1384 18.9563 0.0000 0.0000 0.0000 10.4234 -54.7265 12.7499 24.4570 31.0917 -7.8741 -184.5924 177.9863 167.8963 0.0000 0.0000 0.0000 -1.1544 0.0705 -0.2317 -1.1545 0.0705 -0.2317 -1.1544 0.0705 -0.2317 20.1723 -10.5073 -4.7428 20.1723 -10.5073 -4.7428 0.0000 0.0000 0.0000 -16.9235 0.0781 -33.2643 39.6251 -9.5313 -26.9573 41.4891 -0.8015 -2.1158 28.3749 -1.6952 -6.6984 -7.7772 0.8162 -11.9647 -43.4488 -4.7918 11.9895 -9.8329 0.8612 -9.9863 17.1747 -4.9384 -31.8746 -0.9724 0.6175 -64.8343 -9.7680 1.0675 -12.4442 14.4972 -7.4910 -54.4689 -3.5223 1.1073 -34.8938 -0.5683 0.0679 -13.6224 2.8248 -1.5284 -56.8263 9.0485 -2.3125 -28.6185 -19.2210 -0.9528 5.6226 9.5479 -5.0846 -55.9951 9.9129 -4.5441 -49.1681 0.0000 0.0000 0.0000 77.4780 -12.6780 -6.9489 10.7847 5.9685 50.6177 -27.8505 -9.9024 38.5186 -5.0784 -1.8263 39.5395 4.6917 -1.1406 -27.3152 27.2553 -1.4651 -6.0381 6.1430 3.5913 60.5908 -2.5415 -0.9375 40.4891 -5.2904 -2.9481 58.2332 14.0996 6.7021 50.6732 -15.6880 -10.7931 68.8779 5.9321 1.3975 26.4913 4.4117 2.7771 64.3636 -0.0142 -0.0075 55.7104 -13.3587 -4.0142 33.3199 26.5175 15.2262 59.1281 -11.5637 -5.2623 48.8215 10.5811 8.2911 76.1016
390.6747 92.8382 25.5262 -387.0808 -10.8077 97.5402 -15.8665 -18.4183 -5.7135 206.0661 148.4585 -193.2036 -30.2605 51.6023 25.0537 0.0000 0.0000 0.0000 10.9395 -51.3850 12.1419 19.5470 22.6392 -4.9056 -181.8894 173.2965 170.1526 0.0000 0.0000 0.0000 -0.8510 0.1571 -0.8319 -0.8511 0.1571 -0.8320 -0.8510 0.1571 -0.8319 19.6721 -7.5772 -3.1740 19.6721 -7.5772 -3.1740 0.0000 0.0000 0.0000 -16.0456 -0.3245 -28.2393 34.8915 -8.2078 -26.6206 41.2900 -0.4906 -1.3021 28.3749 -1.6952 -6.6984 -7.7772 0.8162 -11.9647 -43.4488 -4.7918 11.9895 -9.8329 0.8612 -9.9863 17.1747 -4.9384 -31.8746 -0.9724 0.6175 -64.8343 -9.7680 1.0675 -12.4442 14.4972 -7.4910 -54.4689 -3.5223 1.1073 -34.8938 -0.5683 0.0679 -13.6224 2.8248 -1.5284 -56.8263 9.0485 -2.3125 -28.6185 -19.2210 -0.9528 5.6226 9.5479 -5.0846 -55.9951 9.9129 -4.5441 -49.1681 0.0000 0.0000 0.0000 75.2866 -13.6359 -9.2861 16.6281 9.0466 52.0021 -25.5486 -9.7110 41.0796 -16.9277 -4.7106 30.9026 4.4931 -1.0256 -25.7044 1.9424 -0.1427 -8.4057 -8.8571 -3.8544 46.9672 -14.4425 -4.7814 36.4739 -17.7894 -1.9332 12.3063 -2.1135 -1.0352 52.1869 -35.6835 -13.8037 41.2199 -0.1370 -0.0087 7.2562 -12.1376 -7.4511 62.9709 -14.1418 -9.9732 70.2470 -8.8896 -1.9104 24.2122 14.6648 8.4197 59.5425 -9.0560 -6.5225 71.4713 -8.2365 -4.5000 57.2418
395.9393 91.8877 31.1566 -384.1511 -10.0562 97.0597 -13.2828 -16.5822 -4.7118 207.4323 138.7115 -197.2953 -21.9380 44.2572 19.4083 0.0000 0.0000 0.0000 8.5334 -47.1837 9.9341 18.8287 19.5428 -4.3008 -183.2755 174.5754 167.9254 0.0000 0.0000 0.0000 -1.1292 0.2364 -1.0258 -1.1292 0.2364 -1.0258 -1.1292 0.2364 -1.0258 19.3274 -7.8750 -2.8123 19.3274 -7.8750 -2.8123 0.0000 0.0000 0.0000 -34.6257 0.0026 -16.5517 22.5346 -8.5109 -41.8589 44.3299 -4.3161 -10.5697 28.3749 -1.6952 -6.6984 -7.7772 0.8162 -11.9647 -43.4488 -4.7918 11.9895 -9.8329 0.8612 -9.9863 17.1747 -4.9384 -31.8746 -0.9724 0.6175 -64.8343 -9.7680 1.0675 -12.4442 14.4972 -7.4910 -54.4689 -3.5223 1.1073 -34.8938 -0.5683 0.0679 -13.6224 2.8248 -1.5284 -56.8263 9.0485 -2.3125 -28.6185 -19.2210 -0.9528 5.6226 9.5479 -5.0846 -55.9951 9.9129 -4.5441 -49.1681 0.0000 0.0000 0.0000 74.7206 -14.2029 -10.4430 19.7284 10.7715 52.7594 -26.0019 -9.9070 41.1509 -10.3864 -4.3782 45.6219 3.2004 -0.8969 -31.3044 21.1770 -0.9474 -5.0651 4.8740 2.8010 59.7511 1.9693 1.0851 57.7065 -7.5215 -3.5930 51.0177 16.2390 7.4372 48.9837 -10.3917 -9.6027 85.4571 16.8617 1.9533 13.1225 4.4498 2.7770 63.9174 4.4316 2.7700 63.9994 -3.0640 -0.6718 24.7295 30.6540 14.5149 49.8434 -6.8580 -3.6767 56.3523 13.9233 13.6181 88.7179
401.5333 90.7097 28.9357 -382.2972 -9.6082 96.7076 -11.6793 -15.3348 -4.1115 208.6191 132.6051 -200.2409 -17.5048 39.1835 16.1799 0.0000 0.0000 0.0000 7.0939 -44.4916 8.6939 18.6489 17.6475 -4.0163 -184.0424 175.0724 166.5528 0.0000 0.0000 0.0000 -1.2929 0.2885 -1.0848 -1.2929 0.2885 -1.0848 -1.2929 0.2885 -1.0848 19.0953 -8.0172 -2.6485 19.0953 -8.0172 -2.6485 0.0000 0.0000 0.0000 -44.7376 -1.9452 -8.5440 7.4292 -3.0760 -45.8347 27.1696 -2.5122 -10.3694 0.0000 0.0000 0.0000 0.0000 0.0000 0.0000 0.0000 0.0000 0.0000 0.0000 0.0000 0.0000 0.0000 0.0000 0.0000 0.0000 0.0000 0.0000 0.0000 0.0000 0.0000 0.0000 0.0000 0.0000 0.0000 0.0000 0.0000 0.0000 0.0000 0.0000 0.0000 0.0000 0.0000 0.0000 0.0000 0.0000 0.0000 0.0000 0.0000 0.0000 0.0000 0.0000 0.0000 0.0000 0.0000 0.0000 0.0000 0.0000 74.4266 -14.5513 -11.1414 21.7115 11.8549 53.0348 -26.3376 -10.0593 41.2282 -10.3864 -4.3782 45.6219 3.2004 -0.8969 -31.3044 21.1770 -0.9474 -5.0651 4.8740 2.8010 59.7511 1.9693 1.0851 57.7065 -7.5215 -3.5930 51.0177 16.2390 7.4372 48.9837 -10.3917 -9.6027 85.4571 16.8617 1.9533 13.1225 4.4498 2.7770 63.9174 4.4316 2.7700 63.9994 -3.0640 -0.6718 24.7295 30.6540 14.5149 49.8434 -6.8580 -3.6767 56.3523 13.9233 13.6181 88.7179
404.7461 89.8715 27.3327 -381.1307 -9.3357 96.4562 -10.6497 -14.5245 -3.7449 209.5619 128.8234 -202.2944 -14.9750 35.8005 14.5182 0.0000 0.0000 0.0000 6.1451 -42.7643 7.9360 18.7013 16.4311 -3.8776 -184.5722 175.2758 165.4937 0.0000 0.0000 0.0000 -1.3904 0.3199 -1.0911 -1.3904 0.3199 -1.0911 -1.3904 0.3199 -1.0911 18.9376 -8.0765 -2.5811 18.9376 -8.0765 -2.5811 0.0000 0.0000 0.0000 -50.1120 -3.7545 -3.8810 -2.8693 1.1120 -43.2587 17.7472 -1.0626 -6.7985 0.0000 0.0000 0.0000 0.0000 0.0000 0.0000 0.0000 0.0000 0.0000 0.0000 0.0000 0.0000 0.0000 0.0000 0.0000 0.0000 0.0000 0.0000 0.0000 0.0000 0.0000 0.0000 0.0000 0.0000 0.0000 0.0000 0.0000 0.0000 0.0000 0.0000 0.0000 0.0000 0.0000 0.0000 0.0000 0.0000 0.0000 0.0000 0.0000 0.0000 0.0000 0.0000 0.0000 0.0000 0.0000 0.0000 0.0000 0.0000 74.2637 -14.7767 -11.5848 22.9792 12.5376 53.1403 -26.5433 -10.1606 41.3039 -10.3864 -4.3782 45.6219 3.2004 -0.8969 -31.3044 21.1770 -0.9474 -5.0651 4.8740 2.8010 59.7511 1.9693 1.0851 57.7065 -7.5215 -3.5930 51.0177 16.2390 7.4372 48.9837 -10.3917 -9.6027 85.4571 16.8617 1.9533 13.1225 4.4498 2.7770 63.9174 4.4316 2.7700 63.9994 -3.0640 -0.6718 24.7295 30.6540 14.5149 49.8434 -6.8580 -3.6767 56.3523 13.9233 13.6181 88.7179
406.9807 89.2016 25.1434 -380.3949 -9.1666 96.2793 -9.9719 -14.0068 -3.5163 210.2594 126.4697 -203.6926 -13.4561 33.5948 13.6715 0.0000 0.0000 0.0000 5.5118 -41.6513 7.4588 18.8080 15.6379 -3.8037 -184.9238 175.3545 164.7454 0.0000 0.0000 0.0000 -1.4497 0.3381 -1.0793 -1.4497 0.3381 -1.0793 -1.4497 0.3381 -1.0793 18.8311 -8.0962 -2.5579 18.8311 -8.0962 -2.5579 0.0000 0.0000 0.0000 -53.1021 -5.0005 -1.2372 -8.2211 2.9523 -40.3525 15.3111 -0.8095 -6.0172 0.0000 0.0000 0.0000 0.0000 0.0000 0.0000 0.0000 0.0000 0.0000 0.0000 0.0000 0.0000 0.0000 0.0000 0.0000 0.0000 0.0000 0.0000 0.0000 0.0000 0.0000 0.0000 0.0000 0.0000 0.0000 0.0000 0.0000 0.0000 0.0000 0.0000 0.0000 0.0000 0.0000 0.0000 0.0000 0.0000 0.0000 0.0000 0.0000 0.0000 0.0000 0.0000 0.0000 0.0000 0.0000 0.0000 0.0000 0.0000 74.1669 -14.9262 -11.8751 23.7934 12.9725 53.1858 -26.6563 -10.2225 41.3685 -10.3864 -4.3782 45.6219 3.2004 -0.8969 -31.3044 21.1770 -0.9474 -5.0651 4.8740 2.8010 59.7511 1.9693 1.0851 57.7065 -7.5215 -3.5930 51.0177 16.2390 7.4372 48.9837 -10.3917 -9.6027 85.4571 16.8617 1.9533 13.1225 4.4498 2.7770 63.9174 4.4316 2.7700 63.9994 -3.0640 -0.6718 24.7295 30.6540 14.5149 49.8434 -6.8580 -3.6767 56.3523 13.9233 13.6181 88.7179
408.3089 88.7165 23.6023 -379.9276 -9.0598 96.1558 -9.5152 -13.6778 -3.3707 210.7431 124.9886 -204.6247 -12.4934 32.1532 13.3343 0.0000 0.0000 0.0000 5.0884 -40.9294 7.1529 18.9062 15.1158 -3.7607 -185.1489 175.3785 164.2441 0.0000 0.0000 0.0000 -1.4866 0.3486 -1.0636 -1.4866 0.3486 -1.0636 -1.4866 0.3486 -1.0636 18.7597 -8.0987 -2.5538 18.7597 -8.0987 -2.5538 0.0000 0.0000 0.0000 -54.8511 -5.7903 0.2687 -10.8507 3.6974 -38.4397 14.7840 -0.8211 -6.3231 0.0000 0.0000 0.0000 0.0000 0.0000 0.0000 0.0000 0.0000 0.0000 0.0000 0.0000 0.0000 0.0000 0.0000 0.0000 0.0000 0.0000 0.0000 0.0000 0.0000 0.0000 0.0000 0.0000 0.0000 0.0000 0.0000 0.0000 0.0000 0.0000 0.0000 0.0000 0.0000 0.0000 0.0000 0.0000 0.0000 0.0000 0.0000 0.0000 0.0000 0.0000 0.0000 0.0000 0.0000 0.0000 0.0000 0.0000 0.0000 74.1061 -15.0264 -12.0683 24.3194 13.2529 53.2093 -26.7128 -10.2586 41.4193 -10.3864 -4.3782 45.6219 3.2004 -0.8969 -31.3044 21.1770 -0.9474 -5.0651 4.8740 2.8010 59.7511 1.9693 1.0851 57.7065 -7.5215 -3.5930 51.0177 16.2390 7.4372 48.9837 -10.3917 -9.6027 85.4571 16.8617 1.9533 13.1225 4.4498 2.7770 63.9174 4.4316 2.7700 63.9994 -3.0640 -0.6718 24.7295 30.6540 14.5149 49.8434 -6.8580 -3.6767 56.3523 13.9233 13.6181 88.7179
408.2080 88.3448 23.2827 -379.6286 -8.9912 96.0700 -9.2044 -13.4682 -3.2766 211.0762 124.0470 -205.2442 -11.8811 31.2214 13.1754 0.0000 0.0000 0.0000 4.8049 -40.4580 6.9540 18.9835 14.7687 -3.7344 -185.2929 175.3800 163.9112 0.0000 0.0000 0.0000 -1.5100 0.3545 -1.0489 -1.5100 0.3545 -1.0489 -1.5100 0.3545 -1.0489 18.7121 -8.0945 -2.5569 18.7121 -8.0945 -2.5569 0.0000 0.0000 0.0000 -55.9145 -6.2784 1.1361 -12.1569 4.0110 -37.3032 14.7184 -0.8793 -6.8003 0.0000 0.0000 0.0000 0.0000 0.0000 0.0000 0.0000 0.0000 0.0000 0.0000 0.0000 0.0000 0.0000 0.0000 0.0000 0.0000 0.0000 0.0000 0.0000 0.0000 0.0000 0.0000 0.0000 0.0000 0.0000 0.0000 0.0000 0.0000 0.0000 0.0000 0.0000 0.0000 0.0000 0.0000 0.0000 0.0000 0.0000 0.0000 0.0000 0.0000 0.0000 0.0000 0.0000 0.0000 0.0000 0.0000 0.0000 0.0000 74.0665 -15.0939 -12.1980 24.6613 13.4352 53.2240 -26.7378 -10.2788 41.4577 0.0000 0.0000 0.0000 0.0000 0.0000 0.0000 0.0000 0.0000 0.0000 0.0000 0.0000 0.0000 0.0000 0.0000 0.0000 0.0000 0.0000 0.0000 0.0000 0.0000 0.0000 0.0000 0.0000 0.0000 0.0000 0.0000 0.0000 0.0000 0.0000 0.0000 0.0000 0.0000 0.0000 0.0000 0.0000 0.0000 0.0000 0.0000 0.0000 0.0000 0.0000 0.0000 0.0000 0.0000 0.0000
