HIERARCHY
ROOT Hips
{
  OFFSET 0 0 0
  CHANNELS 6 Xposition Yposition Zposition Zrotation Xrotation Yrotation
  JOINT LeftUpLeg
  {
    OFFSET 5.8 -9.3 -2.6
    CHANNELS 3 Zrotation Xrotation Yrotation
    JOINT LeftLeg
    {
      OFFSET 5.5 -37.9 0.8
      CHANNELS 3 Zrotation Xrotation Yrotation
      JOINT LeftFoot
      {
        OFFSET -4.3 -41.4 -3.8
        CHANNELS 3 Zrotation Xrotation Yrotation
        JOINT LeftToeBase
        {
          OFFSET 4.7 -5.3 12.7
          CHANNELS 3 Zrotation Xrotation Yrotation
          End Site
          {
            OFFSET 0 0 6
          }
        }
      }
    }
  }
  JOINT RightUpLeg
  {
    OFFSET -6.3 -10.4 -2.1
    CHANNELS 3 Zrotation Xrotation Yrotation
    JOINT RightLeg
    {
      OFFSET -4.4 -36.3 0.6
      CHANNELS 3 Zrotation Xrotation Yrotation
      JOINT RightFoot
      {
        OFFSET 1.5 -41.1 -4
        CHANNELS 3 Zrotation Xrotation Yrotation
        JOINT RightToeBase
        {
          OFFSET -3.6 -5.6 13.1
          CHANNELS 3 Zrotation Xrotation Yrotation
          End Site
          {
            OFFSET 0 0 6
          }
        }
      }
    }
  }
  JOINT Spine
  {
    OFFSET -0.3 11.1 -2.7
    CHANNELS 3 Zrotation Xrotation Yrotation
    JOINT Spine1
    {
      OFFSET 1 13.6 2.1
      CHANNELS 3 Zrotation Xrotation Yrotation
      JOINT Spine2
      {
        OFFSET -1.1 4.9 2
        CHANNELS 3 Zrotation Xrotation Yrotation
        JOINT Neck
        {
          OFFSET -1.3 16.5 -4.4
          CHANNELS 3 Zrotation Xrotation Yrotation
          JOINT Head
          {
            OFFSET 2.5 15.8 1.3
            CHANNELS 3 Zrotation Xrotation Yrotation
            End Site
            {
              OFFSET 0 16 0
            }
          }
        }
        JOINT LeftShoulder
        {
          OFFSET 4.6 8.4 -2.6
          CHANNELS 3 Zrotation Xrotation Yrotation
          JOINT LeftArm
          {
            OFFSET 12.6 3.3 -2.1
            CHANNELS 3 Zrotation Xrotation Yrotation
            JOINT LeftForeArm
            {
              OFFSET 24.9 -2.4 -2.5
              CHANNELS 3 Zrotation Xrotation Yrotation
              JOINT LeftHand
              {
                OFFSET 25.5 0 -0.2
                CHANNELS 3 Zrotation Xrotation Yrotation
                JOINT LeftHandThumb1
                {
                  OFFSET 2.5 3.5 0
                  CHANNELS 3 Zrotation Xrotation Yrotation
                  JOINT LeftHandThumb2
                  {
                    OFFSET 3.2 0 0
                    CHANNELS 3 Zrotation Xrotation Yrotation
                    JOINT LeftHandThumb3
                    {
                      OFFSET 2.5 0 0
                      CHANNELS 3 Zrotation Xrotation Yrotation
                      End Site
                      {
                        OFFSET 2.2 0 0
                      }
                    }
                  }
                }
                JOINT LeftHandIndex1
                {
                  OFFSET 6.5 2.5 0
                  CHANNELS 3 Zrotation Xrotation Yrotation
                  JOINT LeftHandIndex2
                  {
                    OFFSET 3.5 0 0
                    CHANNELS 3 Zrotation Xrotation Yrotation
                    JOINT LeftHandIndex3
                    {
                      OFFSET 2.5 0 0
                      CHANNELS 3 Zrotation Xrotation Yrotation
                      End Site
                      {
                        OFFSET 2 0 0
                      }
                    }
                  }
                }
                JOINT LeftHandMiddle1
                {
                  OFFSET 6.5 0 0
                  CHANNELS 3 Zrotation Xrotation Yrotation
                  JOINT LeftHandMiddle2
                  {
                    OFFSET 3.5 0 0
                    CHANNELS 3 Zrotation Xrotation Yrotation
                    JOINT LeftHandMiddle3
                    {
                      OFFSET 2.5 0 0
                      CHANNELS 3 Zrotation Xrotation Yrotation
                      End Site
                      {
                        OFFSET 2 0 0
                      }
                    }
                  }
                }
                JOINT LeftHandRing1
                {
                  OFFSET 6.5 -2 0
                  CHANNELS 3 Zrotation Xrotation Yrotation
                  JOINT LeftHandRing2
                  {
                    OFFSET 3.5 0 0
                    CHANNELS 3 Zrotation Xrotation Yrotation
                    JOINT LeftHandRing3
                    {
                      OFFSET 2.5 0 0
                      CHANNELS 3 Zrotation Xrotation Yrotation
                      End Site
                      {
                        OFFSET 2 0 0
                      }
                    }
                  }
                }
                JOINT LeftHandPinky1
                {
                  OFFSET 6.5 -4 0
                  CHANNELS 3 Zrotation Xrotation Yrotation
                  JOINT LeftHandPinky2
                  {
                    OFFSET 3.5 0 0
                    CHANNELS 3 Zrotation Xrotation Yrotation
                    JOINT LeftHandPinky3
                    {
                      OFFSET 2.5 0 0
                      CHANNELS 3 Zrotation Xrotation Yrotation
                      End Site
                      {
                        OFFSET 2 0 0
                      }
                    }
                  }
                }
              }
            }
          }
        }
        JOINT RightShoulder
        {
          OFFSET -4.8 8.3 -3.2
          CHANNELS 3 Zrotation Xrotation Yrotation
          JOINT RightArm
          {
            OFFSET -13 3.6 -1.7
            CHANNELS 3 Zrotation Xrotation Yrotation
            JOINT RightForeArm
            {
              OFFSET -24.4 -2.8 -2.4
              CHANNELS 3 Zrotation Xrotation Yrotation
              JOINT RightHand
              {
                OFFSET -25.5 0.4 0
                CHANNELS 3 Zrotation Xrotation Yrotation
                JOINT RightHandThumb1
                {
                  OFFSET -2.5 3.5 0
                  CHANNELS 3 Zrotation Xrotation Yrotation
                  JOINT RightHandThumb2
                  {
                    OFFSET -3.2 0 0
                    CHANNELS 3 Zrotation Xrotation Yrotation
                    JOINT RightHandThumb3
                    {
                      OFFSET -2.5 0 0
                      CHANNELS 3 Zrotation Xrotation Yrotation
                      End Site
                      {
                        OFFSET -2.2 0 0
                      }
                    }
                  }
                }
                JOINT RightHandIndex1
                {
                  OFFSET -6.5 2.5 0
                  CHANNELS 3 Zrotation Xrotation Yrotation
                  JOINT RightHandIndex2
                  {
                    OFFSET -3.5 0 0
                    CHANNELS 3 Zrotation Xrotation Yrotation
                    JOINT RightHandIndex3
                    {
                      OFFSET -2.5 0 0
                      CHANNELS 3 Zrotation Xrotation Yrotation
                      End Site
                      {
                        OFFSET -2 0 0
                      }
                    }
                  }
                }
                JOINT RightHandMiddle1
                {
                  OFFSET -6.5 0 0
                  CHANNELS 3 Zrotation Xrotation Yrotation
                  JOINT RightHandMiddle2
                  {
                    OFFSET -3.5 0 0
                    CHANNELS 3 Zrotation Xrotation Yrotation
                    JOINT RightHandMiddle3
                    {
                      OFFSET -2.5 0 0
                      CHANNELS 3 Zrotation Xrotation Yrotation
                      End Site
                      {
                        OFFSET -2 0 0
                      }
                    }
                  }
                }
                JOINT RightHandRing1
                {
                  OFFSET -6.5 -2 0
                  CHANNELS 3 Zrotation Xrotation Yrotation
                  JOINT RightHandRing2
                  {
                    OFFSET -3.5 0 0
                    CHANNELS 3 Zrotation Xrotation Yrotation
                    JOINT RightHandRing3
                    {
                      OFFSET -2.5 0 0
                      CHANNELS 3 Zrotation Xrotation Yrotation
                      End Site
                      {
                        OFFSET -2 0 0
                      }
                    }
                  }
                }
                JOINT RightHandPinky1
                {
                  OFFSET -6.5 -4 0
                  CHANNELS 3 Zrotation Xrotation Yrotation
                  JOINT RightHandPinky2
                  {
                    OFFSET -3.5 0 0
                    CHANNELS 3 Zrotation Xrotation Yrotation
                    JOINT RightHandPinky3
                    {
                      OFFSET -2.5 0 0
                      CHANNELS 3 Zrotation Xrotation Yrotation
                      End Site
                      {
                        OFFSET -2 0 0
                      }
                    }
                  }
                }
              }
            }
          }
        }
      }
    }
  }
}
MOTION
Frames: 230
Frame Time: 0.0333333
513.2840 84.5620 -282.8400 -11.1621 28.6056 -66.3742 10.0478 -20.8567 -0.9776 -6.7729 17.3652 -0.1565 -7.8749 -0.4706 -20.1824 -0.0000 0.0000 -0.0000 17.1270 -31.4642 9.1640 -15.8479 18.7408 4.8186 9.6784 14.0500 18.7287 -0.0000 0.0000 -0.0000 3.7010 2.3939 -7.5970 3.7010 2.3939 -7.5970 3.7010 2.3939 -7.5970 15.1572 -10.9985 1.7002 15.1572 -10.9985 1.7002 -0.0000 0.0000 -0.0000 -50.0315 3.7149 -24.8149 -39.7338 5.3531 -15.6421 20.9205 -2.2702 -12.2514 -0.0000 0.0000 -0.0000 -0.0000 0.0000 -0.0000 -0.0000 0.0000 -0.0000 -0.0000 0.0000 -0.0000 -0.0000 0.0000 -0.0000 -0.0000 0.0000 -0.0000 -0.0000 0.0000 -0.0000 -0.0000 0.0000 -0.0000 -0.0000 0.0000 -0.0000 -0.0000 0.0000 -0.0000 -0.0000 0.0000 -0.0000 -0.0000 0.0000 -0.0000 -0.0000 0.0000 -0.0000 -0.0000 0.0000 -0.0000 -0.0000 0.0000 -0.0000 -0.0000 0.0000 -0.0000 100.7763 -5.5397 6.6449 11.2625 2.3857 20.6201 31.6459 -18.0466 -58.5269 -0.0000 0.0000 -0.0000 -0.0000 0.0000 -0.0000 -0.0000 0.0000 -0.0000 -0.0000 0.0000 -0.0000 -0.0000 0.0000 -0.0000 -0.0000 0.0000 -0.0000 -0.0000 0.0000 -0.0000 -0.0000 0.0000 -0.0000 -0.0000 0.0000 -0.0000 -0.0000 0.0000 -0.0000 -0.0000 0.0000 -0.0000 -0.0000 0.0000 -0.0000 -0.0000 0.0000 -0.0000 -0.0000 0.0000 -0.0000 -0.0000 0.0000 -0.0000
513.2840 84.5620 -282.8400 -11.1621 28.6056 -66.3742 10.0478 -20.8567 -0.9776 -6.7729 17.3652 -0.1565 -7.8749 -0.4706 -20.1824 0.0000 0.0000 0.0000 17.1270 -31.4642 9.1640 -15.8479 18.7408 4.8186 9.6784 14.0500 18.7287 0.0000 0.0000 0.0000 3.7010 2.3939 -7.5970 3.7010 2.3939 -7.5970 3.7010 2.3939 -7.5970 15.1572 -10.9985 1.7002 15.1572 -10.9985 1.7002 0.0000 0.0000 0.0000 -50.0315 3.7149 -24.8149 -39.7338 5.3531 -15.6421 20.9205 -2.2702 -12.2514 0.0000 0.0000 0.0000 0.0000 0.0000 0.0000 0.0000 0.0000 0.0000 0.0000 0.0000 0.0000 0.0000 0.0000 0.0000 0.0000 0.0000 0.0000 0.0000 0.0000 0.0000 0.0000 0.0000 0.0000 0.0000 0.0000 0.0000 0.0000 0.0000 0.0000 0.0000 0.0000 0.0000 0.0000 0.0000 0.0000 0.0000 0.0000 0.0000 0.0000 0.0000 0.0000 0.0000 0.0000 0.0000 0.0000 0.0000 0.0000 100.7763 -5.5397 6.6449 11.2625 2.3857 20.6201 31.6459 -18.0466 -58.5269 0.0000 0.0000 0.0000 0.0000 0.0000 0.0000 0.0000 0.0000 0.0000 0.0000 0.0000 0.0000 0.0000 0.0000 0.0000 0.0000 0.0000 0.0000 0.0000 0.0000 0.0000 0.0000 0.0000 0.0000 0.0000 0.0000 0.0000 0.0000 0.0000 0.0000 0.0000 0.0000 0.0000 0.0000 0.0000 0.0000 0.0000 0.0000 0.0000 0.0000 0.0000 0.0000 0.0000 0.0000 0.0000
513.2840 84.5620 -282.8400 -11.1621 28.6056 -66.3742 10.0478 -20.8567 -0.9776 -6.7729 17.3652 -0.1565 -7.8749 -0.4706 -20.1824 0.0000 0.0000 0.0000 17.1270 -31.4642 9.1640 -15.8479 18.7408 4.8186 9.6784 14.0500 18.7287 0.0000 0.0000 0.0000 3.7010 2.3939 -7.5970 3.7010 2.3939 -7.5970 3.7010 2.3939 -7.5970 15.1572 -10.9985 1.7002 15.1572 -10.9985 1.7002 0.0000 0.0000 0.0000 -50.0315 3.7149 -24.8149 -39.7338 5.3531 -15.6421 20.9205 -2.2702 -12.2514 0.0000 0.0000 0.0000 0.0000 0.0000 0.0000 0.0000 0.0000 0.0000 0.0000 0.0000 0.0000 0.0000 0.0000 0.0000 0.0000 0.0000 0.0000 0.0000 0.0000 0.0000 0.0000 0.0000 0.0000 0.0000 0.0000 0.0000 0.0000 0.0000 0.0000 0.0000 0.0000 0.0000 0.0000 0.0000 0.0000 0.0000 0.0000 0.0000 0.0000 0.0000 0.0000 0.0000 0.0000 0.0000 0.0000 0.0000 0.0000 100.7763 -5.5397 6.6449 11.2625 2.3857 20.6201 31.6459 -18.0466 -58.5269 0.0000 0.0000 0.0000 0.0000 0.0000 0.0000 0.0000 0.0000 0.0000 0.0000 0.0000 0.0000 0.0000 0.0000 0.0000 0.0000 0.0000 0.0000 0.0000 0.0000 0.0000 0.0000 0.0000 0.0000 0.0000 0.0000 0.0000 0.0000 0.0000 0.0000 0.0000 0.0000 0.0000 0.0000 0.0000 0.0000 0.0000 0.0000 0.0000 0.0000 0.0000 0.0000 0.0000 0.0000 0.0000
513.2840 84.5620 -282.8400 -11.1621 28.6056 -66.3742 10.0478 -20.8567 -0.9776 -6.7729 17.3652 -0.1565 -7.8749 -0.4706 -20.1824 0.0000 0.0000 0.0000 17.1270 -31.4642 9.1640 -15.8479 18.7408 4.8186 9.6784 14.0500 18.7287 0.0000 0.0000 0.0000 3.7010 2.3939 -7.5970 3.7010 2.3939 -7.5970 3.7010 2.3939 -7.5970 15.1572 -10.9985 1.7002 15.1572 -10.9985 1.7002 0.0000 0.0000 0.0000 -50.0315 3.7149 -24.8149 -39.7338 5.3531 -15.6421 20.9205 -2.2702 -12.2514 0.0000 0.0000 0.0000 0.0000 0.0000 0.0000 0.0000 0.0000 0.0000 0.0000 0.0000 0.0000 0.0000 0.0000 0.0000 0.0000 0.0000 0.0000 0.0000 0.0000 0.0000 0.0000 0.0000 0.0000 0.0000 0.0000 0.0000 0.0000 0.0000 0.0000 0.0000 0.0000 0.0000 0.0000 0.0000 0.0000 0.0000 0.0000 0.0000 0.0000 0.0000 0.0000 0.0000 0.0000 0.0000 0.0000 0.0000 0.0000 100.7763 -5.5397 6.6449 11.2625 2.3857 20.6201 31.6459 -18.0466 -58.5269 0.0000 0.0000 0.0000 0.0000 0.0000 0.0000 0.0000 0.0000 0.0000 0.0000 0.0000 0.0000 0.0000 0.0000 0.0000 0.0000 0.0000 0.0000 0.0000 0.0000 0.0000 0.0000 0.0000 0.0000 0.0000 0.0000 0.0000 0.0000 0.0000 0.0000 0.0000 0.0000 0.0000 0.0000 0.0000 0.0000 0.0000 0.0000 0.0000 0.0000 0.0000 0.0000 0.0000 0.0000 0.0000
513.2840 84.5620 -282.8400 -11.1621 28.6056 -66.3742 10.0478 -20.8567 -0.9776 -6.7729 17.3652 -0.1565 -7.8749 -0.4706 -20.1824 0.0000 0.0000 0.0000 17.1270 -31.4642 9.1640 -15.8479 18.7408 4.8186 9.6784 14.0500 18.7287 0.0000 0.0000 0.0000 3.7010 2.3939 -7.5970 3.7010 2.3939 -7.5970 3.7010 2.3939 -7.5970 15.1572 -10.9985 1.7002 15.1572 -10.9985 1.7002 0.0000 0.0000 0.0000 -50.0315 3.7149 -24.8149 -39.7338 5.3531 -15.6421 20.9205 -2.2702 -12.2514 0.0000 0.0000 0.0000 0.0000 0.0000 0.0000 0.0000 0.0000 0.0000 0.0000 0.0000 0.0000 0.0000 0.0000 0.0000 0.0000 0.0000 0.0000 0.0000 0.0000 0.0000 0.0000 0.0000 0.0000 0.0000 0.0000 0.0000 0.0000 0.0000 0.0000 0.0000 0.0000 0.0000 0.0000 0.0000 0.0000 0.0000 0.0000 0.0000 0.0000 0.0000 0.0000 0.0000 0.0000 0.0000 0.0000 0.0000 0.0000 100.7763 -5.5397 6.6449 11.2625 2.3857 20.6201 31.6459 -18.0466 -58.5269 0.0000 0.0000 0.0000 0.0000 0.0000 0.0000 0.0000 0.0000 0.0000 0.0000 0.0000 0.0000 0.0000 0.0000 0.0000 0.0000 0.0000 0.0000 0.0000 0.0000 0.0000 0.0000 0.0000 0.0000 0.0000 0.0000 0.0000 0.0000 0.0000 0.0000 0.0000 0.0000 0.0000 0.0000 0.0000 0.0000 0.0000 0.0000 0.0000 0.0000 0.0000 0.0000 0.0000 0.0000 0.0000
513.2840 84.5620 -282.8400 -11.1621 28.6056 -66.3742 10.0478 -20.8567 -0.9776 -6.7729 17.3652 -0.1565 -7.8749 -0.4706 -20.1824 0.0000 0.0000 0.0000 17.1270 -31.4642 9.1640 -15.8479 18.7408 4.8186 9.6784 14.0500 18.7287 0.0000 0.0000 0.0000 3.7010 2.3939 -7.5970 3.7010 2.3939 -7.5970 3.7010 2.3939 -7.5970 15.1572 -10.9985 1.7002 15.1572 -10.9985 1.7002 0.0000 0.0000 0.0000 -50.0315 3.7149 -24.8149 -39.7338 5.3531 -15.6421 20.9205 -2.2702 -12.2514 0.0000 0.0000 0.0000 0.0000 0.0000 0.0000 0.0000 0.0000 0.0000 0.0000 0.0000 0.0000 0.0000 0.0000 0.0000 0.0000 0.0000 0.0000 0.0000 0.0000 0.0000 0.0000 0.0000 0.0000 0.0000 0.0000 0.0000 0.0000 0.0000 0.0000 0.0000 0.0000 0.0000 0.0000 0.0000 0.0000 0.0000 0.0000 0.0000 0.0000 0.0000 0.0000 0.0000 0.0000 0.0000 0.0000 0.0000 0.0000 100.7763 -5.5397 6.6449 11.2625 2.3857 20.6201 31.6459 -18.0466 -58.5269 0.0000 0.0000 0.0000 0.0000 0.0000 0.0000 0.0000 0.0000 0.0000 0.0000 0.0000 0.0000 0.0000 0.0000 0.0000 0.0000 0.0000 0.0000 0.0000 0.0000 0.0000 0.0000 0.0000 0.0000 0.0000 0.0000 0.0000 0.0000 0.0000 0.0000 0.0000 0.0000 0.0000 0.0000 0.0000 0.0000 0.0000 0.0000 0.0000 0.0000 0.0000 0.0000 0.0000 0.0000 0.0000
513.2840 84.5620 -282.8400 -11.1621 28.6056 -66.3742 10.0478 -20.8567 -0.9776 -6.7729 17.3652 -0.1565 -7.8749 -0.4706 -20.1824 0.0000 0.0000 0.0000 17.1270 -31.4642 9.1640 -15.8479 18.7408 4.8186 9.6784 14.0500 18.7287 0.0000 0.0000 0.0000 3.7010 2.3939 -7.5970 3.7010 2.3939 -7.5970 3.7010 2.3939 -7.5970 15.1572 -10.9985 1.7002 15.1572 -10.9985 1.7002 0.0000 0.0000 0.0000 -50.0315 3.7149 -24.8149 -39.7338 5.3531 -15.6421 20.9205 -2.2702 -12.2514 0.0000 0.0000 0.0000 0.0000 0.0000 0.0000 0.0000 0.0000 0.0000 0.0000 0.0000 0.0000 0.0000 0.0000 0.0000 0.0000 0.0000 0.0000 0.0000 0.0000 0.0000 0.0000 0.0000 0.0000 0.0000 0.0000 0.0000 0.0000 0.0000 0.0000 0.0000 0.0000 0.0000 0.0000 0.0000 0.0000 0.0000 0.0000 0.0000 0.0000 0.0000 0.0000 0.0000 0.0000 0.0000 0.0000 0.0000 0.0000 100.7763 -5.5397 6.6449 11.2625 2.3857 20.6201 31.6459 -18.0466 -58.5269 0.0000 0.0000 0.0000 0.0000 0.0000 0.0000 0.0000 0.0000 0.0000 0.0000 0.0000 0.0000 0.0000 0.0000 0.0000 0.0000 0.0000 0.0000 0.0000 0.0000 0.0000 0.0000 0.0000 0.0000 0.0000 0.0000 0.0000 0.0000 0.0000 0.0000 0.0000 0.0000 0.0000 0.0000 0.0000 0.0000 0.0000 0.0000 0.0000 0.0000 0.0000 0.0000 0.0000 0.0000 0.0000
513.2840 84.5620 -282.8400 -11.1621 28.6056 -66.3742 10.0478 -20.8567 -0.9776 -6.7729 17.3652 -0.1565 -7.8749 -0.4706 -20.1824 0.0000 0.0000 0.0000 17.1270 -31.4642 9.1640 -15.8479 18.7408 4.8186 9.6784 14.0500 18.7287 0.0000 0.0000 0.0000 3.7010 2.3939 -7.5970 3.7010 2.3939 -7.5970 3.7010 2.3939 -7.5970 15.1572 -10.9985 1.7002 15.1572 -10.9985 1.7002 0.0000 0.0000 0.0000 -50.0315 3.7149 -24.8149 -39.7338 5.3531 -15.6421 20.9205 -2.2702 -12.2514 0.0000 0.0000 0.0000 0.0000 0.0000 0.0000 0.0000 0.0000 0.0000 0.0000 0.0000 0.0000 0.0000 0.0000 0.0000 0.0000 0.0000 0.0000 0.0000 0.0000 0.0000 0.0000 0.0000 0.0000 0.0000 0.0000 0.0000 0.0000 0.0000 0.0000 0.0000 0.0000 0.0000 0.0000 0.0000 0.0000 0.0000 0.0000 0.0000 0.0000 0.0000 0.0000 0.0000 0.0000 0.0000 0.0000 0.0000 0.0000 100.7763 -5.5397 6.6449 11.2625 2.3857 20.6201 31.6459 -18.0466 -58.5269 0.0000 0.0000 0.0000 0.0000 0.0000 0.0000 0.0000 0.0000 0.0000 0.0000 0.0000 0.0000 0.0000 0.0000 0.0000 0.0000 0.0000 0.0000 0.0000 0.0000 0.0000 0.0000 0.0000 0.0000 0.0000 0.0000 0.0000 0.0000 0.0000 0.0000 0.0000 0.0000 0.0000 0.0000 0.0000 0.0000 0.0000 0.0000 0.0000 0.0000 0.0000 0.0000 0.0000 0.0000 0.0000
513.2840 84.5620 -282.8400 -11.1621 28.6056 -66.3742 10.0478 -20.8567 -0.9776 -6.7729 17.3652 -0.1565 -7.8749 -0.4706 -20.1824 0.0000 0.0000 0.0000 17.1270 -31.4642 9.1640 -15.8479 18.7408 4.8186 9.6784 14.0500 18.7287 0.0000 0.0000 0.0000 3.7010 2.3939 -7.5970 3.7010 2.3939 -7.5970 3.7010 2.3939 -7.5970 15.1572 -10.9985 1.7002 15.1572 -10.9985 1.7002 0.0000 0.0000 0.0000 -50.0315 3.7149 -24.8149 -39.7338 5.3531 -15.6421 20.9205 -2.2702 -12.2514 0.0000 0.0000 0.0000 0.0000 0.0000 0.0000 0.0000 0.0000 0.0000 0.0000 0.0000 0.0000 0.0000 0.0000 0.0000 0.0000 0.0000 0.0000 0.0000 0.0000 0.0000 0.0000 0.0000 0.0000 0.0000 0.0000 0.0000 0.0000 0.0000 0.0000 0.0000 0.0000 0.0000 0.0000 0.0000 0.0000 0.0000 0.0000 0.0000 0.0000 0.0000 0.0000 0.0000 0.0000 0.0000 0.0000 0.0000 0.0000 100.7763 -5.5397 6.6449 11.2625 2.3857 20.6201 31.6459 -18.0466 -58.5269 0.0000 0.0000 0.0000 0.0000 0.0000 0.0000 0.0000 0.0000 0.0000 0.0000 0.0000 0.0000 0.0000 0.0000 0.0000 0.0000 0.0000 0.0000 0.0000 0.0000 0.0000 0.0000 0.0000 0.0000 0.0000 0.0000 0.0000 0.0000 0.0000 0.0000 0.0000 0.0000 0.0000 0.0000 0.0000 0.0000 0.0000 0.0000 0.0000 0.0000 0.0000 0.0000 0.0000 0.0000 0.0000
513.2840 84.5620 -282.8400 -11.1621 28.6056 -66.3742 10.0478 -20.8567 -0.9776 -6.7729 17.3652 -0.1565 -7.8749 -0.4706 -20.1824 0.0000 0.0000 0.0000 17.1270 -31.4642 9.1640 -15.8479 18.7408 4.8186 9.6784 14.0500 18.7287 0.0000 0.0000 0.0000 3.7010 2.3939 -7.5970 3.7010 2.3939 -7.5970 3.7010 2.3939 -7.5970 15.1572 -10.9985 1.7002 15.1572 -10.9985 1.7002 0.0000 0.0000 0.0000 -50.0315 3.7149 -24.8149 -39.7338 5.3531 -15.6421 20.9205 -2.2702 -12.2514 0.0000 0.0000 0.0000 0.0000 0.0000 0.0000 0.0000 0.0000 0.0000 0.0000 0.0000 0.0000 0.0000 0.0000 0.0000 0.0000 0.0000 0.0000 0.0000 0.0000 0.0000 0.0000 0.0000 0.0000 0.0000 0.0000 0.0000 0.0000 0.0000 0.0000 0.0000 0.0000 0.0000 0.0000 0.0000 0.0000 0.0000 0.0000 0.0000 0.0000 0.0000 0.0000 0.0000 0.0000 0.0000 0.0000 0.0000 0.0000 100.7763 -5.5397 6.6449 11.2625 2.3857 20.6201 31.6459 -18.0466 -58.5269 0.0000 0.0000 0.0000 0.0000 0.0000 0.0000 0.0000 0.0000 0.0000 0.0000 0.0000 0.0000 0.0000 0.0000 0.0000 0.0000 0.0000 0.0000 0.0000 0.0000 0.0000 0.0000 0.0000 0.0000 0.0000 0.0000 0.0000 0.0000 0.0000 0.0000 0.0000 0.0000 0.0000 0.0000 0.0000 0.0000 0.0000 0.0000 0.0000 0.0000 0.0000 0.0000 0.0000 0.0000 0.0000
513.2840 84.5620 -282.8400 -11.1621 28.6056 -66.3742 10.0478 -20.8567 -0.9776 -6.7729 17.3652 -0.1565 -7.8749 -0.4706 -20.1824 0.0000 0.0000 0.0000 17.1270 -31.4642 9.1640 -15.8479 18.7408 4.8186 9.6784 14.0500 18.7287 0.0000 0.0000 0.0000 3.7010 2.3939 -7.5970 3.7010 2.3939 -7.5970 3.7010 2.3939 -7.5970 15.1572 -10.9985 1.7002 15.1572 -10.9985 1.7002 0.0000 0.0000 0.0000 -50.0315 3.7149 -24.8149 -39.7338 5.3531 -15.6421 20.9205 -2.2702 -12.2514 0.0000 0.0000 0.0000 0.0000 0.0000 0.0000 0.0000 0.0000 0.0000 0.0000 0.0000 0.0000 0.0000 0.0000 0.0000 0.0000 0.0000 0.0000 0.0000 0.0000 0.0000 0.0000 0.0000 0.0000 0.0000 0.0000 0.0000 0.0000 0.0000 0.0000 0.0000 0.0000 0.0000 0.0000 0.0000 0.0000 0.0000 0.0000 0.0000 0.0000 0.0000 0.0000 0.0000 0.0000 0.0000 0.0000 0.0000 0.0000 100.7763 -5.5397 6.6449 11.2625 2.3857 20.6201 31.6459 -18.0466 -58.5269 0.0000 0.0000 0.0000 0.0000 0.0000 0.0000 0.0000 0.0000 0.0000 0.0000 0.0000 0.0000 0.0000 0.0000 0.0000 0.0000 0.0000 0.0000 0.0000 0.0000 0.0000 0.0000 0.0000 0.0000 0.0000 0.0000 0.0000 0.0000 0.0000 0.0000 0.0000 0.0000 0.0000 0.0000 0.0000 0.0000 0.0000 0.0000 0.0000 0.0000 0.0000 0.0000 0.0000 0.0000 0.0000
513.2840 84.5620 -282.8400 -11.1621 28.6056 -66.3742 10.0478 -20.8567 -0.9776 -6.7729 17.3652 -0.1565 -7.8749 -0.4706 -20.1824 0.0000 0.0000 0.0000 17.1270 -31.4642 9.1640 -15.8479 18.7408 4.8186 9.6784 14.0500 18.7287 0.0000 0.0000 0.0000 3.7010 2.3939 -7.5970 3.7010 2.3939 -7.5970 3.7010 2.3939 -7.5970 15.1572 -10.9985 1.7002 15.1572 -10.9985 1.7002 0.0000 0.0000 0.0000 -50.0315 3.7149 -24.8149 -39.7338 5.3531 -15.6421 20.9205 -2.2702 -12.2514 0.0000 0.0000 0.0000 0.0000 0.0000 0.0000 0.0000 0.0000 0.0000 0.0000 0.0000 0.0000 0.0000 0.0000 0.0000 0.0000 0.0000 0.0000 0.0000 0.0000 0.0000 0.0000 0.0000 0.0000 0.0000 0.0000 0.0000 0.0000 0.0000 0.0000 0.0000 0.0000 0.0000 0.0000 0.0000 0.0000 0.0000 0.0000 0.0000 0.0000 0.0000 0.0000 0.0000 0.0000 0.0000 0.0000 0.0000 0.0000 100.7763 -5.5397 6.6449 11.2625 2.3857 20.6201 31.6459 -18.0466 -58.5269 0.0000 0.0000 0.0000 0.0000 0.0000 0.0000 0.0000 0.0000 0.0000 0.0000 0.0000 0.0000 0.0000 0.0000 0.0000 0.0000 0.0000 0.0000 0.0000 0.0000 0.0000 0.0000 0.0000 0.0000 0.0000 0.0000 0.0000 0.0000 0.0000 0.0000 0.0000 0.0000 0.0000 0.0000 0.0000 0.0000 0.0000 0.0000 0.0000 0.0000 0.0000 0.0000 0.0000 0.0000 0.0000
513.2840 84.5620 -282.8400 -11.1621 28.6056 -66.3742 10.0478 -20.8567 -0.9776 -6.7729 17.3652 -0.1565 -7.8749 -0.4706 -20.1824 0.0000 0.0000 0.0000 17.1270 -31.4642 9.1640 -15.8479 18.7408 4.8186 9.6784 14.0500 18.7287 0.0000 0.0000 0.0000 3.7010 2.3939 -7.5970 3.7010 2.3939 -7.5970 3.7010 2.3939 -7.5970 15.1572 -10.9985 1.7002 15.1572 -10.9985 1.7002 0.0000 0.0000 0.0000 -50.0315 3.7149 -24.8149 -39.7338 5.3531 -15.6421 20.9205 -2.2702 -12.2514 0.0000 0.0000 0.0000 0.0000 0.0000 0.0000 0.0000 0.0000 0.0000 0.0000 0.0000 0.0000 0.0000 0.0000 0.0000 0.0000 0.0000 0.0000 0.0000 0.0000 0.0000 0.0000 0.0000 0.0000 0.0000 0.0000 0.0000 0.0000 0.0000 0.0000 0.0000 0.0000 0.0000 0.0000 0.0000 0.0000 0.0000 0.0000 0.0000 0.0000 0.0000 0.0000 0.0000 0.0000 0.0000 0.0000 0.0000 0.0000 100.7763 -5.5397 6.6449 11.2625 2.3857 20.6201 31.6459 -18.0466 -58.5269 0.0000 0.0000 0.0000 0.0000 0.0000 0.0000 0.0000 0.0000 0.0000 0.0000 0.0000 0.0000 0.0000 0.0000 0.0000 0.0000 0.0000 0.0000 0.0000 0.0000 0.0000 0.0000 0.0000 0.0000 0.0000 0.0000 0.0000 0.0000 0.0000 0.0000 0.0000 0.0000 0.0000 0.0000 0.0000 0.0000 0.0000 0.0000 0.0000 0.0000 0.0000 0.0000 0.0000 0.0000 0.0000
513.2840 84.5620 -282.8400 -11.1621 28.6056 -66.3742 10.0478 -20.8567 -0.9776 -6.7729 17.3652 -0.1565 -7.8749 -0.4706 -20.1824 0.0000 0.0000 0.0000 17.1270 -31.4642 9.1640 -15.8479 18.7408 4.8186 9.6784 14.0500 18.7287 0.0000 0.0000 0.0000 3.7010 2.3939 -7.5970 3.7010 2.3939 -7.5970 3.7010 2.3939 -7.5970 15.1572 -10.9985 1.7002 15.1572 -10.9985 1.7002 0.0000 0.0000 0.0000 -50.0315 3.7149 -24.8149 -39.7338 5.3531 -15.6421 20.9205 -2.2702 -12.2514 0.0000 0.0000 0.0000 0.0000 0.0000 0.0000 0.0000 0.0000 0.0000 0.0000 0.0000 0.0000 0.0000 0.0000 0.0000 0.0000 0.0000 0.0000 0.0000 0.0000 0.0000 0.0000 0.0000 0.0000 0.0000 0.0000 0.0000 0.0000 0.0000 0.0000 0.0000 0.0000 0.0000 0.0000 0.0000 0.0000 0.0000 0.0000 0.0000 0.0000 0.0000 0.0000 0.0000 0.0000 0.0000 0.0000 0.0000 0.0000 100.7763 -5.5397 6.6449 11.2625 2.3857 20.6201 31.6459 -18.0466 -58.5269 0.0000 0.0000 0.0000 0.0000 0.0000 0.0000 0.0000 0.0000 0.0000 0.0000 0.0000 0.0000 0.0000 0.0000 0.0000 0.0000 0.0000 0.0000 0.0000 0.0000 0.0000 0.0000 0.0000 0.0000 0.0000 0.0000 0.0000 0.0000 0.0000 0.0000 0.0000 0.0000 0.0000 0.0000 0.0000 0.0000 0.0000 0.0000 0.0000 0.0000 0.0000 0.0000 0.0000 0.0000 0.0000
513.2840 84.5620 -282.8400 -11.1621 28.6056 -66.3742 10.0478 -20.8567 -0.9776 -6.7729 17.3652 -0.1565 -7.8749 -0.4706 -20.1824 0.0000 0.0000 0.0000 17.1270 -31.4642 9.1640 -15.8479 18.7408 4.8186 9.6784 14.0500 18.7287 0.0000 0.0000 0.0000 3.7010 2.3939 -7.5970 3.7010 2.3939 -7.5970 3.7010 2.3939 -7.5970 15.1572 -10.9985 1.7002 15.1572 -10.9985 1.7002 0.0000 0.0000 0.0000 -50.0315 3.7149 -24.8149 -39.7338 5.3531 -15.6421 20.9205 -2.2702 -12.2514 0.0000 0.0000 0.0000 0.0000 0.0000 0.0000 0.0000 0.0000 0.0000 0.0000 0.0000 0.0000 0.0000 0.0000 0.0000 0.0000 0.0000 0.0000 0.0000 0.0000 0.0000 0.0000 0.0000 0.0000 0.0000 0.0000 0.0000 0.0000 0.0000 0.0000 0.0000 0.0000 0.0000 0.0000 0.0000 0.0000 0.0000 0.0000 0.0000 0.0000 0.0000 0.0000 0.0000 0.0000 0.0000 0.0000 0.0000 0.0000 100.7763 -5.5397 6.6449 11.2625 2.3857 20.6201 31.6459 -18.0466 -58.5269 0.0000 0.0000 0.0000 0.0000 0.0000 0.0000 0.0000 0.0000 0.0000 0.0000 0.0000 0.0000 0.0000 0.0000 0.0000 0.0000 0.0000 0.0000 0.0000 0.0000 0.0000 0.0000 0.0000 0.0000 0.0000 0.0000 0.0000 0.0000 0.0000 0.0000 0.0000 0.0000 0.0000 0.0000 0.0000 0.0000 0.0000 0.0000 0.0000 0.0000 0.0000 0.0000 0.0000 0.0000 0.0000
513.2840 84.5620 -282.8400 -11.1621 28.6056 -66.3742 10.0478 -20.8567 -0.9776 -6.7729 17.3652 -0.1565 -7.8749 -0.4706 -20.1824 0.0000 0.0000 0.0000 17.1270 -31.4642 9.1640 -15.8479 18.7408 4.8186 9.6784 14.0500 18.7287 0.0000 0.0000 0.0000 3.7010 2.3939 -7.5970 3.7010 2.3939 -7.5970 3.7010 2.3939 -7.5970 15.1572 -10.9985 1.7002 15.1572 -10.9985 1.7002 0.0000 0.0000 0.0000 -50.0315 3.7149 -24.8149 -39.7338 5.3531 -15.6421 20.9205 -2.2702 -12.2514 0.0000 0.0000 0.0000 0.0000 0.0000 0.0000 0.0000 0.0000 0.0000 0.0000 0.0000 0.0000 0.0000 0.0000 0.0000 0.0000 0.0000 0.0000 0.0000 0.0000 0.0000 0.0000 0.0000 0.0000 0.0000 0.0000 0.0000 0.0000 0.0000 0.0000 0.0000 0.0000 0.0000 0.0000 0.0000 0.0000 0.0000 0.0000 0.0000 0.0000 0.0000 0.0000 0.0000 0.0000 0.0000 0.0000 0.0000 0.0000 100.7763 -5.5397 6.6449 11.2625 2.3857 20.6201 31.6459 -18.0466 -58.5269 0.0000 0.0000 0.0000 0.0000 0.0000 0.0000 0.0000 0.0000 0.0000 0.0000 0.0000 0.0000 0.0000 0.0000 0.0000 0.0000 0.0000 0.0000 0.0000 0.0000 0.0000 0.0000 0.0000 0.0000 0.0000 0.0000 0.0000 0.0000 0.0000 0.0000 0.0000 0.0000 0.0000 0.0000 0.0000 0.0000 0.0000 0.0000 0.0000 0.0000 0.0000 0.0000 0.0000 0.0000 0.0000
513.2840 84.5620 -282.8400 -11.1621 28.6056 -66.3742 10.0478 -20.8567 -0.9776 -6.7729 17.3652 -0.1565 -7.8749 -0.4706 -20.1824 0.0000 0.0000 0.0000 17.1270 -31.4642 9.1640 -15.8479 18.7408 4.8186 9.6784 14.0500 18.7287 0.0000 0.0000 0.0000 3.7010 2.3939 -7.5970 3.7010 2.3939 -7.5970 3.7010 2.3939 -7.5970 15.1572 -10.9985 1.7002 15.1572 -10.9985 1.7002 0.0000 0.0000 0.0000 -50.0315 3.7149 -24.8149 -39.7338 5.3531 -15.6421 20.9205 -2.2702 -12.2514 0.0000 0.0000 0.0000 0.0000 0.0000 0.0000 0.0000 0.0000 0.0000 0.0000 0.0000 0.0000 0.0000 0.0000 0.0000 0.0000 0.0000 0.0000 0.0000 0.0000 0.0000 0.0000 0.0000 0.0000 0.0000 0.0000 0.0000 0.0000 0.0000 0.0000 0.0000 0.0000 0.0000 0.0000 0.0000 0.0000 0.0000 0.0000 0.0000 0.0000 0.0000 0.0000 0.0000 0.0000 0.0000 0.0000 0.0000 0.0000 100.7763 -5.5397 6.6449 11.2625 2.3857 20.6201 31.6459 -18.0466 -58.5269 0.0000 0.0000 0.0000 0.0000 0.0000 0.0000 0.0000 0.0000 0.0000 0.0000 0.0000 0.0000 0.0000 0.0000 0.0000 0.0000 0.0000 0.0000 0.0000 0.0000 0.0000 0.0000 0.0000 0.0000 0.0000 0.0000 0.0000 0.0000 0.0000 0.0000 0.0000 0.0000 0.0000 0.0000 0.0000 0.0000 0.0000 0.0000 0.0000 0.0000 0.0000 0.0000 0.0000 0.0000 0.0000
513.2840 84.5620 -282.8400 -11.1621 28.6056 -66.3742 10.0478 -20.8567 -0.9776 -6.7729 17.3652 -0.1565 -7.8749 -0.4706 -20.1824 0.0000 0.0000 0.0000 17.1270 -31.4642 9.1640 -15.8479 18.7408 4.8186 9.6784 14.0500 18.7287 0.0000 0.0000 0.0000 3.7010 2.3939 -7.5970 3.7010 2.3939 -7.5970 3.7010 2.3939 -7.5970 15.1572 -10.9985 1.7002 15.1572 -10.9985 1.7002 0.0000 0.0000 0.0000 -50.0315 3.7149 -24.8149 -39.7338 5.3531 -15.6421 20.9205 -2.2702 -12.2514 0.0000 0.0000 0.0000 0.0000 0.0000 0.0000 0.0000 0.0000 0.0000 0.0000 0.0000 0.0000 0.0000 0.0000 0.0000 0.0000 0.0000 0.0000 0.0000 0.0000 0.0000 0.0000 0.0000 0.0000 0.0000 0.0000 0.0000 0.0000 0.0000 0.0000 0.0000 0.0000 0.0000 0.0000 0.0000 0.0000 0.0000 0.0000 0.0000 0.0000 0.0000 0.0000 0.0000 0.0000 0.0000 0.0000 0.0000 0.0000 100.7763 -5.5397 6.6449 11.2625 2.3857 20.6201 31.6459 -18.0466 -58.5269 0.0000 0.0000 0.0000 0.0000 0.0000 0.0000 0.0000 0.0000 0.0000 0.0000 0.0000 0.0000 0.0000 0.0000 0.0000 0.0000 0.0000 0.0000 0.0000 0.0000 0.0000 0.0000 0.0000 0.0000 0.0000 0.0000 0.0000 0.0000 0.0000 0.0000 0.0000 0.0000 0.0000 0.0000 0.0000 0.0000 0.0000 0.0000 0.0000 0.0000 0.0000 0.0000 0.0000 0.0000 0.0000
513.2840 84.5620 -282.8400 -11.1621 28.6056 -66.3742 10.0478 -20.8567 -0.9776 -6.7729 17.3652 -0.1565 -7.8749 -0.4706 -20.1824 0.0000 0.0000 0.0000 17.1270 -31.4642 9.1640 -15.8479 18.7408 4.8186 9.6784 14.0500 18.7287 0.0000 0.0000 0.0000 3.7010 2.3939 -7.5970 3.7010 2.3939 -7.5970 3.7010 2.3939 -7.5970 15.1572 -10.9985 1.7002 15.1572 -10.9985 1.7002 0.0000 0.0000 0.0000 -50.0315 3.7149 -24.8149 -39.7338 5.3531 -15.6421 20.9205 -2.2702 -12.2514 0.0000 0.0000 0.0000 0.0000 0.0000 0.0000 0.0000 0.0000 0.0000 0.0000 0.0000 0.0000 0.0000 0.0000 0.0000 0.0000 0.0000 0.0000 0.0000 0.0000 0.0000 0.0000 0.0000 0.0000 0.0000 0.0000 0.0000 0.0000 0.0000 0.0000 0.0000 0.0000 0.0000 0.0000 0.0000 0.0000 0.0000 0.0000 0.0000 0.0000 0.0000 0.0000 0.0000 0.0000 0.0000 0.0000 0.0000 0.0000 100.7763 -5.5397 6.6449 11.2625 2.3857 20.6201 31.6459 -18.0466 -58.5269 0.0000 0.0000 0.0000 0.0000 0.0000 0.0000 0.0000 0.0000 0.0000 0.0000 0.0000 0.0000 0.0000 0.0000 0.0000 0.0000 0.0000 0.0000 0.0000 0.0000 0.0000 0.0000 0.0000 0.0000 0.0000 0.0000 0.0000 0.0000 0.0000 0.0000 0.0000 0.0000 0.0000 0.0000 0.0000 0.0000 0.0000 0.0000 0.0000 0.0000 0.0000 0.0000 0.0000 0.0000 0.0000
513.2840 84.5620 -282.8400 -11.1621 28.6056 -66.3742 10.0478 -20.8567 -0.9776 -6.7729 17.3652 -0.1565 -7.8749 -0.4706 -20.1824 0.0000 0.0000 0.0000 17.1270 -31.4642 9.1640 -15.8479 18.7408 4.8186 9.6784 14.0500 18.7287 0.0000 0.0000 0.0000 3.7010 2.3939 -7.5970 3.7010 2.3939 -7.5970 3.7010 2.3939 -7.5970 15.1572 -10.9985 1.7002 15.1572 -10.9985 1.7002 0.0000 0.0000 0.0000 -50.0315 3.7149 -24.8149 -39.7338 5.3531 -15.6421 20.9205 -2.2702 -12.2514 0.0000 0.0000 0.0000 0.0000 0.0000 0.0000 0.0000 0.0000 0.0000 0.0000 0.0000 0.0000 0.0000 0.0000 0.0000 0.0000 0.0000 0.0000 0.0000 0.0000 0.0000 0.0000 0.0000 0.0000 0.0000 0.0000 0.0000 0.0000 0.0000 0.0000 0.0000 0.0000 0.0000 0.0000 0.0000 0.0000 0.0000 0.0000 0.0000 0.0000 0.0000 0.0000 0.0000 0.0000 0.0000 0.0000 0.0000 0.0000 100.7763 -5.5397 6.6449 11.2625 2.3857 20.6201 31.6459 -18.0466 -58.5269 0.0000 0.0000 0.0000 0.0000 0.0000 0.0000 0.0000 0.0000 0.0000 0.0000 0.0000 0.0000 0.0000 0.0000 0.0000 0.0000 0.0000 0.0000 0.0000 0.0000 0.0000 0.0000 0.0000 0.0000 0.0000 0.0000 0.0000 0.0000 0.0000 0.0000 0.0000 0.0000 0.0000 0.0000 0.0000 0.0000 0.0000 0.0000 0.0000 0.0000 0.0000 0.0000 0.0000 0.0000 0.0000
513.2840 84.5620 -282.8400 -11.1621 28.6056 -66.3742 10.0478 -20.8567 -0.9776 -6.7729 17.3652 -0.1565 -7.8749 -0.4706 -20.1824 0.0000 0.0000 0.0000 17.1270 -31.4642 9.1640 -15.8479 18.7408 4.8186 9.6784 14.0500 18.7287 0.0000 0.0000 0.0000 3.7010 2.3939 -7.5970 3.7010 2.3939 -7.5970 3.7010 2.3939 -7.5970 15.1572 -10.9985 1.7002 15.1572 -10.9985 1.7002 0.0000 0.0000 0.0000 -50.0315 3.7149 -24.8149 -39.7338 5.3531 -15.6421 20.9205 -2.2702 -12.2514 0.0000 0.0000 0.0000 0.0000 0.0000 0.0000 0.0000 0.0000 0.0000 0.0000 0.0000 0.0000 0.0000 0.0000 0.0000 0.0000 0.0000 0.0000 0.0000 0.0000 0.0000 0.0000 0.0000 0.0000 0.0000 0.0000 0.0000 0.0000 0.0000 0.0000 0.0000 0.0000 0.0000 0.0000 0.0000 0.0000 0.0000 0.0000 0.0000 0.0000 0.0000 0.0000 0.0000 0.0000 0.0000 0.0000 0.0000 0.0000 100.7763 -5.5397 6.6449 11.2625 2.3857 20.6201 31.6459 -18.0466 -58.5269 0.0000 0.0000 0.0000 0.0000 0.0000 0.0000 0.0000 0.0000 0.0000 0.0000 0.0000 0.0000 0.0000 0.0000 0.0000 0.0000 0.0000 0.0000 0.0000 0.0000 0.0000 0.0000 0.0000 0.0000 0.0000 0.0000 0.0000 0.0000 0.0000 0.0000 0.0000 0.0000 0.0000 0.0000 0.0000 0.0000 0.0000 0.0000 0.0000 0.0000 0.0000 0.0000 0.0000 0.0000 0.0000
513.2840 84.5620 -282.8400 -11.1621 28.6056 -66.3742 10.0478 -20.8567 -0.9776 -6.7729 17.3652 -0.1565 -7.8749 -0.4706 -20.1824 0.0000 0.0000 0.0000 17.1270 -31.4642 9.1640 -15.8479 18.7408 4.8186 9.6784 14.0500 18.7287 0.0000 0.0000 0.0000 3.7010 2.3939 -7.5970 3.7010 2.3939 -7.5970 3.7010 2.3939 -7.5970 15.1572 -10.9985 1.7002 15.1572 -10.9985 1.7002 0.0000 0.0000 0.0000 -50.0315 3.7149 -24.8149 -39.7338 5.3531 -15.6421 20.9205 -2.2702 -12.2514 0.0000 0.0000 0.0000 0.0000 0.0000 0.0000 0.0000 0.0000 0.0000 0.0000 0.0000 0.0000 0.0000 0.0000 0.0000 0.0000 0.0000 0.0000 0.0000 0.0000 0.0000 0.0000 0.0000 0.0000 0.0000 0.0000 0.0000 0.0000 0.0000 0.0000 0.0000 0.0000 0.0000 0.0000 0.0000 0.0000 0.0000 0.0000 0.0000 0.0000 0.0000 0.0000 0.0000 0.0000 0.0000 0.0000 0.0000 0.0000 100.7763 -5.5397 6.6449 11.2625 2.3857 20.6201 31.6459 -18.0466 -58.5269 0.0000 0.0000 0.0000 0.0000 0.0000 0.0000 0.0000 0.0000 0.0000 0.0000 0.0000 0.0000 0.0000 0.0000 0.0000 0.0000 0.0000 0.0000 0.0000 0.0000 0.0000 0.0000 0.0000 0.0000 0.0000 0.0000 0.0000 0.0000 0.0000 0.0000 0.0000 0.0000 0.0000 0.0000 0.0000 0.0000 0.0000 0.0000 0.0000 0.0000 0.0000 0.0000 0.0000 0.0000 0.0000
513.2840 84.5620 -282.8400 -11.1621 28.6056 -66.3742 10.0478 -20.8567 -0.9776 -6.7729 17.3652 -0.1565 -7.8749 -0.4706 -20.1824 0.0000 0.0000 0.0000 17.1270 -31.4642 9.1640 -15.8479 18.7408 4.8186 9.6784 14.0500 18.7287 0.0000 0.0000 0.0000 3.7010 2.3939 -7.5970 3.7010 2.3939 -7.5970 3.7010 2.3939 -7.5970 15.1572 -10.9985 1.7002 15.1572 -10.9985 1.7002 0.0000 0.0000 0.0000 -50.0315 3.7149 -24.8149 -39.7338 5.3531 -15.6421 20.9205 -2.2702 -12.2514 0.0000 0.0000 0.0000 0.0000 0.0000 0.0000 0.0000 0.0000 0.0000 0.0000 0.0000 0.0000 0.0000 0.0000 0.0000 0.0000 0.0000 0.0000 0.0000 0.0000 0.0000 0.0000 0.0000 0.0000 0.0000 0.0000 0.0000 0.0000 0.0000 0.0000 0.0000 0.0000 0.0000 0.0000 0.0000 0.0000 0.0000 0.0000 0.0000 0.0000 0.0000 0.0000 0.0000 0.0000 0.0000 0.0000 0.0000 0.0000 100.7763 -5.5397 6.6449 11.2625 2.3857 20.6201 31.6459 -18.0466 -58.5269 0.0000 0.0000 0.0000 0.0000 0.0000 0.0000 0.0000 0.0000 0.0000 0.0000 0.0000 0.0000 0.0000 0.0000 0.0000 0.0000 0.0000 0.0000 0.0000 0.0000 0.0000 0.0000 0.0000 0.0000 0.0000 0.0000 0.0000 0.0000 0.0000 0.0000 0.0000 0.0000 0.0000 0.0000 0.0000 0.0000 0.0000 0.0000 0.0000 0.0000 0.0000 0.0000 0.0000 0.0000 0.0000
513.2840 84.5620 -282.8400 -11.1621 28.6056 -66.3742 10.0478 -20.8567 -0.9776 -6.7729 17.3652 -0.1565 -7.8749 -0.4706 -20.1824 0.0000 0.0000 0.0000 17.1270 -31.4642 9.1640 -15.8479 18.7408 4.8186 9.6784 14.0500 18.7287 0.0000 0.0000 0.0000 3.7010 2.3939 -7.5970 3.7010 2.3939 -7.5970 3.7010 2.3939 -7.5970 15.1572 -10.9985 1.7002 15.1572 -10.9985 1.7002 0.0000 0.0000 0.0000 -50.0315 3.7149 -24.8149 -39.7338 5.3531 -15.6421 20.9205 -2.2702 -12.2514 0.0000 0.0000 0.0000 0.0000 0.0000 0.0000 0.0000 0.0000 0.0000 0.0000 0.0000 0.0000 0.0000 0.0000 0.0000 0.0000 0.0000 0.0000 0.0000 0.0000 0.0000 0.0000 0.0000 0.0000 0.0000 0.0000 0.0000 0.0000 0.0000 0.0000 0.0000 0.0000 0.0000 0.0000 0.0000 0.0000 0.0000 0.0000 0.0000 0.0000 0.0000 0.0000 0.0000 0.0000 0.0000 0.0000 0.0000 0.0000 100.7763 -5.5397 6.6449 11.2625 2.3857 20.6201 31.6459 -18.0466 -58.5269 0.0000 0.0000 0.0000 0.0000 0.0000 0.0000 0.0000 0.0000 0.0000 0.0000 0.0000 0.0000 0.0000 0.0000 0.0000 0.0000 0.0000 0.0000 0.0000 0.0000 0.0000 0.0000 0.0000 0.0000 0.0000 0.0000 0.0000 0.0000 0.0000 0.0000 0.0000 0.0000 0.0000 0.0000 0.0000 0.0000 0.0000 0.0000 0.0000 0.0000 0.0000 0.0000 0.0000 0.0000 0.0000
513.2840 84.5620 -282.8400 -11.1621 28.6056 -66.3742 10.0478 -20.8567 -0.9776 -6.7729 17.3652 -0.1565 -7.8749 -0.4706 -20.1824 0.0000 0.0000 0.0000 17.1270 -31.4642 9.1640 -15.8479 18.7408 4.8186 9.6784 14.0500 18.7287 0.0000 0.0000 0.0000 3.7010 2.3939 -7.5970 3.7010 2.3939 -7.5970 3.7010 2.3939 -7.5970 15.1572 -10.9985 1.7002 15.1572 -10.9985 1.7002 0.0000 0.0000 0.0000 -50.0315 3.7149 -24.8149 -39.7338 5.3531 -15.6421 20.9205 -2.2702 -12.2514 0.0000 0.0000 0.0000 0.0000 0.0000 0.0000 0.0000 0.0000 0.0000 0.0000 0.0000 0.0000 0.0000 0.0000 0.0000 0.0000 0.0000 0.0000 0.0000 0.0000 0.0000 0.0000 0.0000 0.0000 0.0000 0.0000 0.0000 0.0000 0.0000 0.0000 0.0000 0.0000 0.0000 0.0000 0.0000 0.0000 0.0000 0.0000 0.0000 0.0000 0.0000 0.0000 0.0000 0.0000 0.0000 0.0000 0.0000 0.0000 100.7763 -5.5397 6.6449 11.2625 2.3857 20.6201 31.6459 -18.0466 -58.5269 0.0000 0.0000 0.0000 0.0000 0.0000 0.0000 0.0000 0.0000 0.0000 0.0000 0.0000 0.0000 0.0000 0.0000 0.0000 0.0000 0.0000 0.0000 0.0000 0.0000 0.0000 0.0000 0.0000 0.0000 0.0000 0.0000 0.0000 0.0000 0.0000 0.0000 0.0000 0.0000 0.0000 0.0000 0.0000 0.0000 0.0000 0.0000 0.0000 0.0000 0.0000 0.0000 0.0000 0.0000 0.0000
513.2840 84.5620 -282.8400 -11.1621 28.6056 -66.3742 10.0478 -20.8567 -0.9776 -6.7729 17.3652 -0.1565 -7.8749 -0.4706 -20.1824 0.0000 0.0000 0.0000 17.1270 -31.4642 9.1640 -15.8479 18.7408 4.8186 9.6784 14.0500 18.7287 0.0000 0.0000 0.0000 3.7010 2.3939 -7.5970 3.7010 2.3939 -7.5970 3.7010 2.3939 -7.5970 15.1572 -10.9985 1.7002 15.1572 -10.9985 1.7002 0.0000 0.0000 0.0000 -50.0315 3.7149 -24.8149 -39.7338 5.3531 -15.6421 20.9205 -2.2702 -12.2514 0.0000 0.0000 0.0000 0.0000 0.0000 0.0000 0.0000 0.0000 0.0000 0.0000 0.0000 0.0000 0.0000 0.0000 0.0000 0.0000 0.0000 0.0000 0.0000 0.0000 0.0000 0.0000 0.0000 0.0000 0.0000 0.0000 0.0000 0.0000 0.0000 0.0000 0.0000 0.0000 0.0000 0.0000 0.0000 0.0000 0.0000 0.0000 0.0000 0.0000 0.0000 0.0000 0.0000 0.0000 0.0000 0.0000 0.0000 0.0000 100.7763 -5.5397 6.6449 11.2625 2.3857 20.6201 31.6459 -18.0466 -58.5269 0.0000 0.0000 0.0000 0.0000 0.0000 0.0000 0.0000 0.0000 0.0000 0.0000 0.0000 0.0000 0.0000 0.0000 0.0000 0.0000 0.0000 0.0000 0.0000 0.0000 0.0000 0.0000 0.0000 0.0000 0.0000 0.0000 0.0000 0.0000 0.0000 0.0000 0.0000 0.0000 0.0000 0.0000 0.0000 0.0000 0.0000 0.0000 0.0000 0.0000 0.0000 0.0000 0.0000 0.0000 0.0000
513.2840 84.5620 -282.8400 -11.1621 28.6056 -66.3742 10.0478 -20.8567 -0.9776 -6.7729 17.3652 -0.1565 -7.8749 -0.4706 -20.1824 0.0000 0.0000 0.0000 17.1270 -31.4642 9.1640 -15.8479 18.7408 4.8186 9.6784 14.0500 18.7287 0.0000 0.0000 0.0000 3.7010 2.3939 -7.5970 3.7010 2.3939 -7.5970 3.7010 2.3939 -7.5970 15.1572 -10.9985 1.7002 15.1572 -10.9985 1.7002 0.0000 0.0000 0.0000 -50.0315 3.7149 -24.8149 -39.7338 5.3531 -15.6421 20.9205 -2.2702 -12.2514 0.0000 0.0000 0.0000 0.0000 0.0000 0.0000 0.0000 0.0000 0.0000 0.0000 0.0000 0.0000 0.0000 0.0000 0.0000 0.0000 0.0000 0.0000 0.0000 0.0000 0.0000 0.0000 0.0000 0.0000 0.0000 0.0000 0.0000 0.0000 0.0000 0.0000 0.0000 0.0000 0.0000 0.0000 0.0000 0.0000 0.0000 0.0000 0.0000 0.0000 0.0000 0.0000 0.0000 0.0000 0.0000 0.0000 0.0000 0.0000 100.7763 -5.5397 6.6449 11.2625 2.3857 20.6201 31.6459 -18.0466 -58.5269 0.0000 0.0000 0.0000 0.0000 0.0000 0.0000 0.0000 0.0000 0.0000 0.0000 0.0000 0.0000 0.0000 0.0000 0.0000 0.0000 0.0000 0.0000 0.0000 0.0000 0.0000 0.0000 0.0000 0.0000 0.0000 0.0000 0.0000 0.0000 0.0000 0.0000 0.0000 0.0000 0.0000 0.0000 0.0000 0.0000 0.0000 0.0000 0.0000 0.0000 0.0000 0.0000 0.0000 0.0000 0.0000
513.2840 84.5620 -282.8400 -11.1621 28.6056 -66.3742 10.0478 -20.8567 -0.9776 -6.7729 17.3652 -0.1565 -7.8749 -0.4706 -20.1824 0.0000 0.0000 0.0000 17.1270 -31.4642 9.1640 -15.8479 18.7408 4.8186 9.6784 14.0500 18.7287 0.0000 0.0000 0.0000 3.7010 2.3939 -7.5970 3.7010 2.3939 -7.5970 3.7010 2.3939 -7.5970 15.1572 -10.9985 1.7002 15.1572 -10.9985 1.7002 0.0000 0.0000 0.0000 -50.0315 3.7149 -24.8149 -39.7338 5.3531 -15.6421 20.9205 -2.2702 -12.2514 0.0000 0.0000 0.0000 0.0000 0.0000 0.0000 0.0000 0.0000 0.0000 0.0000 0.0000 0.0000 0.0000 0.0000 0.0000 0.0000 0.0000 0.0000 0.0000 0.0000 0.0000 0.0000 0.0000 0.0000 0.0000 0.0000 0.0000 0.0000 0.0000 0.0000 0.0000 0.0000 0.0000 0.0000 0.0000 0.0000 0.0000 0.0000 0.0000 0.0000 0.0000 0.0000 0.0000 0.0000 0.0000 0.0000 0.0000 0.0000 100.7763 -5.5397 6.6449 11.2625 2.3857 20.6201 31.6459 -18.0466 -58.5269 0.0000 0.0000 0.0000 0.0000 0.0000 0.0000 0.0000 0.0000 0.0000 0.0000 0.0000 0.0000 0.0000 0.0000 0.0000 0.0000 0.0000 0.0000 0.0000 0.0000 0.0000 0.0000 0.0000 0.0000 0.0000 0.0000 0.0000 0.0000 0.0000 0.0000 0.0000 0.0000 0.0000 0.0000 0.0000 0.0000 0.0000 0.0000 0.0000 0.0000 0.0000 0.0000 0.0000 0.0000 0.0000
513.2840 84.5620 -282.8400 -11.1621 28.6056 -66.3742 10.0478 -20.8567 -0.9776 -6.7729 17.3652 -0.1565 -7.8749 -0.4706 -20.1824 0.0000 0.0000 0.0000 17.1270 -31.4642 9.1640 -15.8479 18.7408 4.8186 9.6784 14.0500 18.7287 0.0000 0.0000 0.0000 3.7010 2.3939 -7.5970 3.7010 2.3939 -7.5970 3.7010 2.3939 -7.5970 15.1572 -10.9985 1.7002 15.1572 -10.9985 1.7002 0.0000 0.0000 0.0000 -50.0315 3.7149 -24.8149 -39.7338 5.3531 -15.6421 20.9205 -2.2702 -12.2514 0.0000 0.0000 0.0000 0.0000 0.0000 0.0000 0.0000 0.0000 0.0000 0.0000 0.0000 0.0000 0.0000 0.0000 0.0000 0.0000 0.0000 0.0000 0.0000 0.0000 0.0000 0.0000 0.0000 0.0000 0.0000 0.0000 0.0000 0.0000 0.0000 0.0000 0.0000 0.0000 0.0000 0.0000 0.0000 0.0000 0.0000 0.0000 0.0000 0.0000 0.0000 0.0000 0.0000 0.0000 0.0000 0.0000 0.0000 0.0000 100.7763 -5.5397 6.6449 11.2625 2.3857 20.6201 31.6459 -18.0466 -58.5269 0.0000 0.0000 0.0000 0.0000 0.0000 0.0000 0.0000 0.0000 0.0000 0.0000 0.0000 0.0000 0.0000 0.0000 0.0000 0.0000 0.0000 0.0000 0.0000 0.0000 0.0000 0.0000 0.0000 0.0000 0.0000 0.0000 0.0000 0.0000 0.0000 0.0000 0.0000 0.0000 0.0000 0.0000 0.0000 0.0000 0.0000 0.0000 0.0000 0.0000 0.0000 0.0000 0.0000 0.0000 0.0000
513.2840 84.5620 -282.8400 -11.1621 28.6056 -66.3742 10.0478 -20.8567 -0.9776 -6.7729 17.3652 -0.1565 -7.8749 -0.4706 -20.1824 0.0000 0.0000 0.0000 17.1270 -31.4642 9.1640 -15.8479 18.7408 4.8186 9.6784 14.0500 18.7287 0.0000 0.0000 0.0000 3.7010 2.3939 -7.5970 3.7010 2.3939 -7.5970 3.7010 2.3939 -7.5970 15.1572 -10.9985 1.7002 15.1572 -10.9985 1.7002 0.0000 0.0000 0.0000 -50.0315 3.7149 -24.8149 -39.7338 5.3531 -15.6421 20.9205 -2.2702 -12.2514 0.0000 0.0000 0.0000 0.0000 0.0000 0.0000 0.0000 0.0000 0.0000 0.0000 0.0000 0.0000 0.0000 0.0000 0.0000 0.0000 0.0000 0.0000 0.0000 0.0000 0.0000 0.0000 0.0000 0.0000 0.0000 0.0000 0.0000 0.0000 0.0000 0.0000 0.0000 0.0000 0.0000 0.0000 0.0000 0.0000 0.0000 0.0000 0.0000 0.0000 0.0000 0.0000 0.0000 0.0000 0.0000 0.0000 0.0000 0.0000 100.7763 -5.5397 6.6449 11.2625 2.3857 20.6201 31.6459 -18.0466 -58.5269 0.0000 0.0000 0.0000 0.0000 0.0000 0.0000 0.0000 0.0000 0.0000 0.0000 0.0000 0.0000 0.0000 0.0000 0.0000 0.0000 0.0000 0.0000 0.0000 0.0000 0.0000 0.0000 0.0000 0.0000 0.0000 0.0000 0.0000 0.0000 0.0000 0.0000 0.0000 0.0000 0.0000 0.0000 0.0000 0.0000 0.0000 0.0000 0.0000 0.0000 0.0000 0.0000 0.0000 0.0000 0.0000
513.2840 84.5620 -282.8400 -11.1621 28.6056 -66.3742 10.0478 -20.8567 -0.9776 -6.7729 17.3652 -0.1565 -7.8749 -0.4706 -20.1824 0.0000 0.0000 0.0000 17.1270 -31.4642 9.1640 -15.8479 18.7408 4.8186 9.6784 14.0500 18.7287 0.0000 0.0000 0.0000 3.7010 2.3939 -7.5970 3.7010 2.3939 -7.5970 3.7010 2.3939 -7.5970 15.1572 -10.9985 1.7002 15.1572 -10.9985 1.7002 0.0000 0.0000 0.0000 -50.0315 3.7149 -24.8149 -39.7338 5.3531 -15.6421 20.9205 -2.2702 -12.2514 0.0000 0.0000 0.0000 0.0000 0.0000 0.0000 0.0000 0.0000 0.0000 0.0000 0.0000 0.0000 0.0000 0.0000 0.0000 0.0000 0.0000 0.0000 0.0000 0.0000 0.0000 0.0000 0.0000 0.0000 0.0000 0.0000 0.0000 0.0000 0.0000 0.0000 0.0000 0.0000 0.0000 0.0000 0.0000 0.0000 0.0000 0.0000 0.0000 0.0000 0.0000 0.0000 0.0000 0.0000 0.0000 0.0000 0.0000 0.0000 100.7763 -5.5397 6.6449 11.2625 2.3857 20.6201 31.6459 -18.0466 -58.5269 0.0000 0.0000 0.0000 0.0000 0.0000 0.0000 0.0000 0.0000 0.0000 0.0000 0.0000 0.0000 0.0000 0.0000 0.0000 0.0000 0.0000 0.0000 0.0000 0.0000 0.0000 0.0000 0.0000 0.0000 0.0000 0.0000 0.0000 0.0000 0.0000 0.0000 0.0000 0.0000 0.0000 0.0000 0.0000 0.0000 0.0000 0.0000 0.0000 0.0000 0.0000 0.0000 0.0000 0.0000 0.0000
513.2840 84.5620 -282.8400 -11.1621 28.6056 -66.3742 10.0478 -20.8567 -0.9776 -6.7729 17.3652 -0.1565 -7.8749 -0.4706 -20.1824 0.0000 0.0000 0.0000 17.1270 -31.4642 9.1640 -15.8479 18.7408 4.8186 9.6784 14.0500 18.7287 0.0000 0.0000 0.0000 3.7010 2.3939 -7.5970 3.7010 2.3939 -7.5970 3.7010 2.3939 -7.5970 15.1572 -10.9985 1.7002 15.1572 -10.9985 1.7002 0.0000 0.0000 0.0000 -50.0315 3.7149 -24.8149 -39.7338 5.3531 -15.6421 20.9205 -2.2702 -12.2514 0.0000 0.0000 0.0000 0.0000 0.0000 0.0000 0.0000 0.0000 0.0000 0.0000 0.0000 0.0000 0.0000 0.0000 0.0000 0.0000 0.0000 0.0000 0.0000 0.0000 0.0000 0.0000 0.0000 0.0000 0.0000 0.0000 0.0000 0.0000 0.0000 0.0000 0.0000 0.0000 0.0000 0.0000 0.0000 0.0000 0.0000 0.0000 0.0000 0.0000 0.0000 0.0000 0.0000 0.0000 0.0000 0.0000 0.0000 0.0000 100.7763 -5.5397 6.6449 11.2625 2.3857 20.6201 31.6459 -18.0466 -58.5269 0.0000 0.0000 0.0000 0.0000 0.0000 0.0000 0.0000 0.0000 0.0000 0.0000 0.0000 0.0000 0.0000 0.0000 0.0000 0.0000 0.0000 0.0000 0.0000 0.0000 0.0000 0.0000 0.0000 0.0000 0.0000 0.0000 0.0000 0.0000 0.0000 0.0000 0.0000 0.0000 0.0000 0.0000 0.0000 0.0000 0.0000 0.0000 0.0000 0.0000 0.0000 0.0000 0.0000 0.0000 0.0000
513.2840 84.5620 -282.8400 -11.1621 28.6056 -66.3742 10.0478 -20.8567 -0.9776 -6.7729 17.3652 -0.1565 -7.8749 -0.4706 -20.1824 0.0000 0.0000 0.0000 17.1270 -31.4642 9.1640 -15.8479 18.7408 4.8186 9.6784 14.0500 18.7287 0.0000 0.0000 0.0000 3.7010 2.3939 -7.5970 3.7010 2.3939 -7.5970 3.7010 2.3939 -7.5970 15.1572 -10.9985 1.7002 15.1572 -10.9985 1.7002 0.0000 0.0000 0.0000 -50.0315 3.7149 -24.8149 -39.7338 5.3531 -15.6421 20.9205 -2.2702 -12.2514 0.0000 0.0000 0.0000 0.0000 0.0000 0.0000 0.0000 0.0000 0.0000 0.0000 0.0000 0.0000 0.0000 0.0000 0.0000 0.0000 0.0000 0.0000 0.0000 0.0000 0.0000 0.0000 0.0000 0.0000 0.0000 0.0000 0.0000 0.0000 0.0000 0.0000 0.0000 0.0000 0.0000 0.0000 0.0000 0.0000 0.0000 0.0000 0.0000 0.0000 0.0000 0.0000 0.0000 0.0000 0.0000 0.0000 0.0000 0.0000 100.7763 -5.5397 6.6449 11.2625 2.3857 20.6201 31.6459 -18.0466 -58.5269 0.0000 0.0000 0.0000 0.0000 0.0000 0.0000 0.0000 0.0000 0.0000 0.0000 0.0000 0.0000 0.0000 0.0000 0.0000 0.0000 0.0000 0.0000 0.0000 0.0000 0.0000 0.0000 0.0000 0.0000 0.0000 0.0000 0.0000 0.0000 0.0000 0.0000 0.0000 0.0000 0.0000 0.0000 0.0000 0.0000 0.0000 0.0000 0.0000 0.0000 0.0000 0.0000 0.0000 0.0000 0.0000
513.2840 84.5620 -282.8400 -11.1621 28.6056 -66.3742 10.0478 -20.8567 -0.9776 -6.7729 17.3652 -0.1565 -7.8749 -0.4706 -20.1824 0.0000 0.0000 0.0000 17.1270 -31.4642 9.1640 -15.8479 18.7408 4.8186 9.6784 14.0500 18.7287 0.0000 0.0000 0.0000 3.7010 2.3939 -7.5970 3.7010 2.3939 -7.5970 3.7010 2.3939 -7.5970 15.1572 -10.9985 1.7002 15.1572 -10.9985 1.7002 0.0000 0.0000 0.0000 -50.0315 3.7149 -24.8149 -39.7338 5.3531 -15.6421 20.9205 -2.2702 -12.2514 0.0000 0.0000 0.0000 0.0000 0.0000 0.0000 0.0000 0.0000 0.0000 0.0000 0.0000 0.0000 0.0000 0.0000 0.0000 0.0000 0.0000 0.0000 0.0000 0.0000 0.0000 0.0000 0.0000 0.0000 0.0000 0.0000 0.0000 0.0000 0.0000 0.0000 0.0000 0.0000 0.0000 0.0000 0.0000 0.0000 0.0000 0.0000 0.0000 0.0000 0.0000 0.0000 0.0000 0.0000 0.0000 0.0000 0.0000 0.0000 100.7763 -5.5397 6.6449 11.2625 2.3857 20.6201 31.6459 -18.0466 -58.5269 0.0000 0.0000 0.0000 0.0000 0.0000 0.0000 0.0000 0.0000 0.0000 0.0000 0.0000 0.0000 0.0000 0.0000 0.0000 0.0000 0.0000 0.0000 0.0000 0.0000 0.0000 0.0000 0.0000 0.0000 0.0000 0.0000 0.0000 0.0000 0.0000 0.0000 0.0000 0.0000 0.0000 0.0000 0.0000 0.0000 0.0000 0.0000 0.0000 0.0000 0.0000 0.0000 0.0000 0.0000 0.0000
513.2840 84.5620 -282.8400 -11.1621 28.6056 -66.3742 10.0478 -20.8567 -0.9776 -6.7729 17.3652 -0.1565 -7.8749 -0.4706 -20.1824 0.0000 0.0000 0.0000 17.1270 -31.4642 9.1640 -15.8479 18.7408 4.8186 9.6784 14.0500 18.7287 0.0000 0.0000 0.0000 3.7010 2.3939 -7.5970 3.7010 2.3939 -7.5970 3.7010 2.3939 -7.5970 15.1572 -10.9985 1.7002 15.1572 -10.9985 1.7002 0.0000 0.0000 0.0000 -50.0315 3.7149 -24.8149 -39.7338 5.3531 -15.6421 20.9205 -2.2702 -12.2514 0.0000 0.0000 0.0000 0.0000 0.0000 0.0000 0.0000 0.0000 0.0000 0.0000 0.0000 0.0000 0.0000 0.0000 0.0000 0.0000 0.0000 0.0000 0.0000 0.0000 0.0000 0.0000 0.0000 0.0000 0.0000 0.0000 0.0000 0.0000 0.0000 0.0000 0.0000 0.0000 0.0000 0.0000 0.0000 0.0000 0.0000 0.0000 0.0000 0.0000 0.0000 0.0000 0.0000 0.0000 0.0000 0.0000 0.0000 0.0000 100.7763 -5.5397 6.6449 11.2625 2.3857 20.6201 31.6459 -18.0466 -58.5269 0.0000 0.0000 0.0000 0.0000 0.0000 0.0000 0.0000 0.0000 0.0000 0.0000 0.0000 0.0000 0.0000 0.0000 0.0000 0.0000 0.0000 0.0000 0.0000 0.0000 0.0000 0.0000 0.0000 0.0000 0.0000 0.0000 0.0000 0.0000 0.0000 0.0000 0.0000 0.0000 0.0000 0.0000 0.0000 0.0000 0.0000 0.0000 0.0000 0.0000 0.0000 0.0000 0.0000 0.0000 0.0000
513.2840 84.5620 -282.8400 -11.1621 28.6056 -66.3742 10.0478 -20.8567 -0.9776 -6.7729 17.3652 -0.1565 -7.8749 -0.4706 -20.1824 0.0000 0.0000 0.0000 17.1270 -31.4642 9.1640 -15.8479 18.7408 4.8186 9.6784 14.0500 18.7287 0.0000 0.0000 0.0000 3.7010 2.3939 -7.5970 3.7010 2.3939 -7.5970 3.7010 2.3939 -7.5970 15.1572 -10.9985 1.7002 15.1572 -10.9985 1.7002 0.0000 0.0000 0.0000 -50.0315 3.7149 -24.8149 -39.7338 5.3531 -15.6421 20.9205 -2.2702 -12.2514 0.0000 0.0000 0.0000 0.0000 0.0000 0.0000 0.0000 0.0000 0.0000 0.0000 0.0000 0.0000 0.0000 0.0000 0.0000 0.0000 0.0000 0.0000 0.0000 0.0000 0.0000 0.0000 0.0000 0.0000 0.0000 0.0000 0.0000 0.0000 0.0000 0.0000 0.0000 0.0000 0.0000 0.0000 0.0000 0.0000 0.0000 0.0000 0.0000 0.0000 0.0000 0.0000 0.0000 0.0000 0.0000 0.0000 0.0000 0.0000 100.7763 -5.5397 6.6449 11.2625 2.3857 20.6201 31.6459 -18.0466 -58.5269 0.0000 0.0000 0.0000 0.0000 0.0000 0.0000 0.0000 0.0000 0.0000 0.0000 0.0000 0.0000 0.0000 0.0000 0.0000 0.0000 0.0000 0.0000 0.0000 0.0000 0.0000 0.0000 0.0000 0.0000 0.0000 0.0000 0.0000 0.0000 0.0000 0.0000 0.0000 0.0000 0.0000 0.0000 0.0000 0.0000 0.0000 0.0000 0.0000 0.0000 0.0000 0.0000 0.0000 0.0000 0.0000
513.2840 84.5620 -282.8400 -11.1621 28.6056 -66.3742 10.0478 -20.8567 -0.9776 -6.7729 17.3652 -0.1565 -7.8749 -0.4706 -20.1824 0.0000 0.0000 0.0000 17.1270 -31.4642 9.1640 -15.8479 18.7408 4.8186 9.6784 14.0500 18.7287 0.0000 0.0000 0.0000 3.7010 2.3939 -7.5970 3.7010 2.3939 -7.5970 3.7010 2.3939 -7.5970 15.1572 -10.9985 1.7002 15.1572 -10.9985 1.7002 0.0000 0.0000 0.0000 -50.0315 3.7149 -24.8149 -39.7338 5.3531 -15.6421 20.9205 -2.2702 -12.2514 0.0000 0.0000 0.0000 0.0000 0.0000 0.0000 0.0000 0.0000 0.0000 0.0000 0.0000 0.0000 0.0000 0.0000 0.0000 0.0000 0.0000 0.0000 0.0000 0.0000 0.0000 0.0000 0.0000 0.0000 0.0000 0.0000 0.0000 0.0000 0.0000 0.0000 0.0000 0.0000 0.0000 0.0000 0.0000 0.0000 0.0000 0.0000 0.0000 0.0000 0.0000 0.0000 0.0000 0.0000 0.0000 0.0000 0.0000 0.0000 100.7763 -5.5397 6.6449 11.2625 2.3857 20.6201 31.6459 -18.0466 -58.5269 0.0000 0.0000 0.0000 0.0000 0.0000 0.0000 0.0000 0.0000 0.0000 0.0000 0.0000 0.0000 0.0000 0.0000 0.0000 0.0000 0.0000 0.0000 0.0000 0.0000 0.0000 0.0000 0.0000 0.0000 0.0000 0.0000 0.0000 0.0000 0.0000 0.0000 0.0000 0.0000 0.0000 0.0000 0.0000 0.0000 0.0000 0.0000 0.0000 0.0000 0.0000 0.0000 0.0000 0.0000 0.0000
513.2840 84.5620 -282.8400 -11.1621 28.6056 -66.3742 10.0478 -20.8567 -0.9776 -6.7729 17.3652 -0.1565 -7.8749 -0.4706 -20.1824 0.0000 0.0000 0.0000 17.1270 -31.4642 9.1640 -15.8479 18.7408 4.8186 9.6784 14.0500 18.7287 0.0000 0.0000 0.0000 3.7010 2.3939 -7.5970 3.7010 2.3939 -7.5970 3.7010 2.3939 -7.5970 15.1572 -10.9985 1.7002 15.1572 -10.9985 1.7002 0.0000 0.0000 0.0000 -50.0315 3.7149 -24.8149 -39.7338 5.3531 -15.6421 20.9205 -2.2702 -12.2514 22.5581 -5.1012 -25.1813 -31.1932 1.0242 -3.6678 -16.1635 -0.2829 1.9924 -25.8487 8.9493 -37.6608 18.5865 -8.0510 -46.5419 -25.3728 1.5767 -6.9957 -11.8165 4.8013 -44.1075 1.6095 -0.4858 -33.5871 14.5707 -2.9446 -22.7351 -5.5192 2.5048 -48.7943 4.8139 -1.3730 -31.8217 14.7348 -0.5391 -4.1673 -3.3416 1.1607 -38.2983 17.9955 -4.1455 -25.7496 -8.5719 1.3638 -18.0476 0.0000 0.0000 0.0000 100.7763 -5.5397 6.6449 11.2625 2.3857 20.6201 31.6459 -18.0466 -58.5269 0.0000 0.0000 0.0000 0.0000 0.0000 0.0000 0.0000 0.0000 0.0000 0.0000 0.0000 0.0000 0.0000 0.0000 0.0000 0.0000 0.0000 0.0000 0.0000 0.0000 0.0000 0.0000 0.0000 0.0000 0.0000 0.0000 0.0000 0.0000 0.0000 0.0000 0.0000 0.0000 0.0000 0.0000 0.0000 0.0000 0.0000 0.0000 0.0000 0.0000 0.0000 0.0000 0.0000 0.0000 0.0000
468.0636 87.7051 -55.9726 -6.0002 20.0834 -76.5931 5.1821 -19.6705 -1.8553 -2.1003 18.6355 -1.3917 -6.2323 -3.5122 -17.6656 0.0000 0.0000 0.0000 21.3575 -20.2708 6.8310 -24.1619 7.5304 4.2803 10.1294 5.3488 23.4649 0.0000 0.0000 0.0000 0.8407 1.3211 -5.1188 0.8407 1.3211 -5.1188 0.8407 1.3211 -5.1188 14.4800 -9.3768 2.4433 14.4800 -9.3768 2.4433 0.0000 0.0000 0.0000 -51.0573 3.7373 -24.5064 -39.5918 5.9335 -17.2855 20.5338 -2.4470 -13.4491 -2.5224 -0.1158 5.2550 -9.6739 -0.9631 11.3442 -25.1978 0.2148 -0.9612 -22.3126 -5.2249 26.0534 -34.9340 -0.0181 0.0575 -18.9519 -5.3618 31.3416 -22.1729 -4.2802 21.5945 -39.5757 -8.9947 24.6639 -24.3811 3.4238 -15.7530 -29.3404 -6.5227 24.5597 -29.8989 -3.0888 11.5322 -14.6249 2.3240 -17.9641 -21.6632 -4.4152 22.7827 -21.7958 -0.3939 2.0459 -29.2374 -1.9553 7.4864 0.0000 0.0000 0.0000 101.0053 -3.2677 9.0172 12.7528 2.4921 19.3387 33.5508 -15.4774 -48.5318 0.0000 0.0000 0.0000 0.0000 0.0000 0.0000 0.0000 0.0000 0.0000 0.0000 0.0000 0.0000 0.0000 0.0000 0.0000 0.0000 0.0000 0.0000 0.0000 0.0000 0.0000 0.0000 0.0000 0.0000 0.0000 0.0000 0.0000 0.0000 0.0000 0.0000 0.0000 0.0000 0.0000 0.0000 0.0000 0.0000 0.0000 0.0000 0.0000 0.0000 0.0000 0.0000 0.0000 0.0000 0.0000
440.9382 88.9850 28.3587 -6.3561 18.5327 -70.6287 6.6268 -20.0936 -1.6111 -5.0772 22.3342 -0.8607 -7.9500 -3.8317 -22.0559 0.0000 0.0000 0.0000 20.0970 -18.1894 5.9159 -21.5368 6.1400 3.5192 8.8156 1.3534 21.0938 0.0000 0.0000 0.0000 0.8146 1.1533 -4.8779 0.8146 1.1533 -4.8779 0.8146 1.1533 -4.8779 13.8810 -9.2131 0.6587 13.8810 -9.2131 0.6587 0.0000 0.0000 0.0000 -52.7656 2.0318 -19.5048 -45.5337 4.4726 -11.5306 16.8410 -2.7857 -18.6550 -2.5224 -0.1158 5.2550 -9.6739 -0.9631 11.3442 -25.1978 0.2148 -0.9612 -22.3126 -5.2249 26.0534 -34.9340 -0.0181 0.0575 -18.9519 -5.3618 31.3416 -22.1729 -4.2802 21.5945 -39.5757 -8.9947 24.6639 -24.3811 3.4238 -15.7530 -29.3404 -6.5227 24.5597 -29.8989 -3.0888 11.5322 -14.6249 2.3240 -17.9641 -21.6632 -4.4152 22.7827 -21.7958 -0.3939 2.0459 -29.2374 -1.9553 7.4864 0.0000 0.0000 0.0000 97.7214 2.5288 15.2470 11.7414 2.6062 21.6966 48.4328 -9.1185 -20.1081 0.0000 0.0000 0.0000 0.0000 0.0000 0.0000 0.0000 0.0000 0.0000 0.0000 0.0000 0.0000 0.0000 0.0000 0.0000 0.0000 0.0000 0.0000 0.0000 0.0000 0.0000 0.0000 0.0000 0.0000 0.0000 0.0000 0.0000 0.0000 0.0000 0.0000 0.0000 0.0000 0.0000 0.0000 0.0000 0.0000 0.0000 0.0000 0.0000 0.0000 0.0000 0.0000 0.0000 0.0000 0.0000
418.7321 90.3596 67.4621 -2.7839 15.2665 -80.5030 3.1763 -20.1537 -2.3053 -3.9043 15.6502 -0.7286 -5.8342 -0.2450 -14.7338 0.0000 0.0000 0.0000 13.2279 -19.0023 4.8196 -16.7272 5.8621 2.7169 12.6785 0.9635 31.1729 0.0000 0.0000 0.0000 0.0713 0.5865 -2.8661 0.0713 0.5865 -2.8661 0.0713 0.5865 -2.8661 12.1269 -9.1443 0.7328 12.1269 -9.1443 0.7328 0.0000 0.0000 0.0000 -52.5946 3.7937 -24.1295 -43.2189 6.0647 -16.1331 17.6999 -2.5716 -16.4062 -0.9143 0.0551 -6.9031 -24.2341 -1.2472 5.8044 -15.1394 -1.4411 10.8125 -24.5629 -2.5072 11.4804 -18.5378 4.4141 -26.5737 -50.2361 -4.2752 9.1042 -31.2935 -2.1555 7.6854 -33.6548 4.7770 -15.7051 17.1689 -3.1552 -20.6790 -43.3727 2.7224 -6.8390 -32.5144 3.4752 -11.8781 27.6180 2.9277 11.8714 -29.7886 1.3952 -5.2422 -22.5637 6.3721 -31.1819 23.3265 2.4344 11.7538 0.0000 0.0000 0.0000 94.7418 6.9381 20.5476 10.0589 2.4943 23.6818 46.4381 -4.8843 -11.3552 0.0000 0.0000 0.0000 0.0000 0.0000 0.0000 0.0000 0.0000 0.0000 0.0000 0.0000 0.0000 0.0000 0.0000 0.0000 0.0000 0.0000 0.0000 0.0000 0.0000 0.0000 0.0000 0.0000 0.0000 0.0000 0.0000 0.0000 0.0000 0.0000 0.0000 0.0000 0.0000 0.0000 0.0000 0.0000 0.0000 0.0000 0.0000 0.0000 0.0000 0.0000 0.0000 0.0000 0.0000 0.0000
405.6825 91.6835 88.8937 -6.7970 17.5652 -74.9104 5.4014 -21.0029 -1.9453 -2.2748 19.2824 -1.4018 -7.3896 0.6630 -18.2546 0.0000 0.0000 0.0000 7.6008 -21.2662 4.1815 -9.0832 16.5155 2.7821 12.0539 1.6546 29.4594 0.0000 0.0000 0.0000 0.8285 0.6419 -2.4879 0.8285 0.6419 -2.4879 0.8285 0.6419 -2.4879 12.1896 -8.1469 0.1654 12.1896 -8.1469 0.1654 0.0000 0.0000 0.0000 -51.1377 -0.1742 -13.8571 -49.1467 1.7461 -4.7162 10.3979 -1.7355 -18.9021 -0.9143 0.0551 -6.9031 -24.2341 -1.2472 5.8044 -15.1394 -1.4411 10.8125 -24.5629 -2.5072 11.4804 -18.5378 4.4141 -26.5737 -50.2361 -4.2752 9.1042 -31.2935 -2.1555 7.6854 -33.6548 4.7770 -15.7051 17.1689 -3.1552 -20.6790 -43.3727 2.7224 -6.8390 -32.5144 3.4752 -11.8781 27.6180 2.9277 11.8714 -29.7886 1.3952 -5.2422 -22.5637 6.3721 -31.1819 23.3265 2.4344 11.7538 0.0000 0.0000 0.0000 92.6997 7.0982 21.0843 8.6197 2.2817 24.6466 44.6640 -0.4253 -1.0353 0.0000 0.0000 0.0000 0.0000 0.0000 0.0000 0.0000 0.0000 0.0000 0.0000 0.0000 0.0000 0.0000 0.0000 0.0000 0.0000 0.0000 0.0000 0.0000 0.0000 0.0000 0.0000 0.0000 0.0000 0.0000 0.0000 0.0000 0.0000 0.0000 0.0000 0.0000 0.0000 0.0000 0.0000 0.0000 0.0000 0.0000 0.0000 0.0000 0.0000 0.0000 0.0000 0.0000 0.0000 0.0000
396.3551 92.5506 101.7281 -9.4637 19.1171 -70.6416 7.5625 -22.7799 -1.6416 0.0715 23.1495 -2.4133 -9.0179 3.2589 -21.2247 0.0000 0.0000 0.0000 2.7436 -18.1807 2.7070 -3.1783 17.6553 1.4324 12.3632 5.5641 29.7422 0.0000 0.0000 0.0000 1.1687 0.6900 -2.1861 1.1687 0.6900 -2.1861 1.1687 0.6900 -2.1861 12.3835 -7.2930 -0.5288 12.3835 -7.2930 -0.5288 0.0000 0.0000 0.0000 -49.2468 -1.5666 -9.9860 -49.0346 -1.7940 3.0335 6.0053 -0.9411 -17.7980 -0.9143 0.0551 -6.9031 -24.2341 -1.2472 5.8044 -15.1394 -1.4411 10.8125 -24.5629 -2.5072 11.4804 -18.5378 4.4141 -26.5737 -50.2361 -4.2752 9.1042 -31.2935 -2.1555 7.6854 -33.6548 4.7770 -15.7051 17.1689 -3.1552 -20.6790 -43.3727 2.7224 -6.8390 -32.5144 3.4752 -11.8781 27.6180 2.9277 11.8714 -29.7886 1.3952 -5.2422 -22.5637 6.3721 -31.1819 23.3265 2.4344 11.7538 0.0000 0.0000 0.0000 91.5106 6.5212 20.5947 8.0546 2.1866 24.9702 41.4498 2.1014 5.5502 0.0000 0.0000 0.0000 0.0000 0.0000 0.0000 0.0000 0.0000 0.0000 0.0000 0.0000 0.0000 0.0000 0.0000 0.0000 0.0000 0.0000 0.0000 0.0000 0.0000 0.0000 0.0000 0.0000 0.0000 0.0000 0.0000 0.0000 0.0000 0.0000 0.0000 0.0000 0.0000 0.0000 0.0000 0.0000 0.0000 0.0000 0.0000 0.0000 0.0000 0.0000 0.0000 0.0000 0.0000 0.0000
391.2846 93.3116 106.2349 -9.9650 21.1279 -68.4360 11.1268 -25.9448 -1.0048 -0.0694 26.1514 -2.6840 -9.1773 3.7822 -21.3784 0.0000 0.0000 0.0000 -1.6929 -8.4923 0.8749 -2.2532 17.1748 1.1747 12.0279 6.4130 28.6402 0.0000 0.0000 0.0000 1.7062 0.4711 -1.2080 1.7062 0.4711 -1.2080 1.7062 0.4711 -1.2080 13.0361 -7.2395 0.3951 13.0361 -7.2395 0.3951 0.0000 0.0000 0.0000 -43.6746 -1.3229 -10.5638 -42.7329 -4.2599 9.9623 11.5855 -0.7494 -7.3766 -0.9143 0.0551 -6.9031 -24.2341 -1.2472 5.8044 -15.1394 -1.4411 10.8125 -24.5629 -2.5072 11.4804 -18.5378 4.4141 -26.5737 -50.2361 -4.2752 9.1042 -31.2935 -2.1555 7.6854 -33.6548 4.7770 -15.7051 17.1689 -3.1552 -20.6790 -43.3727 2.7224 -6.8390 -32.5144 3.4752 -11.8781 27.6180 2.9277 11.8714 -29.7886 1.3952 -5.2422 -22.5637 6.3721 -31.1819 23.3265 2.4344 11.7538 0.0000 0.0000 0.0000 88.5739 6.9041 21.5960 5.9638 1.6800 24.3935 41.6756 5.1182 13.3947 0.0000 0.0000 0.0000 0.0000 0.0000 0.0000 0.0000 0.0000 0.0000 0.0000 0.0000 0.0000 0.0000 0.0000 0.0000 0.0000 0.0000 0.0000 0.0000 0.0000 0.0000 0.0000 0.0000 0.0000 0.0000 0.0000 0.0000 0.0000 0.0000 0.0000 0.0000 0.0000 0.0000 0.0000 0.0000 0.0000 0.0000 0.0000 0.0000 0.0000 0.0000 0.0000 0.0000 0.0000 0.0000
386.2087 94.3942 107.9381 -7.5341 20.4094 -72.3353 10.4403 -27.7013 -1.2743 -0.3872 28.2464 -2.7956 -8.5881 1.8764 -20.8075 0.0000 0.0000 0.0000 -2.3576 -0.3264 -0.0061 -3.9061 10.0181 1.0814 11.2478 3.3350 27.0301 0.0000 0.0000 0.0000 1.2655 0.2069 -0.0442 1.2655 0.2069 -0.0442 1.2655 0.2069 -0.0442 12.5897 -6.8885 0.5920 12.5897 -6.8885 0.5920 0.0000 0.0000 0.0000 -45.3550 1.5865 -19.9716 -51.2913 1.4341 -3.8853 5.8735 -1.7872 -33.8219 -9.6247 0.2033 -2.4144 -4.1897 -0.6686 18.1271 -21.6606 -0.5339 2.7903 -33.4861 -6.7859 22.2977 -24.8132 0.8905 -4.0466 -8.4620 -2.1323 28.2404 -35.9833 -4.0933 12.5591 -28.4402 -3.0150 11.8578 -8.0546 0.0067 -0.0958 -41.3936 -5.6698 14.9344 -19.1900 0.2689 -1.5908 -8.8697 -0.5356 6.8972 -32.9049 -3.0295 10.2339 -12.1845 0.5853 -5.4799 -12.7770 -1.8923 16.7812 0.0000 0.0000 0.0000 88.8747 7.3763 22.1412 5.4343 1.6030 24.9663 39.8325 5.5020 15.1093 0.0000 0.0000 0.0000 0.0000 0.0000 0.0000 0.0000 0.0000 0.0000 0.0000 0.0000 0.0000 0.0000 0.0000 0.0000 0.0000 0.0000 0.0000 0.0000 0.0000 0.0000 0.0000 0.0000 0.0000 0.0000 0.0000 0.0000 0.0000 0.0000 0.0000 0.0000 0.0000 0.0000 0.0000 0.0000 0.0000 0.0000 0.0000 0.0000 0.0000 0.0000 0.0000 0.0000 0.0000 0.0000
384.1081 94.9332 108.6326 -5.6555 16.8319 -75.5194 8.4066 -28.0066 -1.8397 1.0458 28.9948 -3.3662 -8.5108 3.7305 -19.4883 0.0000 0.0000 0.0000 1.6735 11.3572 -1.5250 -9.4463 0.0989 0.9359 12.4902 1.9882 30.5661 0.0000 0.0000 0.0000 0.4825 -0.0573 1.1782 0.4825 -0.0573 1.1782 0.4825 -0.0573 1.1782 11.0563 -6.3487 -1.2893 11.0563 -6.3487 -1.2893 0.0000 0.0000 0.0000 -44.8215 0.2456 -15.7338 -52.0157 -1.1183 1.3931 1.5572 -0.3391 -24.5706 -9.6247 0.2033 -2.4144 -4.1897 -0.6686 18.1271 -21.6606 -0.5339 2.7903 -33.4861 -6.7859 22.2977 -24.8132 0.8905 -4.0466 -8.4620 -2.1323 28.2404 -35.9833 -4.0933 12.5591 -28.4402 -3.0150 11.8578 -8.0546 0.0067 -0.0958 -41.3936 -5.6698 14.9344 -19.1900 0.2689 -1.5908 -8.8697 -0.5356 6.8972 -32.9049 -3.0295 10.2339 -12.1845 0.5853 -5.4799 -12.7770 -1.8923 16.7812 0.0000 0.0000 0.0000 87.6150 6.1872 20.8438 7.2866 1.9528 24.2177 41.7455 5.3208 13.8951 0.0000 0.0000 0.0000 0.0000 0.0000 0.0000 0.0000 0.0000 0.0000 0.0000 0.0000 0.0000 0.0000 0.0000 0.0000 0.0000 0.0000 0.0000 0.0000 0.0000 0.0000 0.0000 0.0000 0.0000 0.0000 0.0000 0.0000 0.0000 0.0000 0.0000 0.0000 0.0000 0.0000 0.0000 0.0000 0.0000 0.0000 0.0000 0.0000 0.0000 0.0000 0.0000 0.0000 0.0000 0.0000
382.0179 95.4212 109.4770 -5.1681 13.7901 -74.3962 5.6533 -27.2309 -2.5068 -1.2815 30.2496 -2.6827 -8.9597 5.0523 -19.9629 0.0000 0.0000 0.0000 11.4967 22.6608 -4.9780 -19.6744 -8.2019 0.2122 12.0167 -1.0547 29.7209 0.0000 0.0000 0.0000 -0.3120 -0.1565 1.5891 -0.3120 -0.1565 1.5891 -0.3120 -0.1565 1.5891 10.2984 -5.9329 -3.9555 10.2984 -5.9329 -3.9555 0.0000 0.0000 0.0000 -47.8472 -2.2246 -7.9599 -48.5753 -2.3169 4.2328 2.3154 -0.4583 -22.3884 -9.6247 0.2033 -2.4144 -4.1897 -0.6686 18.1271 -21.6606 -0.5339 2.7903 -33.4861 -6.7859 22.2977 -24.8132 0.8905 -4.0466 -8.4620 -2.1323 28.2404 -35.9833 -4.0933 12.5591 -28.4402 -3.0150 11.8578 -8.0546 0.0067 -0.0958 -41.3936 -5.6698 14.9344 -19.1900 0.2689 -1.5908 -8.8697 -0.5356 6.8972 -32.9049 -3.0295 10.2339 -12.1845 0.5853 -5.4799 -12.7770 -1.8923 16.7812 0.0000 0.0000 0.0000 88.6362 3.3809 17.0672 7.7824 2.1568 25.3219 42.9930 5.2136 13.1884 0.0000 0.0000 0.0000 0.0000 0.0000 0.0000 0.0000 0.0000 0.0000 0.0000 0.0000 0.0000 0.0000 0.0000 0.0000 0.0000 0.0000 0.0000 0.0000 0.0000 0.0000 0.0000 0.0000 0.0000 0.0000 0.0000 0.0000 0.0000 0.0000 0.0000 0.0000 0.0000 0.0000 0.0000 0.0000 0.0000 0.0000 0.0000 0.0000 0.0000 0.0000 0.0000 0.0000 0.0000 0.0000
378.5726 95.9953 110.8606 -4.6691 12.6939 -71.9427 5.1541 -26.6261 -2.5756 -5.0838 32.5063 -1.4735 -8.6168 4.7660 -19.1353 0.0000 0.0000 0.0000 15.5245 24.4221 -6.2476 -20.9778 -6.1115 0.7175 11.1885 -3.9612 28.1009 0.0000 0.0000 0.0000 -0.5555 -0.0894 1.2878 -0.5555 -0.0894 1.2878 -0.5555 -0.0894 1.2878 9.7942 -6.5041 -5.7210 9.7942 -6.5041 -5.7210 0.0000 0.0000 0.0000 -48.2769 -4.0740 -2.5440 -46.0741 -2.4078 4.7598 4.2376 -1.0258 -27.2043 -9.6247 0.2033 -2.4144 -4.1897 -0.6686 18.1271 -21.6606 -0.5339 2.7903 -33.4861 -6.7859 22.2977 -24.8132 0.8905 -4.0466 -8.4620 -2.1323 28.2404 -35.9833 -4.0933 12.5591 -28.4402 -3.0150 11.8578 -8.0546 0.0067 -0.0958 -41.3936 -5.6698 14.9344 -19.1900 0.2689 -1.5908 -8.8697 -0.5356 6.8972 -32.9049 -3.0295 10.2339 -12.1845 0.5853 -5.4799 -12.7770 -1.8923 16.7812 0.0000 0.0000 0.0000 89.6707 1.5114 14.5987 8.6578 2.3474 25.2434 44.4010 4.0552 9.9160 0.0000 0.0000 0.0000 0.0000 0.0000 0.0000 0.0000 0.0000 0.0000 0.0000 0.0000 0.0000 0.0000 0.0000 0.0000 0.0000 0.0000 0.0000 0.0000 0.0000 0.0000 0.0000 0.0000 0.0000 0.0000 0.0000 0.0000 0.0000 0.0000 0.0000 0.0000 0.0000 0.0000 0.0000 0.0000 0.0000 0.0000 0.0000 0.0000 0.0000 0.0000 0.0000 0.0000 0.0000 0.0000
375.4438 96.8445 113.0203 -3.5222 12.6712 -71.5298 4.1758 -23.8375 -2.5152 -5.4570 29.8326 -1.1797 -8.5794 5.6564 -18.4283 0.0000 0.0000 0.0000 14.9182 22.6141 -5.6326 -17.2360 -2.5009 1.2292 11.7609 -4.5250 29.5233 0.0000 0.0000 0.0000 -0.5484 -0.0337 0.9609 -0.5485 -0.0337 0.9610 -0.5484 -0.0337 0.9609 9.4665 -6.8338 -6.2315 9.4665 -6.8338 -6.2315 0.0000 0.0000 0.0000 -49.6984 -4.9850 -0.3161 -43.5798 -1.7248 3.4140 5.2791 -1.3821 -29.3233 -9.6247 0.2033 -2.4144 -4.1897 -0.6686 18.1271 -21.6606 -0.5339 2.7903 -33.4861 -6.7859 22.2977 -24.8132 0.8905 -4.0466 -8.4620 -2.1323 28.2404 -35.9833 -4.0933 12.5591 -28.4402 -3.0150 11.8578 -8.0546 0.0067 -0.0958 -41.3936 -5.6698 14.9344 -19.1900 0.2689 -1.5908 -8.8697 -0.5356 6.8972 -32.9049 -3.0295 10.2339 -12.1845 0.5853 -5.4799 -12.7770 -1.8923 16.7812 0.0000 0.0000 0.0000 90.0175 0.6777 13.5307 9.4829 2.5024 24.9415 44.9531 2.4340 5.8786 0.0000 0.0000 0.0000 0.0000 0.0000 0.0000 0.0000 0.0000 0.0000 0.0000 0.0000 0.0000 0.0000 0.0000 0.0000 0.0000 0.0000 0.0000 0.0000 0.0000 0.0000 0.0000 0.0000 0.0000 0.0000 0.0000 0.0000 0.0000 0.0000 0.0000 0.0000 0.0000 0.0000 0.0000 0.0000 0.0000 0.0000 0.0000 0.0000 0.0000 0.0000 0.0000 0.0000 0.0000 0.0000
370.3920 97.7079 112.8591 -3.4860 11.6201 -68.8967 3.0973 -18.9451 -2.1758 -3.3632 27.8816 -1.7648 -8.2812 2.2223 -19.7567 0.0000 0.0000 0.0000 14.2191 19.6232 -4.7198 -14.2190 5.6673 2.3045 13.1324 2.2751 32.2416 0.0000 0.0000 0.0000 -0.5514 0.0676 -0.2665 -0.5514 0.0676 -0.2665 -0.5514 0.0676 -0.2665 9.1739 -6.8120 -6.8912 9.1739 -6.8120 -6.8912 0.0000 0.0000 0.0000 -51.2216 -5.9252 1.7762 -43.0564 -0.4850 0.3307 6.8354 -1.8583 -30.3870 3.6498 -1.1795 -35.8084 -31.7308 -7.4730 25.8824 -20.0009 -2.5620 14.4547 2.2202 -0.7320 -36.4913 -11.4018 5.9757 -55.2049 -13.4434 0.6879 -5.8322 -6.5476 2.9647 -48.6834 -21.8341 6.7095 -33.8094 17.9836 -5.0729 -31.2788 -14.7822 9.7970 -66.9047 -14.6239 4.2172 -32.0207 22.3356 -1.3731 -6.9472 -26.3800 14.8256 -58.0728 4.0254 -0.9287 -25.9723 -5.3440 0.5115 -10.9269 0.0000 0.0000 0.0000 90.0794 -0.8466 11.6160 11.8306 2.9359 24.2089 46.0694 0.6131 1.4419 0.0000 0.0000 0.0000 0.0000 0.0000 0.0000 0.0000 0.0000 0.0000 0.0000 0.0000 0.0000 0.0000 0.0000 0.0000 0.0000 0.0000 0.0000 0.0000 0.0000 0.0000 0.0000 0.0000 0.0000 0.0000 0.0000 0.0000 0.0000 0.0000 0.0000 0.0000 0.0000 0.0000 0.0000 0.0000 0.0000 0.0000 0.0000 0.0000 0.0000 0.0000 0.0000 0.0000 0.0000 0.0000
365.7695 98.6251 114.3530 -4.2343 11.4040 -64.1321 3.7709 -15.7852 -1.6896 -4.3098 28.9560 -1.5220 -8.6330 1.2569 -21.2747 0.0000 0.0000 0.0000 14.8205 15.7715 -3.8092 -9.7081 12.8016 2.4881 13.5088 10.7654 32.5432 0.0000 0.0000 0.0000 -0.2822 0.1510 -1.9176 -0.2822 0.1510 -1.9176 -0.2822 0.1510 -1.9176 9.1941 -6.5406 -7.4035 9.1941 -6.5406 -7.4035 0.0000 0.0000 0.0000 -53.0289 -5.9881 1.3289 -42.3967 0.1676 -1.3309 8.1730 -2.2460 -30.6861 8.0689 -1.4387 -20.1875 -24.2857 -2.1030 9.7514 -22.4815 -2.1206 10.6407 13.8036 -2.3156 -18.9576 6.4182 -3.8579 -61.9850 -20.4265 0.5054 -2.8047 2.9442 -0.8249 -31.2974 -10.1762 4.1919 -44.6887 10.4483 -1.7381 -18.8392 -4.9100 2.9656 -62.2442 -13.6810 2.8916 -23.7635 25.4942 -2.2358 -9.8598 -21.5416 10.0041 -49.4136 6.7207 -1.1890 -20.0438 -9.7244 0.8650 -10.1422 0.0000 0.0000 0.0000 91.1890 -3.0590 8.8830 14.9821 3.5761 23.9025 44.8191 -1.1889 -2.8825 0.0000 0.0000 0.0000 0.0000 0.0000 0.0000 0.0000 0.0000 0.0000 0.0000 0.0000 0.0000 0.0000 0.0000 0.0000 0.0000 0.0000 0.0000 0.0000 0.0000 0.0000 0.0000 0.0000 0.0000 0.0000 0.0000 0.0000 0.0000 0.0000 0.0000 0.0000 0.0000 0.0000 0.0000 0.0000 0.0000 0.0000 0.0000 0.0000 0.0000 0.0000 0.0000 0.0000 0.0000 0.0000
361.3982 99.7097 117.1477 -4.5100 9.5845 -62.6196 3.2053 -11.2556 -1.2474 -6.9255 25.8728 -0.4913 -9.1800 0.0839 -23.3626 0.0000 0.0000 0.0000 14.6730 11.2297 -2.6168 -6.1112 20.3689 2.4078 13.0303 14.0027 30.4812 0.0000 0.0000 0.0000 -0.5843 0.1989 -3.0416 -0.5843 0.1989 -3.0416 -0.5843 0.1989 -3.0416 9.2449 -6.2854 -7.2647 9.2449 -6.2854 -7.2647 0.0000 0.0000 0.0000 -55.9482 -6.3226 1.2316 -41.9579 0.4738 -2.1344 9.0185 -2.4111 -29.8816 4.3697 -1.1327 -29.0512 -38.8207 -10.0605 28.0514 -8.7613 -0.1746 2.2788 3.6256 -0.9247 -28.6072 -0.5565 0.3257 -60.6690 -22.2963 -0.5954 3.0207 -3.2151 1.2098 -41.2318 -11.9181 4.0603 -37.5148 3.3652 -0.6123 -20.6174 -9.7342 6.3789 -66.4019 -10.5028 2.1312 -22.8808 12.0645 -0.9098 -8.5936 -27.7823 11.4275 -44.0540 3.1455 -0.8660 -30.7780 -3.1548 0.5596 -20.1121 0.0000 0.0000 0.0000 91.1911 -4.8678 6.6560 19.8192 3.5776 18.5814 46.2546 -6.1512 -14.3408 0.0000 0.0000 0.0000 0.0000 0.0000 0.0000 0.0000 0.0000 0.0000 0.0000 0.0000 0.0000 0.0000 0.0000 0.0000 0.0000 0.0000 0.0000 0.0000 0.0000 0.0000 0.0000 0.0000 0.0000 0.0000 0.0000 0.0000 0.0000 0.0000 0.0000 0.0000 0.0000 0.0000 0.0000 0.0000 0.0000 0.0000 0.0000 0.0000 0.0000 0.0000 0.0000 0.0000 0.0000 0.0000
356.3942 101.5134 123.5136 -3.8763 9.1015 -62.5052 3.2260 -8.5707 -0.9309 -4.9108 23.6320 -0.9875 -8.9966 -5.2465 -25.2291 0.0000 0.0000 0.0000 12.8502 4.2051 -0.7815 -3.7100 28.0494 2.2798 11.7510 11.2412 26.7553 0.0000 0.0000 0.0000 -0.6283 0.1504 -3.7826 -0.6283 0.1504 -3.7826 -0.6283 0.1504 -3.7826 9.4472 -6.1092 -6.7725 9.4472 -6.1092 -6.7725 0.0000 0.0000 0.0000 -57.9208 -6.0134 -0.0586 -42.8388 1.3050 -4.2246 11.0134 -2.8958 -29.3823 11.3519 -2.0440 -20.3506 -30.3901 -4.7858 17.4939 -24.0825 1.3627 -6.3819 -7.2433 2.9636 -44.4600 7.5105 -2.2379 -33.1445 -15.4015 1.2843 -9.4767 -2.8736 1.3113 -49.0509 -1.5009 0.4777 -35.3054 12.6500 -1.7591 -15.7710 -4.5079 2.6622 -61.1122 3.6770 -1.4947 -44.2334 14.2012 -0.1963 -1.5758 -10.5784 4.9795 -50.3173 9.0695 -2.1941 -27.1485 1.8199 -0.4736 -29.1716 0.0000 0.0000 0.0000 91.4032 -5.3874 6.0352 21.5292 3.4232 16.4740 42.7948 -8.1864 -20.6995 0.0000 0.0000 0.0000 0.0000 0.0000 0.0000 0.0000 0.0000 0.0000 0.0000 0.0000 0.0000 0.0000 0.0000 0.0000 0.0000 0.0000 0.0000 0.0000 0.0000 0.0000 0.0000 0.0000 0.0000 0.0000 0.0000 0.0000 0.0000 0.0000 0.0000 0.0000 0.0000 0.0000 0.0000 0.0000 0.0000 0.0000 0.0000 0.0000 0.0000 0.0000 0.0000 0.0000 0.0000 0.0000
351.6969 103.1303 129.9807 -4.0136 10.0105 -63.8094 4.2038 -6.6657 -0.6306 -3.6005 22.6138 -1.3008 -8.8010 -9.3341 -26.2703 0.0000 0.0000 0.0000 8.0488 -3.2796 0.7679 -0.8495 34.8589 1.6134 9.2229 1.3786 22.1381 0.0000 0.0000 0.0000 -0.2932 0.1578 -3.7654 -0.2932 0.1578 -3.7654 -0.2932 0.1578 -3.7654 9.5506 -6.2154 -6.3376 9.5506 -6.2154 -6.3376 0.0000 0.0000 0.0000 -60.5209 -4.6934 -3.5667 -44.5687 2.0956 -6.0094 11.7452 -2.9869 -28.4466 18.6930 -5.8299 -34.3814 -26.6171 -3.7678 15.8326 -28.1758 1.0592 -4.2188 -7.3160 2.0925 -31.8855 -0.6063 0.2416 -43.4522 -15.1825 1.5418 -11.5302 -7.7405 2.6267 -37.4415 -9.8459 3.0522 -34.3741 12.3915 -1.7646 -16.1482 -10.6805 4.4594 -45.2264 2.4562 -0.9086 -40.5940 10.4579 -0.9663 -10.5295 -15.6409 6.4418 -44.5609 8.0760 -2.4965 -34.3069 13.2020 -2.8844 -24.5478 0.0000 0.0000 0.0000 90.6589 -6.3239 4.8036 23.6092 3.9728 17.4941 42.3580 -9.8396 -25.0514 0.0000 0.0000 0.0000 0.0000 0.0000 0.0000 0.0000 0.0000 0.0000 0.0000 0.0000 0.0000 0.0000 0.0000 0.0000 0.0000 0.0000 0.0000 0.0000 0.0000 0.0000 0.0000 0.0000 0.0000 0.0000 0.0000 0.0000 0.0000 0.0000 0.0000 0.0000 0.0000 0.0000 0.0000 0.0000 0.0000 0.0000 0.0000 0.0000 0.0000 0.0000 0.0000 0.0000 0.0000 0.0000
345.4961 105.0604 144.0839 -4.1068 10.3334 -63.2921 4.8608 -4.8488 -0.3927 -0.6000 19.5023 -1.8567 -8.1948 -14.7477 -26.6878 0.0000 0.0000 0.0000 7.1408 -10.4862 2.0612 -0.6710 39.4113 1.7430 4.9083 -12.2228 16.1663 0.0000 0.0000 0.0000 -0.1355 0.1807 -4.1350 -0.1355 0.1807 -4.1350 -0.1355 0.1807 -4.1350 9.8654 -6.4372 -5.9408 9.8654 -6.4372 -5.9408 0.0000 0.0000 0.0000 -62.9350 -2.6760 -8.1085 -45.2868 2.8735 -7.7803 12.9933 -3.1945 -27.5180 7.9277 -1.6368 -23.2961 -32.7730 -2.2731 7.7195 -15.9021 -1.5356 10.9616 -15.1158 5.0564 -36.8131 5.7788 -2.3082 -43.5185 -16.2961 1.3538 -9.4346 -9.4988 4.0746 -46.3570 -7.6913 2.1039 -30.5567 12.0995 -1.7255 -16.1739 -7.8052 4.0269 -54.5279 3.6684 -0.9955 -30.3567 6.1871 -0.6698 -12.3451 -1.2025 0.5444 -48.7115 7.3274 -1.3028 -20.1373 -2.0805 0.2653 -14.5348 0.0000 0.0000 0.0000 90.5297 -7.0953 3.8278 25.9044 4.7913 19.2601 41.3472 -10.0883 -26.3310 0.0000 0.0000 0.0000 0.0000 0.0000 0.0000 0.0000 0.0000 0.0000 0.0000 0.0000 0.0000 0.0000 0.0000 0.0000 0.0000 0.0000 0.0000 0.0000 0.0000 0.0000 0.0000 0.0000 0.0000 0.0000 0.0000 0.0000 0.0000 0.0000 0.0000 0.0000 0.0000 0.0000 0.0000 0.0000 0.0000 0.0000 0.0000 0.0000 0.0000 0.0000 0.0000 0.0000 0.0000 0.0000
340.1956 106.8078 152.7665 -5.4447 10.1386 -60.4670 6.4969 -2.9302 -0.1206 1.0433 20.0350 -2.3463 -8.9015 -17.7590 -28.9700 0.0000 0.0000 0.0000 7.6066 -12.8493 2.5632 -2.3629 36.3528 2.3067 2.2314 -14.9091 11.6723 0.0000 0.0000 0.0000 -0.0777 0.4091 -4.9665 -0.0777 0.4091 -4.9665 -0.0777 0.4091 -4.9665 9.7609 -5.9951 -6.3626 9.7609 -5.9951 -6.3626 0.0000 0.0000 0.0000 -64.6419 -0.0877 -13.3369 -45.3842 3.0100 -8.0894 14.4512 -3.1228 -24.2679 12.4065 -2.0751 -18.9196 -17.7417 -0.2244 1.4379 -21.3562 -0.7028 3.7259 -10.6157 2.4980 -26.4134 10.9440 -5.7136 -55.0322 -19.2745 -2.3875 13.9923 -4.5687 1.3501 -32.9106 -6.3786 2.0747 -36.0032 9.1564 -1.5904 -19.6674 -4.3799 1.8066 -44.8135 -5.6231 1.9096 -37.4908 23.9675 -1.2299 -5.7894 -9.6188 3.8890 -43.9498 6.4825 -1.4942 -25.9346 -4.2626 0.4927 -13.1806 0.0000 0.0000 0.0000 90.7966 -8.2526 2.4272 26.7259 5.5244 21.4951 37.9853 -9.1705 -26.2332 0.0000 0.0000 0.0000 0.0000 0.0000 0.0000 0.0000 0.0000 0.0000 0.0000 0.0000 0.0000 0.0000 0.0000 0.0000 0.0000 0.0000 0.0000 0.0000 0.0000 0.0000 0.0000 0.0000 0.0000 0.0000 0.0000 0.0000 0.0000 0.0000 0.0000 0.0000 0.0000 0.0000 0.0000 0.0000 0.0000 0.0000 0.0000 0.0000 0.0000 0.0000 0.0000 0.0000 0.0000 0.0000
335.8161 107.8380 157.6338 -7.0884 10.8540 -57.2218 8.4692 0.4393 0.2081 1.2186 17.6345 -2.1190 -9.9349 -19.0099 -31.3283 0.0000 0.0000 0.0000 8.5431 -15.5067 3.2190 -6.6054 32.9445 3.7345 -1.9964 -15.9924 4.0266 0.0000 0.0000 0.0000 0.1669 0.6926 -6.0090 0.1669 0.6926 -6.0090 0.1669 0.6926 -6.0090 9.8437 -5.7245 -6.7750 9.8437 -5.7245 -6.7750 0.0000 0.0000 0.0000 -65.9394 2.2907 -17.8406 -45.1282 3.4701 -9.2376 15.3053 -3.0865 -22.6757 18.5373 -4.1161 -24.8366 -30.8420 -1.9554 7.0806 -13.9296 1.2258 -10.0091 0.4821 -0.1410 -32.5962 1.2319 -0.4076 -36.6190 -16.7668 3.1305 -21.0093 -1.7722 0.6849 -42.2560 1.4428 -0.4466 -34.3994 3.2123 -0.4411 -15.6342 0.5223 -0.2159 -44.9135 -4.6499 1.4080 -33.6768 14.9406 -1.8721 -14.2050 -1.7894 0.6613 -40.5627 6.7329 -1.3798 -23.1380 10.0656 -1.3009 -14.6911 0.0000 0.0000 0.0000 90.7357 -9.1851 1.2606 27.1355 6.1339 23.4647 37.7288 -9.2804 -26.7250 0.0000 0.0000 0.0000 0.0000 0.0000 0.0000 0.0000 0.0000 0.0000 0.0000 0.0000 0.0000 0.0000 0.0000 0.0000 0.0000 0.0000 0.0000 0.0000 0.0000 0.0000 0.0000 0.0000 0.0000 0.0000 0.0000 0.0000 0.0000 0.0000 0.0000 0.0000 0.0000 0.0000 0.0000 0.0000 0.0000 0.0000 0.0000 0.0000 0.0000 0.0000 0.0000 0.0000 0.0000 0.0000
332.3451 108.4607 160.3372 -8.1751 10.7831 -56.6694 10.0393 2.5428 0.3538 3.4714 15.6781 -2.4122 -9.7711 -21.2693 -31.4873 0.0000 0.0000 0.0000 8.3433 -18.0006 3.6837 -9.3139 27.4139 4.1179 -1.7070 -13.9005 3.6894 0.0000 0.0000 0.0000 0.0735 1.0527 -6.3384 0.0735 1.0527 -6.3384 0.0735 1.0527 -6.3384 9.5478 -5.1566 -6.9024 9.5478 -5.1566 -6.9024 0.0000 0.0000 0.0000 -66.3038 3.9792 -20.9913 -45.3559 4.7867 -12.3227 15.9704 -3.0607 -21.5660 24.2864 -4.5076 -20.7307 -47.5019 -4.8597 11.0166 -11.3905 0.2605 -2.6115 -1.9268 0.5152 -29.9387 20.0245 -9.9370 -52.4328 -19.3452 2.6209 -15.2886 7.2585 -3.0557 -45.6159 0.9637 -0.3634 -41.3241 21.1245 -3.3460 -17.8048 4.7278 -2.5796 -57.2165 8.8169 -2.6883 -33.8562 18.2414 -2.7710 -17.1347 5.5895 -2.9967 -56.3663 11.0373 -1.7027 -17.4870 -2.9330 1.0810 -40.4587 0.0000 0.0000 0.0000 91.3429 -9.2753 1.2553 27.1626 7.1677 27.2651 38.9091 -8.5700 -23.9525 0.0000 0.0000 0.0000 0.0000 0.0000 0.0000 0.0000 0.0000 0.0000 0.0000 0.0000 0.0000 0.0000 0.0000 0.0000 0.0000 0.0000 0.0000 0.0000 0.0000 0.0000 0.0000 0.0000 0.0000 0.0000 0.0000 0.0000 0.0000 0.0000 0.0000 0.0000 0.0000 0.0000 0.0000 0.0000 0.0000 0.0000 0.0000 0.0000 0.0000 0.0000 0.0000 0.0000 0.0000 0.0000
329.2454 108.6711 161.8675 -9.1707 11.2867 -52.9287 12.3168 3.5323 0.3867 3.8044 16.3204 -2.5763 -10.8712 -23.4312 -33.9843 0.0000 0.0000 0.0000 7.7516 -20.0085 3.9675 -11.4649 22.6378 4.1910 -1.3844 -10.7338 2.8929 0.0000 0.0000 0.0000 0.3497 1.2997 -7.4322 0.3497 1.2997 -7.4322 0.3497 1.2997 -7.4322 9.5077 -5.1979 -7.5969 9.5077 -5.1979 -7.5969 0.0000 0.0000 0.0000 -66.6417 6.4615 -25.5718 -43.8622 5.8150 -15.2777 16.9678 -3.2144 -21.3061 10.0844 -3.3288 -36.4567 -36.3831 -11.8582 35.0760 8.9845 -1.8259 -22.9317 6.9861 -2.7598 -43.0711 1.6016 -1.0197 -64.9661 -15.4804 1.2221 -8.9734 -0.8048 0.4401 -57.3397 -0.8495 0.3444 -44.1356 7.4132 -1.5940 -24.2393 2.6697 -2.0180 -74.1664 -9.6980 3.5911 -40.5614 15.0132 -1.1064 -8.3821 -21.6651 13.1059 -61.9550 5.0185 -1.6928 -37.2601 -2.8050 0.6120 -24.6106 0.0000 0.0000 0.0000 90.5325 -8.2841 2.3472 25.3537 8.2503 33.2591 43.9883 -6.1181 -15.0742 0.0000 0.0000 0.0000 0.0000 0.0000 0.0000 0.0000 0.0000 0.0000 0.0000 0.0000 0.0000 0.0000 0.0000 0.0000 0.0000 0.0000 0.0000 0.0000 0.0000 0.0000 0.0000 0.0000 0.0000 0.0000 0.0000 0.0000 0.0000 0.0000 0.0000 0.0000 0.0000 0.0000 0.0000 0.0000 0.0000 0.0000 0.0000 0.0000 0.0000 0.0000 0.0000 0.0000 0.0000 0.0000
326.2200 108.5752 162.7568 -9.1621 12.0428 -50.9190 13.7529 4.5905 0.3977 4.0717 16.3478 -2.6430 -11.1019 -25.1310 -34.6884 0.0000 0.0000 0.0000 6.2438 -21.3126 3.9050 -11.9836 17.4738 3.6202 -0.5354 -9.2597 3.9146 0.0000 0.0000 0.0000 0.4135 1.4617 -8.3724 0.4135 1.4617 -8.3724 0.4135 1.4617 -8.3724 9.6192 -5.8515 -6.9746 9.6192 -5.8515 -6.9746 0.0000 0.0000 0.0000 -66.2412 7.4830 -27.6099 -41.4336 6.9590 -19.1651 18.6481 -3.8445 -23.1057 18.6132 -4.3598 -26.1534 -42.7789 -8.3429 21.0963 -2.0619 0.0771 -4.2821 12.2217 -5.9277 -51.6173 -0.2441 0.1107 -48.7930 -5.7840 1.9587 -37.3893 1.8111 -1.0649 -60.9077 3.7431 -1.4973 -43.5921 3.0044 -0.6322 -23.7598 5.6343 -3.5092 -63.8071 -1.1025 0.4295 -42.5642 11.7828 -1.6848 -16.2194 -6.4861 3.7945 -60.6213 4.7951 -1.2357 -28.8861 8.9124 -0.8406 -10.7550 0.0000 0.0000 0.0000 91.1674 -9.0827 1.4617 27.5988 9.0679 33.6407 48.4352 -6.3823 -14.1321 0.0000 0.0000 0.0000 0.0000 0.0000 0.0000 0.0000 0.0000 0.0000 0.0000 0.0000 0.0000 0.0000 0.0000 0.0000 0.0000 0.0000 0.0000 0.0000 0.0000 0.0000 0.0000 0.0000 0.0000 0.0000 0.0000 0.0000 0.0000 0.0000 0.0000 0.0000 0.0000 0.0000 0.0000 0.0000 0.0000 0.0000 0.0000 0.0000 0.0000 0.0000 0.0000 0.0000 0.0000 0.0000
323.1657 108.2700 163.2886 -8.5461 12.1857 -49.3800 15.0013 5.3804 0.3840 5.2121 15.8052 -2.8315 -11.4655 -25.2430 -35.3742 0.0000 0.0000 0.0000 5.4825 -23.0909 4.0571 -12.6640 15.2445 3.4667 -0.2521 -8.1516 3.9719 0.0000 0.0000 0.0000 0.2473 1.5294 -9.2977 0.2473 1.5294 -9.2977 0.2473 1.5294 -9.2977 9.7376 -6.3510 -6.4458 9.7376 -6.3510 -6.4458 0.0000 0.0000 0.0000 -66.0027 8.0230 -28.7075 -39.8537 7.6899 -21.9042 19.3373 -4.1409 -23.9604 17.0089 -2.8666 -18.9986 -43.0417 -6.5302 16.4640 -6.6072 0.5401 -9.3353 -7.7274 3.6224 -50.1801 7.6706 -3.0374 -43.1555 -25.4448 4.8964 -21.4470 -5.9635 3.0666 -54.3961 -2.9222 1.2533 -46.4212 8.1315 -1.8964 -26.2146 0.3921 -0.2708 -69.2723 0.3040 -0.0962 -35.1140 6.9031 -1.0690 -17.5858 -5.3060 2.7256 -54.3525 12.8819 -3.5304 -30.5380 -1.6188 0.4060 -28.1614 0.0000 0.0000 0.0000 91.5345 -12.0715 -2.1316 32.3466 8.5911 27.4874 47.6840 -11.6681 -26.0368 0.0000 0.0000 0.0000 0.0000 0.0000 0.0000 0.0000 0.0000 0.0000 0.0000 0.0000 0.0000 0.0000 0.0000 0.0000 0.0000 0.0000 0.0000 0.0000 0.0000 0.0000 0.0000 0.0000 0.0000 0.0000 0.0000 0.0000 0.0000 0.0000 0.0000 0.0000 0.0000 0.0000 0.0000 0.0000 0.0000 0.0000 0.0000 0.0000 0.0000 0.0000 0.0000 0.0000 0.0000 0.0000
320.0612 107.9771 163.6158 -7.8690 12.1554 -48.2633 15.7459 5.6807 0.3664 7.4282 17.1274 -3.5688 -10.3959 -25.0392 -33.3751 0.0000 0.0000 0.0000 4.9453 -23.4354 3.9947 -13.0392 13.8566 3.3475 -0.1672 -7.0353 3.6040 0.0000 0.0000 0.0000 0.1545 1.4289 -9.7390 0.1545 1.4289 -9.7390 0.1545 1.4289 -9.7390 9.6942 -6.8971 -6.5398 9.6942 -6.8971 -6.5398 0.0000 0.0000 0.0000 -65.7423 8.2849 -29.2974 -38.7508 8.0905 -23.6395 19.7090 -4.2276 -23.9912 17.5836 -3.3124 -21.1783 -39.2159 -7.5438 20.9696 -14.5896 2.0782 -16.1290 -5.6490 2.3767 -45.6088 4.3212 -1.7216 -43.4292 -20.5218 4.0457 -22.0804 -7.8666 3.7232 -50.6017 -1.7553 0.7477 -46.1446 5.6141 -1.1427 -22.9933 -3.4116 2.1927 -65.4496 1.3660 -0.4309 -35.0113 3.8476 -0.5003 -14.8113 -6.9081 3.1678 -49.2281 10.4074 -3.2180 -34.2830 2.2239 -0.4037 -20.5727 0.0000 0.0000 0.0000 91.6948 -13.0989 -3.3464 33.3381 8.2724 25.7330 45.1845 -12.3930 -29.2482 0.0000 0.0000 0.0000 0.0000 0.0000 0.0000 0.0000 0.0000 0.0000 0.0000 0.0000 0.0000 0.0000 0.0000 0.0000 0.0000 0.0000 0.0000 0.0000 0.0000 0.0000 0.0000 0.0000 0.0000 0.0000 0.0000 0.0000 0.0000 0.0000 0.0000 0.0000 0.0000 0.0000 0.0000 0.0000 0.0000 0.0000 0.0000 0.0000 0.0000 0.0000 0.0000 0.0000 0.0000 0.0000
316.5618 107.7470 163.8227 -7.5765 11.0820 -46.2721 16.7438 6.5089 0.3359 8.8802 18.6492 -4.2007 -11.3041 -23.1954 -34.7603 0.0000 0.0000 0.0000 4.7256 -23.1055 3.8887 -12.7220 15.4356 3.5082 -0.0069 -6.1239 3.4864 0.0000 0.0000 0.0000 -0.1082 1.4282 -10.2828 -0.1082 1.4282 -10.2828 -0.1082 1.4282 -10.2828 9.3094 -6.7216 -6.8117 9.3094 -6.7216 -6.8117 0.0000 0.0000 0.0000 -65.9848 8.0593 -28.7824 -38.7578 8.1899 -23.9080 19.4596 -4.0503 -23.3042 15.3014 -4.4577 -32.3166 -40.4491 -12.4268 32.9261 2.8118 -0.4515 -18.2420 3.8252 -1.4005 -40.2059 6.9031 -3.8753 -58.5773 -15.2101 3.2654 -24.1013 5.8905 -2.8776 -52.0424 -3.5495 1.5898 -48.2429 9.6240 -2.0339 -23.8144 13.6280 -8.7829 -65.4570 -5.6115 2.2155 -43.0624 14.2654 -1.0591 -8.4485 -1.7208 0.8508 -52.6131 4.5803 -1.7816 -42.4921 1.9004 -0.3061 -18.2979 0.0000 0.0000 0.0000 90.8352 -14.9847 -5.8979 33.7479 7.6768 23.6444 41.5423 -12.9122 -33.2246 0.0000 0.0000 0.0000 0.0000 0.0000 0.0000 0.0000 0.0000 0.0000 0.0000 0.0000 0.0000 0.0000 0.0000 0.0000 0.0000 0.0000 0.0000 0.0000 0.0000 0.0000 0.0000 0.0000 0.0000 0.0000 0.0000 0.0000 0.0000 0.0000 0.0000 0.0000 0.0000 0.0000 0.0000 0.0000 0.0000 0.0000 0.0000 0.0000 0.0000 0.0000 0.0000 0.0000 0.0000 0.0000
312.9093 107.4287 163.0819 -7.2606 9.9398 -46.0990 17.1356 6.8454 0.3198 10.5135 22.6521 -5.4115 -12.0060 -22.6894 -36.0125 0.0000 0.0000 0.0000 5.1175 -21.9407 3.7768 -12.1151 16.6093 3.5314 0.3233 -4.6900 3.4600 0.0000 0.0000 0.0000 -0.4587 1.4296 -10.1249 -0.4587 1.4296 -10.1249 -0.4587 1.4296 -10.1249 9.0594 -6.7471 -6.7362 9.0594 -6.7471 -6.7362 0.0000 0.0000 0.0000 -66.2363 7.7467 -28.1057 -39.4303 7.9200 -22.7659 19.5052 -4.0685 -23.3520 18.1609 -3.5065 -21.6843 -38.2719 -2.8393 8.1705 -18.1060 -0.4576 2.8714 -5.5801 2.1860 -42.7592 7.3191 -2.5816 -38.8155 -22.7125 4.4456 -21.8765 -3.6242 1.7172 -50.6923 2.5844 -0.8400 -36.0043 6.6575 -1.1381 -19.3812 0.9130 -0.4917 -56.6101 5.0122 -1.4836 -32.9590 5.3508 -0.5548 -11.8303 -1.2745 0.5735 -48.4562 11.7764 -2.6931 -25.6792 2.9708 -0.4239 -16.2379 0.0000 0.0000 0.0000 91.6689 -14.0537 -4.5167 33.2838 8.1727 25.4727 41.9283 -11.2731 -28.8896 0.0000 0.0000 0.0000 0.0000 0.0000 0.0000 0.0000 0.0000 0.0000 0.0000 0.0000 0.0000 0.0000 0.0000 0.0000 0.0000 0.0000 0.0000 0.0000 0.0000 0.0000 0.0000 0.0000 0.0000 0.0000 0.0000 0.0000 0.0000 0.0000 0.0000 0.0000 0.0000 0.0000 0.0000 0.0000 0.0000 0.0000 0.0000 0.0000 0.0000 0.0000 0.0000 0.0000 0.0000 0.0000
309.7771 106.9857 159.5830 -7.5285 9.1867 -46.4336 18.0426 6.6053 0.2875 13.0876 27.2500 -7.1937 -12.0842 -21.2090 -35.9457 0.0000 0.0000 0.0000 8.2823 -20.3115 4.1337 -12.9170 17.2709 3.8255 1.0621 -2.2505 3.7990 0.0000 0.0000 0.0000 -0.5965 1.3199 -9.6878 -0.5965 1.3199 -9.6878 -0.5965 1.3199 -9.6878 8.6796 -6.7629 -7.4705 8.6796 -6.7629 -7.4705 0.0000 0.0000 0.0000 -66.5771 6.2638 -25.2215 -41.3533 7.4390 -20.4458 18.3031 -3.8250 -23.4206 12.1980 -3.1136 -28.5416 -33.9486 -8.3827 27.0007 -3.6186 0.2394 -7.5671 0.9410 -0.4047 -46.5457 -6.0521 3.4673 -59.5868 -11.7240 1.3055 -12.6645 2.5728 -1.2842 -53.0472 -3.4377 1.5150 -47.5551 -2.1612 0.5005 -26.0751 5.4756 -3.4779 -64.8201 -6.4535 2.6829 -45.1125 6.3900 -0.9237 -16.4336 -3.3270 1.7420 -55.2645 2.3407 -0.8440 -39.6521 -5.4282 1.0603 -22.0888 0.0000 0.0000 0.0000 91.4865 -12.5065 -2.6750 31.2204 8.7126 28.8293 41.7256 -9.0652 -23.5005 0.0000 0.0000 0.0000 0.0000 0.0000 0.0000 0.0000 0.0000 0.0000 0.0000 0.0000 0.0000 0.0000 0.0000 0.0000 0.0000 0.0000 0.0000 0.0000 0.0000 0.0000 0.0000 0.0000 0.0000 0.0000 0.0000 0.0000 0.0000 0.0000 0.0000 0.0000 0.0000 0.0000 0.0000 0.0000 0.0000 0.0000 0.0000 0.0000 0.0000 0.0000 0.0000 0.0000 0.0000 0.0000
306.0426 106.7692 157.1255 -7.0644 8.4481 -48.4347 16.8368 5.9052 0.3342 16.1176 32.0758 -9.4426 -11.1805 -21.3746 -34.2238 0.0000 0.0000 0.0000 10.1352 -15.6451 3.5009 -14.4860 12.6277 3.4692 1.9997 -0.8672 5.2136 0.0000 0.0000 0.0000 -0.8227 0.9806 -8.9225 -0.8227 0.9806 -8.9225 -0.8227 0.9806 -8.9225 8.7554 -6.6851 -7.4922 8.7554 -6.6851 -7.4922 0.0000 0.0000 0.0000 -66.0214 3.9070 -20.9117 -42.3102 6.7835 -18.3136 16.2996 -3.5218 -24.2324 13.7526 -2.9514 -24.1168 -30.7829 -5.4117 19.4833 -20.8312 1.6345 -8.8751 -11.5036 5.1105 -47.7914 -6.9352 2.8748 -44.9885 -9.7422 1.6837 -19.5661 -8.5414 3.8931 -48.9425 -5.3644 2.7813 -54.7852 -3.1157 0.4056 -14.8324 -2.8459 1.6426 -59.9782 -4.8795 1.8987 -42.5041 5.6783 -1.0157 -20.2680 -1.6344 0.7246 -47.8183 -0.7287 0.2285 -34.8116 -4.8560 1.1974 -27.6876 0.0000 0.0000 0.0000 91.0162 -12.3536 -2.6011 28.3715 7.8263 28.4808 37.3273 -8.0963 -23.6672 0.0000 0.0000 0.0000 0.0000 0.0000 0.0000 0.0000 0.0000 0.0000 0.0000 0.0000 0.0000 0.0000 0.0000 0.0000 0.0000 0.0000 0.0000 0.0000 0.0000 0.0000 0.0000 0.0000 0.0000 0.0000 0.0000 0.0000 0.0000 0.0000 0.0000 0.0000 0.0000 0.0000 0.0000 0.0000 0.0000 0.0000 0.0000 0.0000 0.0000 0.0000 0.0000 0.0000 0.0000 0.0000
301.9907 106.7066 155.1029 -7.3688 8.0988 -52.3239 16.4498 5.6072 0.3459 17.1006 37.1574 -11.1667 -11.3308 -18.6684 -34.0425 0.0000 0.0000 0.0000 10.4576 -10.8840 2.5192 -14.1226 9.8867 2.9587 2.8122 -0.3123 6.8446 0.0000 0.0000 0.0000 -0.9449 0.8532 -7.4346 -0.9449 0.8532 -7.4346 -0.9449 0.8532 -7.4346 8.5479 -6.1162 -7.3248 8.5479 -6.1162 -7.3248 0.0000 0.0000 0.0000 -64.4056 1.1202 -15.7410 -44.5177 6.1303 -15.8061 13.6106 -2.9660 -24.4801 10.7375 -2.7788 -28.9432 -29.3631 -5.6670 21.3952 -8.9525 0.1032 -1.3178 -9.0365 3.1853 -38.7696 1.2960 -0.5891 -48.8845 -17.8911 1.6638 -10.5409 -5.7351 2.3294 -44.1824 -3.1751 1.1148 -38.6838 2.7640 -0.5102 -20.9125 -5.9984 3.1120 -54.8104 -2.9405 0.9223 -34.8225 6.5403 -0.7657 -13.3415 -11.6647 4.8805 -45.2920 5.2098 -1.4231 -30.5386 -7.6159 0.9920 -14.8217 0.0000 0.0000 0.0000 90.5839 -12.0430 -2.3202 27.5015 6.9697 26.2278 35.1057 -8.8056 -27.3610 0.0000 0.0000 0.0000 0.0000 0.0000 0.0000 0.0000 0.0000 0.0000 0.0000 0.0000 0.0000 0.0000 0.0000 0.0000 0.0000 0.0000 0.0000 0.0000 0.0000 0.0000 0.0000 0.0000 0.0000 0.0000 0.0000 0.0000 0.0000 0.0000 0.0000 0.0000 0.0000 0.0000 0.0000 0.0000 0.0000 0.0000 0.0000 0.0000 0.0000 0.0000 0.0000 0.0000 0.0000 0.0000
297.6558 106.8338 153.5398 -7.8690 8.9226 -55.4287 16.6018 5.1951 0.3419 16.0037 40.9649 -11.6705 -10.7843 -19.1222 -33.0377 0.0000 0.0000 0.0000 9.3247 -4.2060 1.0171 -12.7671 5.0978 2.0039 3.1355 -0.5120 7.7234 0.0000 0.0000 0.0000 -0.5856 0.5823 -6.3801 -0.5856 0.5823 -6.3801 -0.5856 0.5823 -6.3801 8.4273 -5.9519 -7.6679 8.4273 -5.9519 -7.6679 0.0000 0.0000 0.0000 -62.1205 -1.2772 -10.9679 -46.5819 4.4131 -11.1282 12.6571 -2.7661 -24.5625 11.4950 -2.1054 -20.6918 -19.6011 -0.8996 5.2044 -24.6936 0.3608 -1.6481 -8.3243 1.5559 -21.1393 11.0487 -4.7142 -46.1080 -18.6636 -2.2320 13.5213 -12.5826 2.9231 -26.0612 2.7658 -1.0057 -39.9589 8.0291 -0.4529 -6.4463 -12.0850 5.0685 -45.3818 -3.5095 0.7688 -24.7052 23.3682 -2.3452 -11.3050 -15.4204 5.5923 -39.6738 7.5448 -1.1676 -17.5695 3.9715 -0.6648 -18.9974 0.0000 0.0000 0.0000 89.0842 -12.9510 -3.8402 26.2259 6.1877 24.4426 31.3471 -9.4608 -32.8627 0.0000 0.0000 0.0000 0.0000 0.0000 0.0000 0.0000 0.0000 0.0000 0.0000 0.0000 0.0000 0.0000 0.0000 0.0000 0.0000 0.0000 0.0000 0.0000 0.0000 0.0000 0.0000 0.0000 0.0000 0.0000 0.0000 0.0000 0.0000 0.0000 0.0000 0.0000 0.0000 0.0000 0.0000 0.0000 0.0000 0.0000 0.0000 0.0000 0.0000 0.0000 0.0000 0.0000 0.0000 0.0000
293.2854 107.0564 152.3745 -8.9011 8.6923 -57.6696 16.2029 3.7363 0.3477 16.6666 48.0342 -13.8961 -12.0978 -18.7278 -35.5895 0.0000 0.0000 0.0000 11.1999 -1.0616 0.4235 -13.0029 4.4131 1.9359 3.3139 0.0533 7.8611 0.0000 0.0000 0.0000 -0.3650 0.5660 -5.8880 -0.3650 0.5660 -5.8880 -0.3650 0.5660 -5.8880 7.9370 -6.1866 -8.2928 7.9370 -6.1866 -8.2928 0.0000 0.0000 0.0000 -59.2367 -3.7753 -5.3746 -46.6901 2.7037 -7.1580 13.5469 -2.8757 -23.8658 12.6865 -1.2414 -11.1323 -31.4314 -3.3108 11.7283 -29.7463 0.0157 -0.0592 -3.6555 0.4299 -13.4096 -1.0069 0.3439 -37.7175 -28.1055 -4.2524 16.8736 -11.1707 1.5514 -15.7653 -9.9341 2.4955 -28.1388 13.8344 -1.0074 -8.2895 -15.5656 3.6684 -26.3735 -3.5098 0.5915 -19.1277 10.1157 -1.8513 -20.6910 -20.0664 6.1988 -34.0334 5.4403 -0.2467 -5.1898 3.7338 0.2463 7.5458 0.0000 0.0000 0.0000 85.5795 -11.0928 -2.2862 29.4413 10.9155 37.7364 95.2242 -13.3260 -12.1723 0.0000 0.0000 0.0000 0.0000 0.0000 0.0000 0.0000 0.0000 0.0000 0.0000 0.0000 0.0000 0.0000 0.0000 0.0000 0.0000 0.0000 0.0000 0.0000 0.0000 0.0000 0.0000 0.0000 0.0000 0.0000 0.0000 0.0000 0.0000 0.0000 0.0000 0.0000 0.0000 0.0000 0.0000 0.0000 0.0000 0.0000 0.0000 0.0000 0.0000 0.0000 0.0000 0.0000 0.0000 0.0000
288.7438 107.6320 151.5228 -10.1522 8.9347 -59.6893 14.6864 1.8820 0.3361 18.8896 54.3908 -17.0214 -12.6093 -19.5817 -36.7389 0.0000 0.0000 0.0000 14.1830 4.1687 -0.8013 -13.5970 1.4327 1.5574 3.4032 -0.5769 8.3980 0.0000 0.0000 0.0000 -0.2379 0.5176 -5.6038 -0.2379 0.5176 -5.6038 -0.2379 0.5176 -5.6038 7.7588 -6.5354 -8.7259 7.7588 -6.5354 -8.7259 0.0000 0.0000 0.0000 -54.9254 -5.5672 -0.3013 -46.3206 0.1456 -1.2392 15.8761 -2.9555 -20.9633 11.3778 -2.8901 -28.4205 -40.8688 -3.9961 10.6986 -11.8315 -1.0229 9.8482 -9.5134 3.6095 -41.4796 3.7649 -1.8435 -52.1649 -20.5817 1.9526 -10.7237 -2.6439 1.1660 -47.5910 -8.5910 3.1033 -39.6627 16.3484 -2.3659 -16.3610 -2.1782 1.1994 -57.6731 -6.6399 1.5356 -26.0168 13.9797 -2.0205 -16.3694 -5.5118 2.5005 -48.7785 4.1322 -0.5295 -14.5978 -1.6473 0.2931 -20.1774 0.0000 0.0000 0.0000 78.5659 -9.9049 -2.3064 6.7611 5.5029 65.4230 9.7117 22.8143 134.3323 0.0000 0.0000 0.0000 0.0000 0.0000 0.0000 0.0000 0.0000 0.0000 0.0000 0.0000 0.0000 0.0000 0.0000 0.0000 0.0000 0.0000 0.0000 0.0000 0.0000 0.0000 0.0000 0.0000 0.0000 0.0000 0.0000 0.0000 0.0000 0.0000 0.0000 0.0000 0.0000 0.0000 0.0000 0.0000 0.0000 0.0000 0.0000 0.0000 0.0000 0.0000 0.0000 0.0000 0.0000 0.0000
285.0008 108.2402 150.9063 -9.5186 9.6684 -62.2535 11.7664 -2.6933 0.1338 14.0330 58.3888 -15.1496 -11.5049 -18.1558 -34.2998 0.0000 0.0000 0.0000 13.1562 7.8645 -1.6698 -12.4725 -1.8721 0.9510 4.7589 0.9272 10.9728 0.0000 0.0000 0.0000 0.0660 0.3268 -4.7349 0.0660 0.3268 -4.7349 0.0660 0.3268 -4.7349 7.9627 -6.7731 -8.1206 7.9627 -6.7731 -8.1206 0.0000 0.0000 0.0000 -52.0314 -6.0647 1.8653 -43.9886 -1.4089 2.5886 17.8241 -3.3362 -21.0418 23.6657 -4.6766 -22.0578 -26.9953 -1.1544 4.8068 -16.5958 0.5279 -3.6185 -12.0508 2.7688 -25.7922 0.3643 -0.1551 -46.1214 -21.8087 -0.1060 0.5504 -9.5405 2.5912 -30.3284 -1.1357 0.3204 -31.5069 1.6701 -0.2744 -18.6594 -6.9947 2.3693 -37.3867 -2.7313 0.6612 -27.2135 8.1122 -1.4727 -20.5461 -11.3097 3.0449 -30.0503 10.0009 -1.3879 -15.7628 -2.4108 0.4113 -19.3609 0.0000 0.0000 0.0000 80.9433 -9.7453 -1.4839 20.6353 8.2006 39.7501 -51.2910 183.9868 178.0854 0.0000 0.0000 0.0000 0.0000 0.0000 0.0000 0.0000 0.0000 0.0000 0.0000 0.0000 0.0000 0.0000 0.0000 0.0000 0.0000 0.0000 0.0000 0.0000 0.0000 0.0000 0.0000 0.0000 0.0000 0.0000 0.0000 0.0000 0.0000 0.0000 0.0000 0.0000 0.0000 0.0000 0.0000 0.0000 0.0000 0.0000 0.0000 0.0000 0.0000 0.0000 0.0000 0.0000 0.0000 0.0000
281.6066 108.8062 150.6342 -9.8877 10.3282 -64.1529 9.9067 -9.3923 -0.3358 9.2153 63.8552 -13.3059 -11.0219 -12.2896 -32.0781 0.0000 0.0000 0.0000 15.1996 10.8461 -2.5624 -15.8780 -3.2943 0.9832 5.3919 4.4246 10.8484 0.0000 0.0000 0.0000 0.3540 0.3546 -3.6985 0.3540 0.3546 -3.6985 0.3540 0.3546 -3.6985 8.7262 -6.6229 -7.6860 8.7262 -6.6229 -7.6860 0.0000 0.0000 0.0000 -49.4504 -5.9292 2.4365 -41.1917 -2.8020 6.5486 18.0036 -3.1869 -19.9192 18.0140 -3.9460 -24.5226 -28.2612 -0.4098 1.6279 -25.0643 -0.4501 2.0246 -8.9934 2.0866 -26.0753 -1.1128 0.4267 -41.9576 -20.5947 -0.7810 4.2969 -8.1900 1.9843 -27.1967 -6.4759 1.7383 -30.0227 2.5083 -0.3789 -17.1776 -5.4869 1.8201 -36.6800 -10.3950 2.3055 -24.9468 9.8500 -1.3261 -15.2982 -8.5467 2.1577 -28.2909 2.6248 -0.3724 -16.1458 -7.0547 1.1523 -18.5306 0.0000 0.0000 0.0000 81.8645 -8.8593 0.0188 21.7825 7.0474 32.8737 -84.0047 195.1520 166.3409 0.0000 0.0000 0.0000 0.0000 0.0000 0.0000 0.0000 0.0000 0.0000 0.0000 0.0000 0.0000 0.0000 0.0000 0.0000 0.0000 0.0000 0.0000 0.0000 0.0000 0.0000 0.0000 0.0000 0.0000 0.0000 0.0000 0.0000 0.0000 0.0000 0.0000 0.0000 0.0000 0.0000 0.0000 0.0000 0.0000 0.0000 0.0000 0.0000 0.0000 0.0000 0.0000 0.0000 0.0000 0.0000
278.1998 109.5041 151.2292 -8.9480 11.6948 -65.0958 8.7643 -14.6364 -0.8113 -0.2867 62.4916 -6.6414 -10.4932 -7.3111 -29.5416 0.0000 0.0000 0.0000 13.4958 11.6351 -2.6139 -14.4737 -2.3492 1.0389 4.8537 3.7532 9.7832 0.0000 0.0000 0.0000 0.6020 0.2070 -2.8612 0.6020 0.2070 -2.8612 0.6020 0.2070 -2.8612 9.2265 -7.4494 -7.5454 9.2265 -7.4494 -7.5454 0.0000 0.0000 0.0000 -48.1873 -5.9948 3.1278 -36.8763 -3.5593 9.7498 19.1328 -3.2957 -19.3736 11.6700 -2.9405 -28.1973 -26.5201 -2.2462 9.5112 -26.8186 -0.1391 0.5833 -8.9679 2.6430 -32.7849 -4.5547 1.6767 -40.4040 -12.9770 1.6514 -14.4440 -5.2416 1.5053 -32.0270 -3.1732 1.4022 -47.6710 -6.9160 0.6771 -11.1699 -5.0421 1.9519 -42.3034 -3.5940 1.2528 -38.4262 -4.6521 0.4228 -10.3805 -5.2246 1.6650 -35.3317 2.5135 -0.5679 -25.4580 -14.2103 1.3318 -10.6543 0.0000 0.0000 0.0000 82.2699 -5.9521 4.3056 19.5921 5.6047 29.0611 -103.0875 189.7611 167.7267 0.0000 0.0000 0.0000 0.0000 0.0000 0.0000 0.0000 0.0000 0.0000 0.0000 0.0000 0.0000 0.0000 0.0000 0.0000 0.0000 0.0000 0.0000 0.0000 0.0000 0.0000 0.0000 0.0000 0.0000 0.0000 0.0000 0.0000 0.0000 0.0000 0.0000 0.0000 0.0000 0.0000 0.0000 0.0000 0.0000 0.0000 0.0000 0.0000 0.0000 0.0000 0.0000 0.0000 0.0000 0.0000
273.4798 110.5385 156.0227 -8.8287 11.7574 -67.1739 7.5578 -17.7675 -1.2404 -4.5466 58.0410 -3.4696 -9.0557 -8.0565 -26.4129 0.0000 0.0000 0.0000 15.5721 13.7444 -3.3650 -14.5586 -4.6761 0.6619 5.6937 1.3092 13.1400 0.0000 0.0000 0.0000 0.4609 0.1465 -1.7621 0.4609 0.1465 -1.7621 0.4609 0.1465 -1.7621 9.7325 -7.4648 -7.4123 9.7325 -7.4648 -7.4123 0.0000 0.0000 0.0000 -44.7405 -6.2294 5.4470 -34.4505 -3.9110 11.6701 18.4474 -3.1939 -19.4831 12.1361 -2.8982 -26.7710 -36.3859 -5.2594 15.9114 -16.0170 -0.2368 1.6833 -8.1336 1.6838 -23.3558 -5.4265 2.8099 -54.7250 -10.1825 1.0185 -11.3941 -2.6116 0.7321 -31.3149 -2.7054 1.1998 -47.8267 -2.1302 0.3141 -16.7761 -1.4892 0.5206 -38.5336 -7.4668 3.4147 -49.1020 3.4844 -0.3246 -10.6418 -14.4067 4.4598 -34.2470 6.0177 -1.6312 -30.3088 -20.6588 4.1969 -22.7343 0.0000 0.0000 0.0000 83.0402 -3.5817 7.7849 17.1891 4.8291 28.3055 -113.8391 183.6889 174.3397 0.0000 0.0000 0.0000 0.0000 0.0000 0.0000 0.0000 0.0000 0.0000 0.0000 0.0000 0.0000 0.0000 0.0000 0.0000 0.0000 0.0000 0.0000 0.0000 0.0000 0.0000 0.0000 0.0000 0.0000 0.0000 0.0000 0.0000 0.0000 0.0000 0.0000 0.0000 0.0000 0.0000 0.0000 0.0000 0.0000 0.0000 0.0000 0.0000 0.0000 0.0000 0.0000 0.0000 0.0000 0.0000
268.9962 111.3772 159.9047 -9.4638 11.6214 -69.7261 6.6380 -19.6573 -1.5703 -4.8100 52.4406 -2.9050 -7.5437 -10.8819 -24.0073 0.0000 0.0000 0.0000 17.1014 17.9337 -4.7213 -14.4453 -7.9217 0.1196 6.2112 -3.9264 16.4198 0.0000 0.0000 0.0000 0.3041 0.1268 -0.5671 0.3041 0.1268 -0.5671 0.3041 0.1268 -0.5671 10.1741 -7.0731 -7.3930 10.1741 -7.0731 -7.3930 0.0000 0.0000 0.0000 -40.8565 -6.4508 8.5183 -34.1409 -4.5605 13.8780 18.3909 -3.0757 -18.8326 16.7768 -2.2925 -15.4541 -34.5584 -1.2614 4.0536 -17.1930 0.3728 -2.4657 -2.7543 0.4122 -17.0193 -5.2715 1.6795 -35.3221 -7.0669 -0.7749 12.4999 -4.2745 0.5330 -14.2102 -0.1217 0.0277 -25.5959 3.3268 -0.4191 -14.3568 -2.4834 0.5993 -27.1289 -2.3029 0.4657 -22.8628 3.4261 0.1938 6.4715 -9.4850 2.2938 -27.1342 6.7672 -0.7461 -12.5691 -3.0835 -0.1536 5.7035 0.0000 0.0000 0.0000 83.4195 -2.0284 10.0093 13.7512 4.0157 28.8031 -120.9260 177.7748 183.9261 0.0000 0.0000 0.0000 0.0000 0.0000 0.0000 0.0000 0.0000 0.0000 0.0000 0.0000 0.0000 0.0000 0.0000 0.0000 0.0000 0.0000 0.0000 0.0000 0.0000 0.0000 0.0000 0.0000 0.0000 0.0000 0.0000 0.0000 0.0000 0.0000 0.0000 0.0000 0.0000 0.0000 0.0000 0.0000 0.0000 0.0000 0.0000 0.0000 0.0000 0.0000 0.0000 0.0000 0.0000 0.0000
264.8106 111.8193 162.7781 -9.7327 10.9369 -70.8586 5.7073 -20.9805 -1.8798 -4.0047 42.8687 -2.6273 -6.9229 -8.2288 -21.5678 0.0000 0.0000 0.0000 18.2802 21.7224 -6.0290 -14.5946 -10.2095 -0.2598 7.0957 -6.9396 19.3404 0.0000 0.0000 0.0000 0.1189 0.0784 0.1338 0.1189 0.0784 0.1338 0.1189 0.0784 0.1338 9.8817 -6.9277 -7.9320 9.8817 -6.9277 -7.9320 0.0000 0.0000 0.0000 -37.1131 -6.3591 11.0299 -33.8186 -4.9023 15.1316 17.5670 -2.6960 -17.3185 21.0855 -2.5593 -13.6881 -28.8105 0.2245 -0.8740 -19.1218 0.8856 -5.2543 1.3544 -0.1429 -12.0477 -3.6227 0.9350 -28.9364 -11.7756 0.5765 -5.5858 -6.6348 0.6610 -11.3668 -0.1449 0.0325 -25.2984 7.7478 -1.3114 -19.1856 -6.2734 1.3312 -23.9378 -1.3030 0.2820 -24.4214 3.3215 0.2769 9.5279 -13.4540 2.5108 -21.0503 3.8811 -0.5354 -15.7029 5.2069 -0.1254 -2.7581 0.0000 0.0000 0.0000 83.1355 -0.2838 12.4879 11.7669 3.5372 29.1094 -126.8912 175.1891 189.6094 0.0000 0.0000 0.0000 0.0000 0.0000 0.0000 0.0000 0.0000 0.0000 0.0000 0.0000 0.0000 0.0000 0.0000 0.0000 0.0000 0.0000 0.0000 0.0000 0.0000 0.0000 0.0000 0.0000 0.0000 0.0000 0.0000 0.0000 0.0000 0.0000 0.0000 0.0000 0.0000 0.0000 0.0000 0.0000 0.0000 0.0000 0.0000 0.0000 0.0000 0.0000 0.0000 0.0000 0.0000 0.0000
260.9786 111.8967 164.8094 -9.6743 10.5720 -72.1669 4.8249 -22.1362 -2.1840 -4.3931 33.4967 -1.7986 -6.9915 -4.8357 -20.1900 0.0000 0.0000 0.0000 19.0872 24.3672 -6.9992 -14.7915 -11.5056 -0.4792 9.3997 -6.5152 24.4018 0.0000 0.0000 0.0000 0.1291 -0.0048 0.8675 0.1291 -0.0048 0.8675 0.1291 -0.0048 0.8675 9.5373 -7.0976 -8.2384 9.5373 -7.0976 -8.2384 0.0000 0.0000 0.0000 -34.4207 -6.1502 12.6393 -33.1543 -4.9925 15.7647 17.2473 -2.3598 -15.4676 19.4267 -1.2739 -7.4319 -28.6559 0.4715 -1.8457 -10.8853 -0.2897 3.0399 -5.7989 0.7760 -15.2323 3.2404 -0.8817 -30.4348 -12.5359 -1.2119 11.0001 -6.2590 0.7163 -13.0446 2.1701 -0.5405 -27.9672 2.9013 -0.2541 -10.0098 -3.3378 0.7556 -25.5031 0.4085 -0.0676 -18.7922 2.7051 -0.1622 -6.8610 -12.9661 2.5863 -22.4710 10.5601 -1.3526 -14.5574 1.0523 0.0131 1.4234 0.0000 0.0000 0.0000 81.7718 1.1843 14.6665 8.9699 2.8826 29.8973 -133.5785 172.7662 196.7708 0.0000 0.0000 0.0000 0.0000 0.0000 0.0000 0.0000 0.0000 0.0000 0.0000 0.0000 0.0000 0.0000 0.0000 0.0000 0.0000 0.0000 0.0000 0.0000 0.0000 0.0000 0.0000 0.0000 0.0000 0.0000 0.0000 0.0000 0.0000 0.0000 0.0000 0.0000 0.0000 0.0000 0.0000 0.0000 0.0000 0.0000 0.0000 0.0000 0.0000 0.0000 0.0000 0.0000 0.0000 0.0000
257.5853 111.7167 166.2146 -8.9985 11.6452 -75.1458 5.3384 -22.5901 -2.1181 -6.0260 22.3299 -0.5911 -7.0453 -1.4976 -18.5955 0.0000 0.0000 0.0000 19.4571 27.1607 -7.9611 -14.9141 -13.5131 -0.8262 12.3688 -3.9415 30.8951 0.0000 0.0000 0.0000 0.4161 -0.1490 1.9828 0.4161 -0.1490 1.9828 0.4161 -0.1490 1.9828 9.6157 -7.6047 -8.3244 9.6157 -7.6047 -8.3244 0.0000 0.0000 0.0000 -32.3515 -5.8794 13.5745 -32.3176 -5.4184 17.6518 17.9415 -2.0964 -13.2227 15.7678 -2.8653 -20.4757 -36.6896 -4.3633 13.1077 -8.6602 0.3885 -5.1271 -6.1879 1.9107 -34.2907 -3.3237 1.3211 -43.3430 -12.2868 -0.0834 0.7748 -4.6890 1.4486 -34.3196 -3.2540 1.1997 -40.4678 5.6123 -1.0292 -20.7670 -4.3855 1.8562 -45.8646 -3.4768 0.9892 -31.7566 2.9346 -0.3749 -14.5582 -12.8414 4.2318 -36.3514 11.7082 -2.5868 -24.8374 -0.4687 0.0551 -13.4128 0.0000 0.0000 0.0000 80.3675 3.4393 18.1353 5.7757 1.9393 28.6891 -140.0255 171.7677 202.3835 -0.1058 -0.0131 14.1631 -7.0751 -1.1291 18.1116 12.7539 -0.8881 -7.9344 20.1296 5.6241 30.9376 26.0937 0.2031 0.8763 4.9156 1.4471 32.7900 29.1184 4.5382 17.3488 13.7121 4.0416 32.7097 4.3795 -0.4368 -11.3860 32.3271 8.1333 27.5644 2.8811 0.1702 6.7615 17.7382 -1.7519 -11.1923 18.2470 2.4665 15.2700 17.4646 -0.5577 -3.6294 3.4486 0.7469 24.4351
254.4726 111.2859 167.1794 -7.8984 12.4210 -77.2290 5.7568 -22.3795 -2.0050 -6.1022 12.6015 -0.0779 -7.1736 -0.2846 -18.2396 0.0000 0.0000 0.0000 20.2185 28.9928 -8.7458 -15.1156 -14.7534 -1.0484 15.0044 -3.9584 37.1566 0.0000 0.0000 0.0000 0.5450 -0.2807 2.8652 0.5450 -0.2807 2.8652 0.5450 -0.2807 2.8652 9.5892 -7.8043 -8.1629 9.5892 -7.8043 -8.1629 0.0000 0.0000 0.0000 -31.2870 -5.4267 12.4543 -31.2993 -5.4962 18.5470 17.9842 -2.0116 -12.6616 25.0384 -5.2334 -23.2606 -37.7733 -0.3949 1.1543 -14.2064 0.6502 -5.2145 -5.3749 0.8462 -17.8803 -0.5899 0.2352 -43.4740 -11.3267 1.8411 -18.4074 -2.6752 0.3985 -16.9401 -0.1346 0.0670 -52.9061 9.1524 -1.2471 -15.4863 -3.7937 0.8852 -26.2594 -0.2617 0.1180 -48.5498 4.1561 -0.4874 -13.3729 -13.3497 3.0391 -25.5436 15.8143 -2.7224 -19.4172 -0.4145 0.0690 -18.9113 0.0000 0.0000 0.0000 79.0645 5.4633 21.4058 2.7159 1.1248 27.9742 -146.7764 170.7931 210.2076 11.8900 1.3285 12.7059 3.6280 0.5561 17.4237 4.5473 -0.3408 -8.5680 31.2857 5.9560 21.0498 22.0559 -1.3427 -6.8817 12.2366 3.7357 33.8432 33.7468 1.3306 4.3849 21.9321 4.8614 24.7138 3.8956 -0.1412 -4.1488 39.8166 3.5932 9.9002 11.4960 0.4007 3.9788 17.3569 -0.1889 -1.2376 26.8970 1.1343 4.7408 12.3576 -1.1524 -10.6144 16.4082 4.4442 30.1266
251.3433 110.9011 167.8422 -6.8620 13.4648 -80.5872 6.1212 -22.4944 -1.9358 -4.6954 7.9071 -0.0660 -6.5668 -0.5467 -16.8154 0.0000 0.0000 0.0000 18.2422 30.6553 -8.7386 -14.0272 -14.8815 -1.0331 17.4392 -7.3952 42.5861 0.0000 0.0000 0.0000 0.7392 -0.4139 3.9630 0.7392 -0.4139 3.9630 0.7392 -0.4139 3.9630 9.6015 -7.9575 -7.6034 9.6015 -7.9575 -7.6034 0.0000 0.0000 0.0000 -30.1849 -5.2291 12.6870 -30.5468 -5.8244 20.2069 17.6370 -1.8574 -11.9302 27.3445 -2.0300 -8.3312 -30.6737 1.2821 -4.6723 -20.2703 1.9954 -11.1287 -6.4811 0.5818 -10.2477 -0.4522 0.1714 -41.5283 -21.7724 1.0361 -5.3835 -1.5829 0.0501 -3.6281 -7.5309 3.2499 -46.6359 18.0966 -2.9057 -18.0984 -5.9730 0.6768 -12.9182 1.0168 -0.3700 -39.9878 12.9562 -1.9600 -17.1345 -15.6133 2.6466 -19.1277 11.2357 -0.9927 -10.0657 -3.5685 0.0516 -1.6553 0.0000 0.0000 0.0000 77.8022 6.5301 23.3231 0.1331 0.4694 27.3302 -152.9390 171.0719 215.9489 4.0422 0.4615 13.0203 -15.8460 0.1339 -0.9619 10.6058 0.3799 4.0913 2.3211 0.5377 26.0821 20.2458 5.2449 28.7767 -17.7414 -4.7578 29.8110 13.4339 3.9493 32.6343 -0.4727 -0.1380 32.5560 4.7826 0.1514 3.6248 3.8940 1.4886 41.8290 10.7310 1.3623 14.4284 10.1141 1.3800 15.5003 1.5564 0.4147 29.8381 7.1796 0.7291 11.5828 -4.9258 -0.5074 11.7543
248.7207 110.1239 164.9467 -6.7310 14.1095 -80.9782 6.8533 -23.0209 -1.8205 -4.4679 7.9527 -0.1052 -6.5149 -0.8636 -16.8709 0.0000 0.0000 0.0000 19.5498 32.2309 -9.6154 -14.2859 -14.0475 -0.9019 19.2007 -4.2974 47.0438 0.0000 0.0000 0.0000 0.9302 -0.4710 4.4077 0.9302 -0.4710 4.4077 0.9302 -0.4710 4.4077 9.5576 -8.1946 -8.0482 9.5576 -8.1946 -8.0482 0.0000 0.0000 0.0000 -30.4028 -5.1948 12.2296 -29.1859 -5.9075 21.5217 18.3054 -1.8708 -11.5728 29.9963 -7.0634 -25.9450 -40.5813 -0.9757 2.6386 -32.6270 0.4093 -1.3984 -8.5120 2.3554 -30.8857 -2.6800 0.9349 -38.4564 -8.6993 1.7232 -22.3681 -9.9867 2.0580 -23.2340 -7.0378 4.0886 -60.2672 8.3127 -0.7988 -10.9583 -7.7413 2.7409 -38.9462 -7.3171 2.4614 -37.1437 7.6552 -1.6072 -23.6808 -19.8226 6.6409 -36.7363 9.0254 -1.4314 -17.9882 1.1527 -0.1443 -14.2690 0.0000 0.0000 0.0000 77.6347 6.5860 23.4499 -0.0503 0.4314 27.7366 -154.7430 171.0543 218.4924 14.9706 0.5351 4.0711 -4.3554 -0.7620 19.8372 4.8344 -0.3757 -8.8821 33.7668 4.3239 14.1804 30.8372 -0.3028 -1.0979 10.7622 3.8232 39.0213 34.0827 2.4271 7.9069 31.4205 5.1033 18.0053 15.2093 0.2608 1.9536 40.5990 4.9325 13.2832 19.9691 0.5694 3.2336 29.2758 -0.9165 -3.5081 24.5118 2.9482 13.5117 16.6784 -1.2078 -8.2257 33.7821 10.1059 32.4697
245.8263 109.3607 162.1993 -6.7045 15.0875 -82.0246 6.5761 -22.7973 -1.8628 -4.1994 10.2187 -0.2993 -6.1913 -1.5414 -16.4472 0.0000 0.0000 0.0000 18.6172 33.7081 -9.8082 -13.0978 -13.1890 -0.7354 19.2062 1.6143 48.2472 0.0000 0.0000 0.0000 1.2922 -0.4645 4.7234 1.2922 -0.4645 4.7234 1.2922 -0.4645 4.7234 9.6891 -8.6229 -8.2852 9.6891 -8.6229 -8.2852 0.0000 0.0000 0.0000 -30.2944 -5.0348 11.4591 -28.8959 -5.8734 21.6228 19.3054 -2.0953 -12.2733 24.7481 -5.2710 -23.6987 -39.5838 -0.3197 0.8885 -20.8521 0.0313 -0.1699 -7.1143 2.1012 -32.8725 -5.2398 1.6875 -35.6813 -16.9134 2.1277 -14.2387 -9.8498 2.0569 -23.5368 -8.6161 4.7790 -57.9673 9.4877 -1.1400 -13.6730 -10.4181 3.8422 -40.3999 -10.5399 3.4698 -36.3583 7.9653 -1.5960 -22.6268 -16.5282 6.1902 -40.8388 2.1416 -0.1724 -9.2055 -0.2343 0.0442 -21.3850 0.0000 0.0000 0.0000 77.6749 6.2861 22.9713 0.6878 0.6400 28.8784 -154.6388 170.4263 220.8284 18.2566 -1.0747 -6.6809 -6.7806 -2.1725 35.4961 -0.4503 0.0466 -11.8283 37.1204 -2.7764 -8.2563 35.5738 -1.0139 -3.1598 36.7280 6.0856 18.1954 40.9967 -4.0322 -10.7582 47.2519 2.8512 6.5125 4.2552 -0.5637 -15.0860 57.6062 -1.1669 -2.1222 27.3790 -1.2849 -5.2717 21.8781 -3.3910 -17.4146 26.3559 0.2634 1.1250 54.1939 -6.0665 -11.8255 5.7028 1.1721 23.2116
242.7082 108.6941 158.4155 -7.1116 15.9996 -81.1861 6.1591 -22.4141 -1.9200 -3.1638 13.1407 -0.7064 -5.8339 -1.9739 -15.8037 0.0000 0.0000 0.0000 22.1435 34.0952 -11.0491 -14.0227 -10.2287 -0.2676 18.5656 6.0852 47.5534 0.0000 0.0000 0.0000 1.5250 -0.4222 4.4665 1.5250 -0.4222 4.4665 1.5250 -0.4222 4.4665 9.8495 -8.8914 -8.1640 9.8495 -8.8914 -8.1640 0.0000 0.0000 0.0000 -31.0483 -5.0755 10.8312 -28.7404 -5.8993 21.8442 19.6462 -2.1071 -12.1254 25.9869 -4.6468 -19.9452 -42.0121 3.0747 -7.9962 -26.9870 0.2546 -1.0612 -5.0326 1.6275 -35.8228 -3.6515 1.1317 -34.4302 -11.6940 0.8820 -8.5966 -5.6571 1.0080 -20.1899 -5.3628 3.3652 -64.1947 9.7387 -0.8167 -9.5642 -7.1922 2.7370 -41.6261 -7.4921 2.4698 -36.4458 10.0486 -1.9472 -21.8803 -18.1364 6.1884 -37.4217 7.3134 -0.6092 -9.5099 -3.4486 0.8716 -28.3588 0.0000 0.0000 0.0000 77.8791 6.0758 22.5972 1.7560 0.9227 29.1034 -153.9833 170.4203 219.8726 18.2566 -1.0747 -6.6809 -6.7806 -2.1725 35.4961 -0.4503 0.0466 -11.8283 37.1204 -2.7764 -8.2563 35.5738 -1.0139 -3.1598 36.7280 6.0856 18.1954 40.9967 -4.0322 -10.7582 47.2519 2.8512 6.5125 4.2552 -0.5637 -15.0860 57.6062 -1.1669 -2.1222 27.3790 -1.2849 -5.2717 21.8781 -3.3910 -17.4146 26.3559 0.2634 1.1250 54.1939 -6.0665 -11.8255 5.7028 1.1721 23.2116
239.1823 108.2346 154.5880 -7.6129 15.5620 -78.8040 5.1351 -21.0981 -2.0102 -2.4330 15.2759 -1.0314 -5.9490 -2.2622 -16.2618 0.0000 0.0000 0.0000 26.0990 34.2831 -12.4017 -14.7180 -8.0470 0.1064 18.1776 5.7917 46.3761 0.0000 0.0000 0.0000 1.3638 -0.3263 3.6802 1.3638 -0.3263 3.6802 1.3638 -0.3263 3.6802 9.7318 -8.7882 -7.9311 9.7318 -8.7882 -7.9311 0.0000 0.0000 0.0000 -32.3960 -5.3805 10.9963 -29.1203 -5.7994 21.1714 19.9078 -2.3853 -13.5306 25.0271 -5.8291 -25.8397 -32.9512 1.2778 -4.3187 -25.0599 -2.2791 10.2289 -16.0400 5.7270 -39.0902 5.7794 -1.2289 -23.9892 -18.9179 3.8206 -22.6410 -10.1740 2.5212 -27.7702 -9.7419 4.0189 -44.7547 18.6812 -3.0585 -18.4384 -9.1092 3.4723 -41.6630 -3.3598 0.9995 -33.1262 4.3886 -0.6934 -17.9492 -14.7800 4.8757 -36.3450 7.3095 -1.0644 -16.5486 -5.1580 1.6705 -35.8714 0.0000 0.0000 0.0000 79.7017 5.2300 20.9302 4.2954 1.6440 30.1760 -150.5253 169.8611 217.2731 18.2566 -1.0747 -6.6809 -6.7806 -2.1725 35.4961 -0.4503 0.0466 -11.8283 37.1204 -2.7764 -8.2563 35.5738 -1.0139 -3.1598 36.7280 6.0856 18.1954 40.9967 -4.0322 -10.7582 47.2519 2.8512 6.5125 4.2552 -0.5637 -15.0860 57.6062 -1.1669 -2.1222 27.3790 -1.2849 -5.2717 21.8781 -3.3910 -17.4146 26.3559 0.2634 1.1250 54.1939 -6.0665 -11.8255 5.7028 1.1721 23.2116
235.8990 107.8388 148.4424 -8.0249 14.7875 -77.3130 3.8395 -20.1040 -2.1669 -1.8022 18.2675 -1.4348 -5.4779 -2.4770 -15.2180 0.0000 0.0000 0.0000 26.8620 33.2738 -12.2450 -14.7495 -4.4192 0.7159 17.8718 8.5760 46.0961 0.0000 0.0000 0.0000 1.0475 -0.2674 3.0252 1.0475 -0.2674 3.0252 1.0475 -0.2674 3.0252 9.5020 -8.6573 -8.3276 9.5020 -8.6573 -8.3276 0.0000 0.0000 0.0000 -34.0939 -5.6613 10.6821 -30.0793 -5.7387 20.2342 20.2260 -2.6838 -14.9642 2.4908 0.6386 28.7556 -11.5590 1.8883 -18.4958 -19.4410 -2.4336 14.1365 3.0691 0.4387 16.2656 20.4380 4.8748 26.5711 25.7615 -0.7943 -3.4726 0.5766 0.0387 7.6793 42.2426 10.0555 25.6601 -13.4014 -2.4511 20.6404 4.5253 1.2883 31.7684 30.2760 4.5641 16.7594 7.5845 1.3496 20.1521 -9.5532 -3.4393 39.5253 23.2003 2.6010 12.6219 22.9258 3.0745 15.0780 0.0000 0.0000 0.0000 82.0206 4.3158 19.1895 8.4767 2.7530 29.9298 -144.1505 169.5810 211.4825 18.2566 -1.0747 -6.6809 -6.7806 -2.1725 35.4961 -0.4503 0.0466 -11.8283 37.1204 -2.7764 -8.2563 35.5738 -1.0139 -3.1598 36.7280 6.0856 18.1954 40.9967 -4.0322 -10.7582 47.2519 2.8512 6.5125 4.2552 -0.5637 -15.0860 57.6062 -1.1669 -2.1222 27.3790 -1.2849 -5.2717 21.8781 -3.3910 -17.4146 26.3559 0.2634 1.1250 54.1939 -6.0665 -11.8255 5.7028 1.1721 23.2116
232.0841 107.8906 144.1726 -8.2234 13.4029 -75.1302 3.3198 -18.3125 -2.0591 -0.5538 20.3871 -1.9562 -5.1180 -3.5260 -14.9586 0.0000 0.0000 0.0000 27.0235 30.8006 -11.3007 -14.3490 1.0163 1.5746 17.2127 12.2469 44.8328 0.0000 0.0000 0.0000 0.6524 -0.1444 1.9968 0.6524 -0.1444 1.9968 0.6524 -0.1444 1.9968 9.1517 -8.3309 -8.3245 9.1517 -8.3309 -8.3245 0.0000 0.0000 0.0000 -37.1891 -6.2937 10.6936 -31.8967 -5.2499 17.3300 18.4689 -3.0338 -18.5017 21.7404 0.4136 2.1537 -18.1418 3.7240 -23.0190 4.0183 0.2791 7.9436 -3.4743 -0.0773 2.5489 8.0389 -1.4467 -20.3718 -11.7243 9.3199 -76.8922 -8.4847 0.6823 -9.1779 20.8432 -7.8213 -40.7775 -4.3219 0.9563 -24.9425 0.5262 -0.0686 -14.8527 8.3564 -2.0093 -26.9972 21.9700 -5.6891 -28.7163 -15.4820 -0.0385 0.2834 19.8811 -6.3918 -35.3439 2.9747 -0.9662 -35.9824 0.0000 0.0000 0.0000 84.7697 2.1793 15.8457 12.1276 3.7731 30.1893 -138.8497 170.8847 203.9780 18.2566 -1.0747 -6.6809 -6.7806 -2.1725 35.4961 -0.4503 0.0466 -11.8283 37.1204 -2.7764 -8.2563 35.5738 -1.0139 -3.1598 36.7280 6.0856 18.1954 40.9967 -4.0322 -10.7582 47.2519 2.8512 6.5125 4.2552 -0.5637 -15.0860 57.6062 -1.1669 -2.1222 27.3790 -1.2849 -5.2717 21.8781 -3.3910 -17.4146 26.3559 0.2634 1.1250 54.1939 -6.0665 -11.8255 5.7028 1.1721 23.2116
228.0875 108.0030 141.3416 -7.9747 11.4436 -71.8525 1.4454 -16.0414 -2.0987 0.2309 20.1551 -2.1427 -5.6314 -2.0957 -15.3705 0.0000 0.0000 0.0000 27.2438 26.8817 -9.8004 -14.1070 6.9879 2.4970 15.1731 12.2831 37.9828 0.0000 0.0000 0.0000 0.2492 0.0457 0.4757 0.2492 0.0457 0.4758 0.2492 0.0457 0.4757 8.8315 -7.8936 -8.6068 8.8315 -7.8936 -8.6068 0.0000 0.0000 0.0000 -40.7934 -6.9248 10.2869 -34.5523 -4.5910 13.7899 15.5035 -3.1555 -22.8782 17.4043 -5.3175 -33.7545 -39.8838 -5.7265 15.6973 -11.5701 -1.9575 19.1433 -0.2786 0.0899 -35.7607 -3.7432 2.4984 -67.4307 -10.3707 3.3341 -35.5623 -3.0455 1.1489 -41.3306 -12.9882 10.4871 -77.7530 17.5114 -1.5003 -9.7181 -13.7135 7.6641 -58.2385 -7.0386 3.8468 -57.2731 5.6286 -1.4030 -27.9721 -10.5395 6.1847 -60.7168 -1.9426 0.6463 -36.8018 9.9861 -6.9544 -69.6374 0.0000 0.0000 0.0000 86.3368 -0.1881 12.5366 15.2584 4.4589 29.1086 -134.4597 174.0076 194.2158 0.0000 0.0000 0.0000 0.0000 0.0000 0.0000 0.0000 0.0000 0.0000 0.0000 0.0000 0.0000 0.0000 0.0000 0.0000 0.0000 0.0000 0.0000 0.0000 0.0000 0.0000 0.0000 0.0000 0.0000 0.0000 0.0000 0.0000 0.0000 0.0000 0.0000 0.0000 0.0000 0.0000 0.0000 0.0000 0.0000 0.0000 0.0000 0.0000 0.0000 0.0000 0.0000 0.0000 0.0000 0.0000
223.8552 108.3159 139.4970 -8.1397 10.2585 -66.8684 0.7991 -13.7829 -1.8895 1.0412 22.7297 -2.6502 -6.6355 -1.8292 -17.7384 0.0000 0.0000 0.0000 27.2834 22.9812 -8.2746 -13.5116 13.3572 3.3755 13.0330 13.3986 30.5955 0.0000 0.0000 0.0000 -0.0121 0.2127 -1.2315 -0.0121 0.2127 -1.2315 -0.0121 0.2127 -1.2315 8.7555 -7.6169 -8.6546 8.7555 -7.6169 -8.6546 0.0000 0.0000 0.0000 -44.1340 -6.9680 8.1900 -36.4741 -3.6869 10.2592 13.0310 -2.9760 -25.6275 29.2742 -5.4966 -20.8297 -24.3998 -3.4124 15.6889 -1.9413 0.0029 -0.1726 -14.5157 6.3625 -47.1547 -4.9431 4.4589 -84.0974 -20.4580 6.5978 -35.4293 -17.4513 7.8116 -47.9636 -18.9596 18.5807 -88.8226 9.3906 -0.9937 -12.0545 -26.8529 14.6569 -56.6259 -13.7433 11.5579 -80.0467 2.0417 -0.1638 -9.1702 -22.8613 12.5250 -56.9811 -15.3701 9.3588 -62.4812 3.6395 -2.0236 -58.1367 0.0000 0.0000 0.0000 87.3919 -2.7308 9.1597 19.4266 5.0666 26.5727 -129.9560 178.3440 183.5469 0.0000 0.0000 0.0000 0.0000 0.0000 0.0000 0.0000 0.0000 0.0000 0.0000 0.0000 0.0000 0.0000 0.0000 0.0000 0.0000 0.0000 0.0000 0.0000 0.0000 0.0000 0.0000 0.0000 0.0000 0.0000 0.0000 0.0000 0.0000 0.0000 0.0000 0.0000 0.0000 0.0000 0.0000 0.0000 0.0000 0.0000 0.0000 0.0000 0.0000 0.0000 0.0000 0.0000 0.0000 0.0000
218.9677 108.7644 138.2970 -7.9372 9.1057 -66.5348 0.0961 -8.9584 -1.2908 -0.2350 21.2469 -2.1294 -6.4238 -4.0694 -18.4298 0.0000 0.0000 0.0000 21.3801 21.0394 -6.3982 -9.5000 18.8536 3.1597 12.9213 13.3461 30.2178 0.0000 0.0000 0.0000 -0.2247 0.1810 -1.9864 -0.2247 0.1810 -1.9864 -0.2247 0.1810 -1.9864 8.5116 -7.0346 -8.1632 8.5116 -7.0346 -8.1632 0.0000 0.0000 0.0000 -47.4712 -7.3989 7.6050 -39.6133 -2.6526 6.4576 12.5625 -3.1389 -27.9563 12.6332 -3.3548 -29.6370 -42.9145 -3.2453 8.2447 -18.3124 -8.5894 49.9640 35.2061 -5.9734 -18.6770 -24.9239 11.9402 -50.6472 -25.5624 -2.2439 9.8685 7.6116 -1.4363 -21.3429 -34.8854 8.5228 -26.6827 12.4037 -1.4414 -13.2065 -12.7584 6.8831 -56.5524 -18.5346 1.5192 -9.2908 19.8450 0.1266 0.7236 -8.3042 6.3502 -74.7698 -9.2981 1.0876 -13.3140 1.3393 -0.3749 -31.2710 0.0000 0.0000 0.0000 89.2772 -6.4456 4.4913 24.2173 4.9076 21.0187 -133.1098 185.6150 167.0970 0.0000 0.0000 0.0000 0.0000 0.0000 0.0000 0.0000 0.0000 0.0000 0.0000 0.0000 0.0000 0.0000 0.0000 0.0000 0.0000 0.0000 0.0000 0.0000 0.0000 0.0000 0.0000 0.0000 0.0000 0.0000 0.0000 0.0000 0.0000 0.0000 0.0000 0.0000 0.0000 0.0000 0.0000 0.0000 0.0000 0.0000 0.0000 0.0000 0.0000 0.0000 0.0000 0.0000 0.0000 0.0000
214.5620 109.4312 137.5107 -7.5690 8.2808 -67.1720 2.1286 -5.8094 -0.6882 -4.1814 21.0485 -1.0285 -6.2180 -6.8425 -19.3215 0.0000 0.0000 0.0000 16.1624 17.4306 -4.4400 -6.0393 24.2921 2.7368 13.1991 10.8682 31.5293 0.0000 0.0000 0.0000 -0.5321 0.1492 -2.5038 -0.5321 0.1492 -2.5038 -0.5321 0.1492 -2.5038 8.4520 -6.5723 -8.0143 8.4520 -6.5723 -8.0143 0.0000 0.0000 0.0000 -50.7711 -7.4243 6.0135 -42.6505 -1.3046 2.4422 12.9870 -3.5830 -30.7310 9.9550 -2.8752 -32.1487 -34.5353 -4.1478 13.2894 -7.1700 -1.0892 17.2537 6.2611 -1.5227 -27.3128 3.6318 -1.8183 -53.1789 -20.0383 1.7855 -10.0810 -6.4592 1.9650 -33.8106 -8.8919 3.2533 -40.1281 15.2038 -2.4660 -18.3225 -17.2683 7.6352 -47.4461 -0.2340 0.0553 -26.5809 10.8355 -2.2828 -23.7278 -25.3793 9.3143 -39.7782 3.6706 -0.5848 -18.0970 13.3987 -2.0557 -17.3690 0.0000 0.0000 0.0000 91.1095 -8.9215 1.6506 26.1714 4.6848 18.6553 -140.7305 187.1594 160.1087 0.0000 0.0000 0.0000 0.0000 0.0000 0.0000 0.0000 0.0000 0.0000 0.0000 0.0000 0.0000 0.0000 0.0000 0.0000 0.0000 0.0000 0.0000 0.0000 0.0000 0.0000 0.0000 0.0000 0.0000 0.0000 0.0000 0.0000 0.0000 0.0000 0.0000 0.0000 0.0000 0.0000 0.0000 0.0000 0.0000 0.0000 0.0000 0.0000 0.0000 0.0000 0.0000 0.0000 0.0000 0.0000
210.6323 110.3180 136.9895 -6.8505 8.0992 -67.0083 2.9831 -2.9505 -0.2872 -6.3800 21.2885 -0.4402 -6.9516 -8.6381 -21.8057 0.0000 0.0000 0.0000 12.0020 12.3852 -2.6531 -3.3589 26.4377 2.0536 12.6928 10.2503 29.9957 0.0000 0.0000 0.0000 -0.6328 0.1023 -2.9520 -0.6328 0.1023 -2.9520 -0.6328 0.1023 -2.9520 8.4603 -6.7727 -7.5722 8.4603 -6.7727 -7.5722 0.0000 0.0000 0.0000 -53.1887 -6.5099 2.6130 -45.1015 0.7300 -2.6566 13.2930 -3.7519 -31.3991 12.1582 -3.4433 -31.5216 -28.7725 -2.0963 8.1596 -25.7793 -2.5167 10.9658 -0.4574 0.0675 -16.7968 9.2325 -4.2541 -49.4035 -24.8013 0.0284 -0.1293 3.9274 -0.8996 -25.7930 -17.5904 5.1915 -32.6622 20.8285 -3.0444 -16.4544 -10.6450 4.4393 -45.1788 0.2198 -0.0481 -24.6833 14.7569 -0.9274 -7.1524 -18.1076 6.6365 -39.9884 13.4195 -1.6667 -14.0963 -0.3183 0.0039 -1.4102 0.0000 0.0000 0.0000 92.1468 -9.1620 1.5314 27.0784 4.8367 18.6313 -142.3764 187.0695 159.4445 0.0000 0.0000 0.0000 0.0000 0.0000 0.0000 0.0000 0.0000 0.0000 0.0000 0.0000 0.0000 0.0000 0.0000 0.0000 0.0000 0.0000 0.0000 0.0000 0.0000 0.0000 0.0000 0.0000 0.0000 0.0000 0.0000 0.0000 0.0000 0.0000 0.0000 0.0000 0.0000 0.0000 0.0000 0.0000 0.0000 0.0000 0.0000 0.0000 0.0000 0.0000 0.0000 0.0000 0.0000 0.0000
205.5285 111.9853 146.7630 -6.4230 8.9770 -71.4863 3.4813 1.2834 0.2198 -4.4030 15.5032 -0.6062 -5.5175 -11.9288 -20.0197 0.0000 0.0000 0.0000 8.4372 2.3631 -0.3241 -4.0671 32.8494 2.7523 12.4843 0.1090 30.7643 0.0000 0.0000 0.0000 -0.7320 0.1470 -2.9098 -0.7320 0.1470 -2.9098 -0.7320 0.1470 -2.9098 9.2184 -5.7870 -6.0460 9.2184 -5.7870 -6.0460 0.0000 0.0000 0.0000 -54.6246 -6.0633 1.0101 -46.5778 3.4073 -8.8043 12.7095 -3.5543 -31.1358 9.1789 -2.2344 -27.3099 -32.8943 -3.6978 12.4807 -20.9202 -2.4623 13.2798 -9.6137 2.5165 -29.2760 2.0050 -0.9199 -49.2898 -16.1660 4.2230 -29.1068 -7.2221 2.4911 -38.0197 -5.8703 2.0157 -37.8756 6.7426 -1.0137 -17.0812 -8.7749 4.2871 -52.0096 9.1636 -3.2815 -39.3376 -1.2848 0.0148 -1.3165 -4.5032 1.8390 -44.4104 6.1597 -1.4960 -27.2780 4.3066 -0.4289 -11.3707 0.0000 0.0000 0.0000 92.7792 -12.0920 -1.8694 28.1511 4.3519 16.1705 -146.6840 188.5920 151.8135 0.0000 0.0000 0.0000 0.0000 0.0000 0.0000 0.0000 0.0000 0.0000 0.0000 0.0000 0.0000 0.0000 0.0000 0.0000 0.0000 0.0000 0.0000 0.0000 0.0000 0.0000 0.0000 0.0000 0.0000 0.0000 0.0000 0.0000 0.0000 0.0000 0.0000 0.0000 0.0000 0.0000 0.0000 0.0000 0.0000 0.0000 0.0000 0.0000 0.0000 0.0000 0.0000 0.0000 0.0000 0.0000
200.5907 113.6097 159.8868 -7.0197 9.7197 -73.6430 2.9417 5.4418 0.7106 -4.1955 11.1880 -0.3647 -4.5505 -15.3222 -19.3853 0.0000 0.0000 0.0000 5.8272 -4.5434 0.8836 -6.9561 34.5106 4.0257 9.5603 -12.1043 25.7199 0.0000 0.0000 0.0000 -0.5795 0.2490 -3.3653 -0.5795 0.2490 -3.3653 -0.5795 0.2490 -3.3653 9.6037 -5.7859 -5.4076 9.6037 -5.7859 -5.4076 0.0000 0.0000 0.0000 -56.4330 -4.8752 -2.3461 -47.4285 4.8132 -11.8294 13.9592 -3.6282 -29.0108 6.0186 -1.4509 -27.0857 -30.7610 -5.6812 20.4499 -12.6845 -0.9694 8.7047 -10.1725 2.8558 -31.2902 1.0614 -0.4229 -43.4520 -12.1390 1.5198 -14.2209 -13.6119 4.7377 -38.2341 -0.6996 0.2361 -37.2898 1.4558 -0.1715 -13.4337 -14.6200 7.0491 -51.2950 1.4045 -0.4411 -34.8667 5.9251 -0.2877 -5.5551 -10.1387 4.7227 -49.8638 -2.0911 0.5165 -27.7478 10.8275 -0.7282 -7.6724 0.0000 0.0000 0.0000 89.4794 -15.2365 -6.6271 30.6757 3.3325 11.4088 -156.0965 188.6387 140.7253 0.0000 0.0000 0.0000 0.0000 0.0000 0.0000 0.0000 0.0000 0.0000 0.0000 0.0000 0.0000 0.0000 0.0000 0.0000 0.0000 0.0000 0.0000 0.0000 0.0000 0.0000 0.0000 0.0000 0.0000 0.0000 0.0000 0.0000 0.0000 0.0000 0.0000 0.0000 0.0000 0.0000 0.0000 0.0000 0.0000 0.0000 0.0000 0.0000 0.0000 0.0000 0.0000 0.0000 0.0000 0.0000
195.8352 115.6341 180.3252 -7.8218 11.3013 -75.3234 4.5212 8.9691 1.0407 -4.9833 9.3714 -0.1078 -4.3873 -15.7649 -19.2312 0.0000 0.0000 0.0000 7.7036 -13.4924 2.6995 -10.2330 37.5352 5.7304 7.4733 -12.2776 21.4352 0.0000 0.0000 0.0000 -0.1128 0.4662 -4.2592 -0.1128 0.4662 -4.2592 -0.1128 0.4662 -4.2592 9.8298 -5.4342 -4.3045 9.8298 -5.4342 -4.3045 0.0000 0.0000 0.0000 -55.5389 -4.2047 -3.7743 -47.2655 6.9537 -16.7088 14.7734 -3.3173 -25.1824 15.6335 -3.4027 -24.4176 -38.6081 -3.6468 10.3863 -17.5925 -0.4620 2.9849 -9.4658 4.2618 -48.3994 2.1527 -0.6868 -35.3868 -13.6302 2.0968 -17.4118 -9.7609 4.4393 -48.8290 -2.2921 0.8635 -41.2806 11.8897 -2.0164 -19.1844 -4.5894 2.4175 -55.5392 -1.3202 0.4109 -34.5763 9.8604 -1.2329 -14.2201 -1.5829 0.7790 -52.4049 7.2286 -1.2576 -19.7138 -0.5231 0.1198 -25.8048 0.0000 0.0000 0.0000 82.5515 -19.2829 -14.7112 34.5714 3.7364 11.3417 -164.0992 186.5841 135.2299 0.0000 0.0000 0.0000 0.0000 0.0000 0.0000 0.0000 0.0000 0.0000 0.0000 0.0000 0.0000 0.0000 0.0000 0.0000 0.0000 0.0000 0.0000 0.0000 0.0000 0.0000 0.0000 0.0000 0.0000 0.0000 0.0000 0.0000 0.0000 0.0000 0.0000 0.0000 0.0000 0.0000 0.0000 0.0000 0.0000 0.0000 0.0000 0.0000 0.0000 0.0000 0.0000 0.0000 0.0000 0.0000
191.8878 116.8630 192.9501 -8.2407 13.3356 -76.0383 6.3232 11.1279 1.1302 -3.5334 7.1670 -0.1978 -3.6838 -16.3611 -18.0626 0.0000 0.0000 0.0000 10.9289 -20.0979 4.6227 -11.9059 35.5321 6.1569 5.2375 -13.1812 17.0995 0.0000 0.0000 0.0000 0.4971 0.6785 -5.1038 0.4971 0.6785 -5.1038 0.4971 0.6785 -5.1038 9.7295 -5.6358 -3.7737 9.7295 -5.6358 -3.7737 0.0000 0.0000 0.0000 -54.2311 -2.7017 -7.2999 -45.4924 8.8452 -21.8030 16.3292 -3.2058 -22.0733 20.3088 -4.1783 -23.0242 -34.2409 -1.2088 3.9229 -17.1121 -0.7961 5.2875 -6.0372 1.2658 -23.6636 22.0421 -9.3321 -45.4740 -25.5895 -0.1402 0.6174 -6.2845 1.8107 -32.1177 7.2647 -2.0161 -30.9840 7.3633 -0.7452 -11.5427 0.0638 -0.0249 -42.6822 -0.4174 0.1184 -31.6596 17.8981 -0.9939 -6.3053 1.4848 -0.5629 -41.5244 9.6765 -1.8696 -21.8214 -11.0729 1.1673 -11.9987 0.0000 0.0000 0.0000 76.0844 -20.2846 -19.5372 37.6300 3.5009 9.7498 -168.6910 185.4095 128.9848 0.0000 0.0000 0.0000 0.0000 0.0000 0.0000 0.0000 0.0000 0.0000 0.0000 0.0000 0.0000 0.0000 0.0000 0.0000 0.0000 0.0000 0.0000 0.0000 0.0000 0.0000 0.0000 0.0000 0.0000 0.0000 0.0000 0.0000 0.0000 0.0000 0.0000 0.0000 0.0000 0.0000 0.0000 0.0000 0.0000 0.0000 0.0000 0.0000 0.0000 0.0000 0.0000 0.0000 0.0000 0.0000
188.3493 117.6229 200.1018 -8.0688 14.1727 -77.1070 4.2210 13.6487 1.5693 -2.8857 6.7018 -0.2609 -1.8944 -19.5884 -15.9149 0.0000 0.0000 0.0000 12.2878 -22.5250 5.4756 -14.9414 27.9361 6.1157 6.2423 -10.6842 18.4994 0.0000 0.0000 0.0000 0.5547 0.7943 -5.7380 0.5547 0.7943 -5.7380 0.5547 0.7943 -5.7380 10.1155 -6.2846 -2.9926 10.1155 -6.2846 -2.9926 0.0000 0.0000 0.0000 -52.4628 -0.5203 -12.8589 -41.5303 8.7841 -23.8010 19.1279 -3.2543 -19.1395 13.3481 -3.1360 -26.3333 -30.6528 -4.3662 15.8375 -12.0536 1.2042 -11.3690 -9.6812 3.4039 -38.6680 6.1169 -3.3136 -56.8570 -18.6784 2.2070 -13.3603 -4.3364 1.9138 -47.6117 -2.5432 0.9470 -40.8434 8.4081 -1.9026 -25.4587 3.0935 -1.6911 -57.3204 -2.4004 0.8779 -40.1742 7.7537 -0.4980 -7.3385 -1.7261 0.9112 -55.6573 8.2906 -1.8485 -25.0978 -9.2381 2.3719 -28.7439 0.0000 0.0000 0.0000 71.6530 -20.2415 -22.1492 40.2008 2.9664 7.7181 -171.7517 184.2111 125.9674 0.0000 0.0000 0.0000 0.0000 0.0000 0.0000 0.0000 0.0000 0.0000 0.0000 0.0000 0.0000 0.0000 0.0000 0.0000 0.0000 0.0000 0.0000 0.0000 0.0000 0.0000 0.0000 0.0000 0.0000 0.0000 0.0000 0.0000 0.0000 0.0000 0.0000 0.0000 0.0000 0.0000 0.0000 0.0000 0.0000 0.0000 0.0000 0.0000 0.0000 0.0000 0.0000 0.0000 0.0000 0.0000
184.9576 117.9760 204.0694 -8.2148 14.5119 -77.8023 2.9733 15.9907 1.9790 -1.9628 7.3432 -0.4541 -0.3201 -21.1969 -13.6577 0.0000 0.0000 0.0000 13.9947 -23.7548 6.1764 -17.1706 21.0013 5.5910 7.5686 -7.3364 20.4925 0.0000 0.0000 0.0000 0.5261 0.9741 -6.2428 0.5261 0.9741 -6.2428 0.5261 0.9741 -6.2428 10.4503 -6.3685 -2.0793 10.4503 -6.3685 -2.0793 0.0000 0.0000 0.0000 -49.6909 1.1395 -17.6832 -39.3478 8.7801 -25.1360 21.4775 -3.1195 -16.3407 17.5289 -3.1812 -20.4206 -37.0967 -3.4752 10.3323 -15.6757 1.2499 -9.0613 -3.7474 1.6014 -46.2640 5.5216 -1.9862 -39.5438 -18.5120 3.1498 -19.1522 -2.2450 1.0885 -51.7304 2.4535 -1.0481 -46.2575 10.1755 -1.4269 -15.9246 3.1081 -1.8360 -61.1344 5.5288 -1.8984 -37.8764 9.7814 -1.1045 -12.8538 2.4488 -1.1778 -51.3688 13.9001 -3.0342 -24.5157 3.0384 -0.9829 -35.8450 0.0000 0.0000 0.0000 68.9749 -20.4252 -24.2591 42.7065 2.1723 5.3062 -173.8410 183.2091 124.9905 0.0000 0.0000 0.0000 0.0000 0.0000 0.0000 0.0000 0.0000 0.0000 0.0000 0.0000 0.0000 0.0000 0.0000 0.0000 0.0000 0.0000 0.0000 0.0000 0.0000 0.0000 0.0000 0.0000 0.0000 0.0000 0.0000 0.0000 0.0000 0.0000 0.0000 0.0000 0.0000 0.0000 0.0000 0.0000 0.0000 0.0000 0.0000 0.0000 0.0000 0.0000 0.0000 0.0000 0.0000 0.0000
181.7271 117.9517 206.2895 -7.9520 14.5187 -78.9292 2.1692 18.2355 2.3677 -0.7456 7.2302 -0.6323 1.6666 -24.4890 -11.5062 0.0000 0.0000 0.0000 14.3760 -24.1969 6.3824 -18.0008 14.0764 4.4933 9.1132 -5.4080 23.5241 0.0000 0.0000 0.0000 0.4031 0.9759 -6.3221 0.4031 0.9759 -6.3221 0.4031 0.9759 -6.3221 10.7474 -6.2632 -1.5905 10.7474 -6.2632 -1.5905 0.0000 0.0000 0.0000 -46.6421 2.0646 -21.1165 -37.0397 8.8622 -26.9493 22.9590 -2.8110 -13.7779 21.5882 -4.9587 -25.5909 -39.7150 -4.5817 12.6414 -19.6739 0.6261 -3.6099 -15.7534 5.6172 -39.0494 7.3140 -2.9208 -43.4927 -20.7948 1.6930 -9.2074 -9.3837 4.0425 -46.5369 0.3745 -0.1179 -34.9381 9.7501 -1.6372 -19.0207 -0.5404 0.2614 -51.6288 -0.5863 0.1564 -29.8738 10.4941 -1.4367 -15.5490 -4.3955 1.8621 -45.9020 13.3101 -2.1223 -18.0409 -3.3075 0.7925 -26.9415 0.0000 0.0000 0.0000 67.3027 -20.8444 -26.2174 44.0918 0.9237 2.1817 -177.4390 181.3205 125.4534 0.0000 0.0000 0.0000 0.0000 0.0000 0.0000 0.0000 0.0000 0.0000 0.0000 0.0000 0.0000 0.0000 0.0000 0.0000 0.0000 0.0000 0.0000 0.0000 0.0000 0.0000 0.0000 0.0000 0.0000 0.0000 0.0000 0.0000 0.0000 0.0000 0.0000 0.0000 0.0000 0.0000 0.0000 0.0000 0.0000 0.0000 0.0000 0.0000 0.0000 0.0000 0.0000 0.0000 0.0000 0.0000
178.3149 117.9291 207.5592 -8.0899 13.4837 -77.1909 2.8659 20.1833 2.5099 0.4897 9.1643 -1.0309 1.5544 -24.2105 -11.5836 0.0000 0.0000 0.0000 14.4157 -23.1957 6.1319 -18.9847 10.5450 4.0057 10.1172 -3.6076 25.5038 0.0000 0.0000 0.0000 0.0737 1.2144 -6.8232 0.0737 1.2144 -6.8232 0.0737 1.2144 -6.8232 10.5388 -6.0390 -1.2060 10.5388 -6.0390 -1.2060 0.0000 0.0000 0.0000 -45.0521 3.0905 -24.9022 -34.9759 8.6889 -28.0122 22.3576 -2.3100 -11.6505 35.4088 -7.4250 -22.9789 -31.2113 0.3980 -1.4250 -26.9235 6.5557 -26.9109 -6.0074 2.5459 -45.9035 5.0239 -1.3471 -30.0029 -18.7286 5.0278 -29.8165 -5.1867 2.0244 -42.6187 4.2566 -1.9666 -49.5782 3.9070 -0.5303 -15.4542 -2.7776 1.3233 -50.9426 10.0041 -2.8908 -32.1630 9.3631 -2.2471 -26.9369 -0.8216 0.3073 -41.0107 12.3980 -2.6248 -23.8208 8.7303 -2.4359 -31.1276 0.0000 0.0000 0.0000 66.5751 -21.3456 -27.6857 43.2852 0.2388 0.5753 -178.9673 180.5275 125.8849 0.0000 0.0000 0.0000 0.0000 0.0000 0.0000 0.0000 0.0000 0.0000 0.0000 0.0000 0.0000 0.0000 0.0000 0.0000 0.0000 0.0000 0.0000 0.0000 0.0000 0.0000 0.0000 0.0000 0.0000 0.0000 0.0000 0.0000 0.0000 0.0000 0.0000 0.0000 0.0000 0.0000 0.0000 0.0000 0.0000 0.0000 0.0000 0.0000 0.0000 0.0000 0.0000 0.0000 0.0000 0.0000
174.7600 117.6696 208.3054 -8.3642 12.0810 -77.2544 3.9986 22.6098 2.6065 1.8726 10.4110 -1.4173 2.9524 -25.9379 -9.9113 0.0000 0.0000 0.0000 12.9997 -22.2113 5.5595 -18.6745 10.7685 3.9895 10.8234 -3.9625 27.2377 0.0000 0.0000 0.0000 -0.4087 1.2190 -6.9691 -0.4087 1.2190 -6.9691 -0.4087 1.2190 -6.9691 10.6737 -6.0559 -0.5809 10.6737 -6.0559 -0.5809 0.0000 0.0000 0.0000 -45.0492 2.7442 -23.7901 -34.0029 9.1485 -30.2256 22.5087 -2.3733 -11.8856 31.9970 -7.3178 -25.1460 -35.9842 -1.0367 3.1915 -28.9046 4.8689 -18.7342 -12.7807 5.9698 -49.9310 8.1676 -2.8083 -37.8960 -20.4268 4.5394 -24.8133 -8.1483 3.3285 -44.3823 2.1243 -1.0840 -54.0676 10.0572 -1.6541 -18.6341 -6.3299 3.3546 -55.8088 11.7556 -3.9265 -36.8325 5.9646 -1.1711 -22.1978 -2.3017 1.0441 -48.7968 12.0876 -2.2527 -21.0392 7.4272 -2.5308 -37.5896 0.0000 0.0000 0.0000 66.3453 -21.9767 -29.0223 43.4748 -0.3712 -0.8901 -180.0430 179.9783 126.4852 0.0000 0.0000 0.0000 0.0000 0.0000 0.0000 0.0000 0.0000 0.0000 0.0000 0.0000 0.0000 0.0000 0.0000 0.0000 0.0000 0.0000 0.0000 0.0000 0.0000 0.0000 0.0000 0.0000 0.0000 0.0000 0.0000 0.0000 0.0000 0.0000 0.0000 0.0000 0.0000 0.0000 0.0000 0.0000 0.0000 0.0000 0.0000 0.0000 0.0000 0.0000 0.0000 0.0000 0.0000 0.0000
170.8984 117.0212 205.4573 -8.7555 11.0240 -77.2620 5.0827 25.5946 2.7244 2.2797 11.6295 -1.6415 3.5675 -26.6351 -9.1716 0.0000 0.0000 0.0000 11.4101 -19.5859 4.6028 -18.6815 10.1481 3.8677 11.1961 -3.1020 27.9935 0.0000 0.0000 0.0000 -0.7113 1.2059 -6.9090 -0.7113 1.2059 -6.9090 -0.7113 1.2059 -6.9090 10.7188 -5.9942 -0.5470 10.7188 -5.9942 -0.5470 0.0000 0.0000 0.0000 -44.6922 2.1636 -22.0365 -33.7943 9.8098 -32.4493 21.8750 -2.3877 -12.3099 37.4354 -7.4323 -21.7029 -32.2052 1.0483 -3.6303 -27.7787 2.9278 -11.8009 -6.7431 3.0066 -48.0222 12.6719 -3.3617 -29.6071 -17.8513 4.9190 -30.5912 -7.6090 3.1231 -44.5821 6.9875 -3.2036 -49.2181 11.4805 -1.4666 -14.5124 -4.1031 2.0419 -52.8990 12.9692 -4.3133 -36.6615 7.2822 -1.2478 -19.4218 -3.0493 1.2274 -43.8433 13.0600 -2.5859 -22.3090 11.8185 -3.0637 -28.9735 0.0000 0.0000 0.0000 65.5876 -22.0212 -29.7199 43.8530 -0.5921 -1.4068 -179.8471 180.0797 124.9546 0.0000 0.0000 0.0000 0.0000 0.0000 0.0000 0.0000 0.0000 0.0000 0.0000 0.0000 0.0000 0.0000 0.0000 0.0000 0.0000 0.0000 0.0000 0.0000 0.0000 0.0000 0.0000 0.0000 0.0000 0.0000 0.0000 0.0000 0.0000 0.0000 0.0000 0.0000 0.0000 0.0000 0.0000 0.0000 0.0000 0.0000 0.0000 0.0000 0.0000 0.0000 0.0000 0.0000 0.0000 0.0000
166.7839 116.3059 202.1460 -8.9130 9.4407 -75.7943 6.5548 25.5892 2.4159 0.6526 16.4804 -1.8543 1.3958 -26.8904 -12.9619 0.0000 0.0000 0.0000 9.8400 -17.1240 3.7680 -18.9780 10.1817 3.9313 10.6233 -4.0420 26.7781 0.0000 0.0000 0.0000 -1.2395 1.1516 -6.8723 -1.2395 1.1516 -6.8723 -1.2395 1.1516 -6.8723 10.7701 -6.0533 -0.3304 10.7701 -6.0533 -0.3304 0.0000 0.0000 0.0000 -46.9457 2.1215 -21.2029 -33.4181 9.6805 -32.4054 21.6804 -2.7691 -14.3879 30.2668 -7.3457 -26.7046 -37.3136 -0.9708 2.8748 -30.3781 1.6979 -6.2482 -9.2350 3.8140 -44.8084 6.1438 -2.3868 -42.4298 -26.9376 3.8596 -16.0160 -11.7212 4.7822 -44.2739 2.9493 -1.4403 -52.0511 1.5915 -0.2513 -17.9445 -4.4537 2.2634 -53.8629 0.1919 -0.0661 -38.0017 7.0224 -1.3928 -22.4101 -8.4064 3.6693 -47.1001 9.0181 -1.8661 -23.3367 6.6213 -2.4090 -39.9495 0.0000 0.0000 0.0000 66.6253 -22.2737 -29.3387 42.2893 -0.6223 -1.5368 -178.4380 180.8283 124.1290 0.0000 0.0000 0.0000 0.0000 0.0000 0.0000 0.0000 0.0000 0.0000 0.0000 0.0000 0.0000 0.0000 0.0000 0.0000 0.0000 0.0000 0.0000 0.0000 0.0000 0.0000 0.0000 0.0000 0.0000 0.0000 0.0000 0.0000 0.0000 0.0000 0.0000 0.0000 0.0000 0.0000 0.0000 0.0000 0.0000 0.0000 0.0000 0.0000 0.0000 0.0000 0.0000 0.0000 0.0000 0.0000
162.3611 115.7712 198.8467 -9.0166 8.7150 -76.0443 10.4237 24.7859 1.5643 -0.3038 21.7284 -2.1592 2.0824 -27.8076 -12.1639 0.0000 0.0000 0.0000 7.4812 -13.2086 2.6147 -17.8693 8.2588 3.3507 11.0307 -3.6884 27.6864 0.0000 0.0000 0.0000 -1.5791 0.9690 -6.3131 -1.5791 0.9690 -6.3131 -1.5791 0.9690 -6.3131 10.3331 -6.0396 -0.8760 10.3331 -6.0396 -0.8760 0.0000 0.0000 0.0000 -48.1016 1.0761 -17.7863 -34.7366 10.7047 -34.2491 20.8726 -3.1478 -16.9694 34.6061 -7.6344 -24.1776 -44.0401 2.0172 -4.9851 -35.1679 1.6018 -5.0516 -4.5150 1.9013 -45.6549 4.7219 -1.8333 -42.4194 -18.8951 5.5344 -32.3937 -3.4957 1.3197 -41.3556 -0.7133 0.4113 -59.9332 10.4948 -2.0426 -21.9696 -2.4843 1.1705 -50.4521 3.7142 -1.7488 -50.4150 5.4268 -1.0782 -22.4596 -4.8538 2.0465 -45.7045 6.1637 -1.3330 -24.3850 9.7048 -2.8880 -33.0756 0.0000 0.0000 0.0000 67.8172 -23.0599 -29.7915 42.3027 -0.1291 -0.3187 -177.8922 181.1269 123.7427 0.0000 0.0000 0.0000 0.0000 0.0000 0.0000 0.0000 0.0000 0.0000 0.0000 0.0000 0.0000 0.0000 0.0000 0.0000 0.0000 0.0000 0.0000 0.0000 0.0000 0.0000 0.0000 0.0000 0.0000 0.0000 0.0000 0.0000 0.0000 0.0000 0.0000 0.0000 0.0000 0.0000 0.0000 0.0000 0.0000 0.0000 0.0000 0.0000 0.0000 0.0000 0.0000 0.0000 0.0000 0.0000
157.7400 115.5539 196.4293 -9.5755 7.9377 -76.2708 12.2110 22.3420 1.1095 -1.5104 30.7324 -2.6462 -1.0676 -29.9608 -18.2380 0.0000 0.0000 0.0000 6.4295 -8.6725 1.6567 -17.5537 5.8104 2.8334 10.8173 -2.8205 27.0380 0.0000 0.0000 0.0000 -1.8397 0.8993 -5.6909 -1.8397 0.8993 -5.6909 -1.8397 0.8993 -5.6909 10.2993 -6.0726 -1.1417 10.2993 -6.0726 -1.1417 0.0000 0.0000 0.0000 -50.2223 -0.1348 -14.0305 -36.9933 11.0012 -33.0173 19.1864 -3.3173 -19.4439 27.5739 -6.4075 -25.6998 -19.8928 0.9275 -5.2852 -31.2652 6.2358 -22.0315 -3.5244 1.4820 -45.6011 3.3112 -0.8989 -30.3691 -18.7450 3.8695 -23.1331 -5.5643 2.0184 -39.8495 3.0526 -1.4809 -51.7505 9.0464 -0.8753 -11.0301 -4.4924 2.0582 -49.2116 6.3714 -2.1198 -36.7735 6.7347 -1.0251 -17.2906 0.1372 -0.0539 -42.8730 6.6870 -1.2629 -21.3661 10.9671 -2.8478 -29.0330 0.0000 0.0000 0.0000 70.1608 -23.5059 -28.7349 40.6509 0.4288 1.1041 -177.1973 181.4385 125.6691 0.0000 0.0000 0.0000 0.0000 0.0000 0.0000 0.0000 0.0000 0.0000 0.0000 0.0000 0.0000 0.0000 0.0000 0.0000 0.0000 0.0000 0.0000 0.0000 0.0000 0.0000 0.0000 0.0000 0.0000 0.0000 0.0000 0.0000 0.0000 0.0000 0.0000 0.0000 0.0000 0.0000 0.0000 0.0000 0.0000 0.0000 0.0000 0.0000 0.0000 0.0000 0.0000 0.0000 0.0000 0.0000
152.7958 115.3322 194.4942 -9.9141 8.9760 -77.0363 14.1243 19.3940 0.7053 -2.6665 38.7048 -2.8977 -3.7064 -31.7081 -23.1663 0.0000 0.0000 0.0000 5.8036 -5.0669 0.9728 -16.0538 5.0558 2.4725 9.6207 -2.8437 24.1645 0.0000 0.0000 0.0000 -1.7207 0.7147 -4.8117 -1.7207 0.7147 -4.8117 -1.7207 0.7147 -4.8117 9.8864 -6.1782 -1.9513 9.8864 -6.1782 -1.9513 0.0000 0.0000 0.0000 -51.2529 -1.4337 -10.4216 -40.8931 11.8728 -32.0669 17.8075 -3.4444 -21.7286 16.5807 -3.8717 -26.1193 -35.6277 -5.0273 15.5590 -23.0222 0.5255 -2.5797 -12.4556 5.0545 -44.0426 -0.0405 0.0196 -51.6206 -14.5457 3.9575 -30.2961 -10.1266 4.1646 -44.6227 -1.5421 0.9397 -62.7105 11.4130 -2.4661 -24.3116 -4.3457 2.1517 -52.6662 4.3122 -1.8618 -46.6896 4.6426 -1.0048 -24.4123 -0.4367 0.1888 -46.7585 10.7107 -2.8060 -29.2845 -1.2139 0.4231 -38.4322 0.0000 0.0000 0.0000 73.3525 -23.1747 -25.8682 36.8170 1.4020 4.0005 -176.9760 181.5567 125.5298 0.0000 0.0000 0.0000 0.0000 0.0000 0.0000 0.0000 0.0000 0.0000 0.0000 0.0000 0.0000 0.0000 0.0000 0.0000 0.0000 0.0000 0.0000 0.0000 0.0000 0.0000 0.0000 0.0000 0.0000 0.0000 0.0000 0.0000 0.0000 0.0000 0.0000 0.0000 0.0000 0.0000 0.0000 0.0000 0.0000 0.0000 0.0000 0.0000 0.0000 0.0000 0.0000 0.0000 0.0000 0.0000
148.1175 115.3902 193.0248 -9.5904 10.5431 -80.8174 13.2175 16.3273 0.7509 -6.9125 43.9713 -1.3186 -3.8697 -28.2440 -22.4780 0.0000 0.0000 0.0000 4.6322 -2.8185 0.5347 -12.0026 4.3317 1.7863 9.4722 -3.2972 23.9078 0.0000 0.0000 0.0000 -1.1094 0.3394 -3.1446 -1.1094 0.3394 -3.1446 -1.1094 0.3394 -3.1446 9.2668 -6.6291 -2.9386 9.2668 -6.6291 -2.9386 0.0000 0.0000 0.0000 -50.6536 -2.6885 -6.9355 -45.3425 12.0549 -29.2703 16.9002 -3.6067 -23.9313 18.7227 -3.2652 -19.6178 -31.8413 -1.1487 4.0254 -22.2846 -3.0278 15.2850 -9.3981 2.2686 -27.0863 5.2992 -1.8612 -38.6831 -16.3312 1.7863 -12.4016 -13.8167 3.5293 -28.5332 1.5950 -0.6712 -45.6439 8.4165 -0.6963 -9.4418 -11.1789 3.9115 -38.4700 6.0447 -1.9782 -36.2151 -1.0279 0.1102 -12.2423 -10.4053 3.7325 -39.3797 2.4886 -0.3736 -17.0729 5.0317 -0.7553 -17.0641 0.0000 0.0000 0.0000 80.4479 -20.8373 -17.9816 38.4356 5.0350 13.6899 -165.8580 187.5872 123.7457 0.0000 0.0000 0.0000 0.0000 0.0000 0.0000 0.0000 0.0000 0.0000 0.0000 0.0000 0.0000 0.0000 0.0000 0.0000 0.0000 0.0000 0.0000 0.0000 0.0000 0.0000 0.0000 0.0000 0.0000 0.0000 0.0000 0.0000 0.0000 0.0000 0.0000 0.0000 0.0000 0.0000 0.0000 0.0000 0.0000 0.0000 0.0000 0.0000 0.0000 0.0000 0.0000 0.0000 0.0000 0.0000
143.8278 115.6671 191.9419 -9.4273 11.3636 -84.5167 12.1690 10.9636 0.6724 -12.3155 49.6020 1.2792 -3.6358 -23.1049 -20.4618 0.0000 0.0000 0.0000 3.7350 0.7309 -0.0509 -9.3176 1.9505 1.1405 10.5739 -3.7078 26.6051 0.0000 0.0000 0.0000 -0.7194 0.1397 -1.6386 -0.7194 0.1397 -1.6386 -0.7194 0.1397 -1.6386 8.9618 -6.8379 -3.0060 8.9618 -6.8379 -3.0060 0.0000 0.0000 0.0000 -50.6664 -4.2437 -2.6450 -49.3794 11.2262 -25.0329 15.4973 -3.7621 -27.1388 30.7937 -7.4451 -26.5858 -41.5528 -2.1425 5.6433 -21.6803 -0.3432 1.7922 -10.1070 4.6752 -49.5585 11.8546 -5.9214 -52.9614 -9.2075 1.8201 -22.3190 -4.5317 2.0764 -49.2155 3.2361 -2.0113 -63.7148 14.7309 -2.7281 -20.8749 -6.6968 3.9392 -60.8918 11.3189 -5.3180 -50.2197 10.7705 -2.2648 -23.6854 -7.5823 4.1474 -57.3061 16.5964 -5.7449 -37.9684 6.9343 -1.8905 -30.4665 0.0000 0.0000 0.0000 83.8198 -18.3498 -12.8394 36.8837 6.5593 18.5447 -159.0495 190.5050 127.1257 0.0000 0.0000 0.0000 0.0000 0.0000 0.0000 0.0000 0.0000 0.0000 0.0000 0.0000 0.0000 0.0000 0.0000 0.0000 0.0000 0.0000 0.0000 0.0000 0.0000 0.0000 0.0000 0.0000 0.0000 0.0000 0.0000 0.0000 0.0000 0.0000 0.0000 0.0000 0.0000 0.0000 0.0000 0.0000 0.0000 0.0000 0.0000 0.0000 0.0000 0.0000 0.0000 0.0000 0.0000 0.0000
140.0754 116.1382 191.1561 -9.7081 9.7386 -87.3788 8.3284 6.0120 0.6055 -18.4092 52.2180 4.6799 -6.0765 -13.6653 -21.8896 0.0000 0.0000 0.0000 3.4196 5.4476 -0.7704 -9.4661 -1.6370 0.7313 11.3289 -4.0463 28.4447 0.0000 0.0000 0.0000 -1.0394 0.0679 -0.7229 -1.0394 0.0679 -0.7229 -1.0394 0.0679 -0.7229 9.3662 -6.5101 -2.5418 9.3662 -6.5101 -2.5418 0.0000 0.0000 0.0000 -52.1640 -6.2149 2.2142 -50.7580 8.3631 -18.4216 13.8246 -3.6912 -29.7698 15.0381 -2.0631 -15.5361 -25.2318 -1.0287 4.5940 -15.1799 0.3044 -2.2839 0.1968 -0.0432 -24.7866 4.0545 -2.0388 -53.3758 -11.4572 -0.8124 8.0847 -2.6936 0.6157 -25.7447 -2.4680 1.0859 -47.4923 2.4094 -0.1815 -8.6144 -1.5719 0.5736 -40.0898 -7.5571 2.6060 -38.0074 13.8957 -1.9232 -15.6847 -14.7756 6.2085 -45.3957 9.8276 -1.7918 -20.6181 -5.7981 0.7286 -14.3135 0.0000 0.0000 0.0000 85.7908 -16.6386 -9.7154 34.4920 5.6319 17.0719 -160.8274 188.0517 134.7553 0.0000 0.0000 0.0000 0.0000 0.0000 0.0000 0.0000 0.0000 0.0000 0.0000 0.0000 0.0000 0.0000 0.0000 0.0000 0.0000 0.0000 0.0000 0.0000 0.0000 0.0000 0.0000 0.0000 0.0000 0.0000 0.0000 0.0000 0.0000 0.0000 0.0000 0.0000 0.0000 0.0000 0.0000 0.0000 0.0000 0.0000 0.0000 0.0000 0.0000 0.0000 0.0000 0.0000 0.0000 0.0000
136.0635 116.6867 191.9264 -9.9809 9.8454 -87.3621 8.6521 1.6586 0.2951 -21.0179 54.1111 6.3052 -4.8756 -17.4482 -20.8447 0.0000 0.0000 0.0000 3.0332 10.6919 -1.5407 -8.7388 -5.4517 0.2379 11.1085 -0.8042 27.4160 0.0000 0.0000 0.0000 -0.5457 0.0387 -0.2110 -0.5457 0.0387 -0.2110 -0.5457 0.0387 -0.2110 9.0403 -6.5416 -3.3812 9.0403 -6.5416 -3.3812 0.0000 0.0000 0.0000 -49.3991 -7.0643 5.6618 -51.7570 5.3265 -11.8531 12.9505 -3.1651 -27.3616 14.4287 -3.7566 -29.0484 -37.4840 -2.5845 7.6073 -33.4435 -6.4146 21.1309 4.9783 -1.0584 -23.9906 0.1449 -0.0611 -45.6871 -23.6957 -0.7238 3.4494 -2.9529 0.8722 -32.9044 -14.7615 3.4731 -26.3461 16.7338 -2.9526 -19.8776 -9.3412 5.1196 -57.3764 -6.2395 0.8134 -14.8413 17.4182 -1.1832 -7.7127 -13.1764 7.4123 -58.5709 2.2867 -0.1788 -8.9427 -0.2078 -0.0188 10.3619 0.0000 0.0000 0.0000 86.0889 -13.2737 -5.0955 31.7679 5.9731 19.6293 -152.9361 190.3711 138.6787 0.0000 0.0000 0.0000 0.0000 0.0000 0.0000 0.0000 0.0000 0.0000 0.0000 0.0000 0.0000 0.0000 0.0000 0.0000 0.0000 0.0000 0.0000 0.0000 0.0000 0.0000 0.0000 0.0000 0.0000 0.0000 0.0000 0.0000 0.0000 0.0000 0.0000 0.0000 0.0000 0.0000 0.0000 0.0000 0.0000 0.0000 0.0000 0.0000 0.0000 0.0000 0.0000 0.0000 0.0000 0.0000
132.3738 117.0570 192.4744 -9.6389 9.9182 -87.3421 8.0450 -3.6134 -0.0992 -24.4863 53.4015 8.2227 -4.6072 -17.1882 -20.2180 0.0000 0.0000 0.0000 3.5388 13.3467 -1.9919 -8.7892 -7.2519 0.0343 10.9393 -0.5720 26.9520 0.0000 0.0000 0.0000 -0.1856 0.0214 0.2276 -0.1856 0.0214 0.2276 -0.1856 0.0214 0.2276 9.2512 -6.7527 -3.9508 9.2512 -6.7527 -3.9508 0.0000 0.0000 0.0000 -47.7338 -7.2353 6.9818 -49.5787 2.3497 -5.9838 14.7312 -3.4414 -26.1657 7.4638 -1.9293 -28.9499 -32.5808 -3.5556 12.1253 -17.9061 -1.6498 10.4440 -8.2389 2.0718 -28.1863 10.7146 -4.6833 -47.1202 -9.2345 1.3004 -15.9978 -10.8055 4.2562 -42.9004 -3.8078 1.6493 -46.8263 16.6015 -3.7625 -25.3746 -16.7571 9.9535 -61.1857 3.6804 -2.6722 -71.9556 4.4645 -1.0628 -26.7687 -14.4386 7.9612 -57.5639 8.2413 -4.6726 -59.0469 4.0326 -2.5220 -64.0306 0.0000 0.0000 0.0000 86.1062 -9.9338 -0.5993 28.5054 6.5435 23.8412 -141.0795 190.2731 151.4529 0.0000 0.0000 0.0000 0.0000 0.0000 0.0000 0.0000 0.0000 0.0000 0.0000 0.0000 0.0000 0.0000 0.0000 0.0000 0.0000 0.0000 0.0000 0.0000 0.0000 0.0000 0.0000 0.0000 0.0000 0.0000 0.0000 0.0000 0.0000 0.0000 0.0000 0.0000 0.0000 0.0000 0.0000 0.0000 0.0000 0.0000 0.0000 0.0000 0.0000 0.0000 0.0000 0.0000 0.0000 0.0000
128.6494 117.7312 197.0269 -9.2988 9.7981 -87.7676 5.6316 -7.4342 -0.5902 -23.9120 49.0864 7.3896 -2.9373 -19.7128 -17.9391 0.0000 0.0000 0.0000 3.2912 14.2497 -2.1047 -7.2791 -6.0757 0.1014 11.0356 -5.0607 27.9006 0.0000 0.0000 0.0000 -0.0851 -0.0060 0.7750 -0.0851 -0.0060 0.7751 -0.0851 -0.0060 0.7750 9.7143 -6.9329 -4.5002 9.7143 -6.9329 -4.5002 0.0000 0.0000 0.0000 -45.2491 -7.3418 8.7104 -45.9359 -0.2147 -0.3922 17.1327 -4.0530 -26.4380 25.5562 -5.0144 -21.8553 -46.6075 3.5267 -8.1760 -29.4148 -1.2195 4.6435 -8.5916 4.0684 -50.6139 11.5881 -6.2351 -56.4494 -14.3140 3.9705 -30.8647 0.1207 -0.0566 -50.2585 3.0548 -2.2444 -72.6035 21.1027 1.1710 6.2805 -10.6923 7.6436 -71.0422 10.5547 -4.5419 -46.4708 11.0238 -1.6457 -16.9310 -22.7960 8.8078 -41.8157 2.0047 -0.4683 -26.2951 20.7847 -15.0988 -71.7065 0.0000 0.0000 0.0000 86.2483 -6.4878 4.0636 25.3417 6.4638 26.3353 -132.3269 186.4767 165.4044 0.0000 0.0000 0.0000 0.0000 0.0000 0.0000 0.0000 0.0000 0.0000 0.0000 0.0000 0.0000 0.0000 0.0000 0.0000 0.0000 0.0000 0.0000 0.0000 0.0000 0.0000 0.0000 0.0000 0.0000 0.0000 0.0000 0.0000 0.0000 0.0000 0.0000 0.0000 0.0000 0.0000 0.0000 0.0000 0.0000 0.0000 0.0000 0.0000 0.0000 0.0000 0.0000 0.0000 0.0000 0.0000
124.9233 118.4500 201.8482 -8.6001 9.7557 -89.1025 5.5591 -11.1527 -0.9543 -22.7508 43.5149 6.2039 -0.9327 -20.4412 -14.4684 0.0000 0.0000 0.0000 4.2722 15.0440 -2.3432 -8.0185 -4.7640 0.2754 11.1368 -11.1500 28.8960 0.0000 0.0000 0.0000 -0.0752 -0.0417 1.5531 -0.0752 -0.0417 1.5531 -0.0752 -0.0417 1.5531 10.0171 -7.4255 -4.9049 10.0171 -7.4255 -4.9049 0.0000 0.0000 0.0000 -43.1993 -7.4934 10.5393 -42.2498 -1.9640 4.1817 20.2005 -4.5697 -25.2506 29.3704 -2.8295 -10.7671 -27.5804 1.0772 -4.3867 -31.2020 0.2215 -0.7933 -11.4686 1.0650 -10.5759 7.0667 -1.5884 -25.3063 -21.5499 -1.6070 8.4297 -9.1133 0.5375 -6.7364 -3.6206 0.5347 -16.7977 10.9470 -1.1761 -12.2272 -3.4854 0.4264 -13.9450 -5.0768 1.0266 -22.8501 12.1674 0.0126 0.1180 -7.0831 1.0387 -16.6651 2.0527 -0.1524 -8.4919 2.5845 -0.1005 -4.4528 0.0000 0.0000 0.0000 86.4712 -2.3866 9.5883 20.5974 5.7336 28.3921 -129.3069 180.2879 179.3923 0.0000 0.0000 0.0000 0.0000 0.0000 0.0000 0.0000 0.0000 0.0000 0.0000 0.0000 0.0000 0.0000 0.0000 0.0000 0.0000 0.0000 0.0000 0.0000 0.0000 0.0000 0.0000 0.0000 0.0000 0.0000 0.0000 0.0000 0.0000 0.0000 0.0000 0.0000 0.0000 0.0000 0.0000 0.0000 0.0000 0.0000 0.0000 0.0000 0.0000 0.0000 0.0000 0.0000 0.0000 0.0000
121.0744 118.9025 205.4004 -8.4971 10.9215 -87.2927 5.9991 -13.2783 -1.0988 -15.1477 36.3813 2.3888 -0.4940 -19.2338 -13.1258 0.0000 0.0000 0.0000 6.5016 19.3621 -3.4043 -8.0389 -7.5467 -0.0234 11.5885 -15.1162 30.2148 0.0000 0.0000 0.0000 0.0787 -0.0574 1.7891 0.0787 -0.0574 1.7891 0.0787 -0.0574 1.7891 10.2419 -8.0210 -5.4054 10.2419 -8.0210 -5.4054 0.0000 0.0000 0.0000 -40.7434 -7.3428 11.8407 -38.9947 -3.6790 9.4672 21.3630 -3.9191 -20.5625 17.6894 -4.9570 -31.0898 -35.4786 -2.4035 7.5038 -1.6104 -0.2061 14.5874 7.5402 -2.5635 -37.5089 -3.5694 1.7826 -53.0653 -29.2591 4.5825 -17.4289 -9.0027 2.7771 -34.2273 -10.3366 4.3437 -45.4950 10.0928 -1.0113 -11.4145 -17.7867 7.6459 -46.2489 -12.3421 3.6350 -32.7114 10.4322 -1.1200 -12.2228 -21.3712 7.6724 -39.1268 -9.3863 1.4878 -17.9749 21.1222 -2.4233 -12.9443 0.0000 0.0000 0.0000 85.6194 0.8143 13.9183 17.1040 4.9133 28.9060 -129.6711 176.2740 187.9211 0.0000 0.0000 0.0000 0.0000 0.0000 0.0000 0.0000 0.0000 0.0000 0.0000 0.0000 0.0000 0.0000 0.0000 0.0000 0.0000 0.0000 0.0000 0.0000 0.0000 0.0000 0.0000 0.0000 0.0000 0.0000 0.0000 0.0000 0.0000 0.0000 0.0000 0.0000 0.0000 0.0000 0.0000 0.0000 0.0000 0.0000 0.0000 0.0000 0.0000 0.0000 0.0000 0.0000 0.0000 0.0000
117.4711 119.1786 207.8791 -8.1690 11.8810 -86.6092 5.2154 -15.5477 -1.4339 -9.2885 27.2036 0.2202 -1.6939 -11.2750 -11.6138 0.0000 0.0000 0.0000 8.8332 21.9484 -4.3156 -8.8866 -8.9378 -0.1578 11.9591 -14.0647 30.8753 0.0000 0.0000 0.0000 0.2299 -0.0989 2.2768 0.2299 -0.0989 2.2768 0.2299 -0.0989 2.2768 10.5630 -8.6464 -5.3958 10.5630 -8.6464 -5.3958 0.0000 0.0000 0.0000 -37.1629 -6.6993 12.3929 -36.3861 -4.9172 13.9881 21.5057 -2.6946 -14.1196 32.5537 -5.9990 -20.3480 -21.9196 0.3924 -2.0261 -8.0720 -0.3437 4.8686 -8.0296 1.7016 -23.8938 1.1653 -0.3968 -37.6069 -18.1815 0.5915 -3.6955 -7.5083 1.7895 -26.7768 -1.8752 0.5196 -30.9721 2.9731 -0.3727 -14.2887 -8.5365 3.2234 -41.3126 -1.8033 0.5059 -31.3374 5.6466 -0.2250 -4.5608 -13.2996 4.2618 -35.4011 1.8764 -0.2248 -13.6633 4.2824 -0.7602 -20.1221 0.0000 0.0000 0.0000 83.4520 4.4341 19.1441 12.8477 3.7607 28.6631 -133.2149 173.3172 195.3731 0.0000 0.0000 0.0000 0.0000 0.0000 0.0000 0.0000 0.0000 0.0000 0.0000 0.0000 0.0000 0.0000 0.0000 0.0000 0.0000 0.0000 0.0000 0.0000 0.0000 0.0000 0.0000 0.0000 0.0000 0.0000 0.0000 0.0000 0.0000 0.0000 0.0000 0.0000 0.0000 0.0000 0.0000 0.0000 0.0000 0.0000 0.0000 0.0000 0.0000 0.0000 0.0000 0.0000 0.0000 0.0000
114.2693 119.1589 209.5661 -7.1047 12.0309 -87.4296 4.6254 -18.2522 -1.8133 -7.1104 16.4015 -0.0351 -3.1269 -4.3986 -10.7541 0.0000 0.0000 0.0000 11.7713 23.8734 -5.3196 -11.6429 -11.9079 -0.5248 14.8423 -13.2923 36.7399 0.0000 0.0000 0.0000 0.0052 -0.2993 3.3255 0.0052 -0.2993 3.3255 0.0052 -0.2993 3.3255 10.8547 -8.7888 -5.2774 10.8547 -8.7888 -5.2774 0.0000 0.0000 0.0000 -35.3469 -6.1107 11.5531 -33.8199 -6.2660 19.5140 21.1490 -1.3333 -7.1332 30.3086 -6.1388 -22.3980 -31.8218 -5.2262 18.1918 6.3174 -0.7307 -13.1830 -0.5902 0.1754 -33.0965 -2.0972 0.8320 -43.2757 -17.1111 -0.2468 1.6401 -1.3195 0.4358 -36.5513 -8.5727 2.0659 -27.0529 5.0948 -0.8187 -18.2460 -7.5594 3.8782 -54.2690 -5.5286 0.9614 -19.7155 6.1750 -0.4017 -7.4375 -21.2390 9.3750 -47.2412 6.3398 -0.5742 -10.3394 6.3329 -0.7027 -12.6498 0.0000 0.0000 0.0000 82.0201 8.2208 24.8234 8.8180 2.5162 26.6002 -140.2110 171.6245 202.8766 2.9415 -0.3099 -12.0243 23.8516 2.8098 13.2473 10.1104 -0.7796 -8.7964 37.6183 -4.4039 -12.8814 8.1601 -2.0142 -27.6882 18.7666 2.2229 13.3924 31.4526 -6.2080 -21.8014 11.5208 -0.8577 -8.4870 15.5551 -2.2111 -16.0842 28.8098 -6.6607 -25.5308 17.7306 -2.4928 -15.8822 -5.9922 0.9537 -18.0710 20.2437 -2.2138 -12.3543 12.3086 -3.2472 -29.4562 21.1228 -3.0840 -16.4311
110.9070 118.8087 210.7048 -6.7971 13.3870 -88.1705 4.2142 -19.2701 -2.0003 -4.7022 9.3635 -0.1557 -3.9238 -1.1673 -10.5144 0.0000 0.0000 0.0000 13.1016 26.8127 -6.3364 -12.5287 -14.0929 -0.8614 17.0057 -11.7376 41.2914 0.0000 0.0000 0.0000 0.3918 -0.4695 4.3249 0.3918 -0.4695 4.3249 0.3918 -0.4695 4.3249 11.0492 -8.9124 -5.5010 11.0492 -8.9124 -5.5010 0.0000 0.0000 0.0000 -32.9204 -5.4798 10.9578 -30.6864 -6.5407 22.6291 21.2619 -1.0543 -5.6123 19.8699 -5.5692 -31.0388 -33.0974 -7.4862 24.8339 12.7895 -0.8284 -7.3816 -0.6226 0.2133 -37.8176 -5.1609 2.4190 -50.2036 -21.6475 0.7034 -3.6780 -7.0255 2.7689 -42.9791 -13.8589 4.7566 -37.7348 7.4943 -0.9496 -14.4228 -11.6981 7.3705 -64.3179 -11.5097 1.4128 -13.9499 9.7455 -1.3444 -15.6724 -28.4091 13.5859 -50.4026 6.5218 -0.8929 -15.5756 5.3625 -0.4289 -9.1393 0.0000 0.0000 0.0000 79.8595 9.6872 27.5774 5.9772 1.7933 25.9415 -145.7520 170.4126 210.4530 -4.2577 1.0158 -26.8275 28.9227 6.1683 23.6011 -2.4850 0.0758 -3.4919 21.5446 -2.2049 -11.5510 9.9603 -3.7084 -40.7611 24.9080 1.6179 7.3164 25.6634 -4.5620 -19.8385 10.8493 -1.1661 -12.2332 2.9590 -0.4927 -18.9029 25.6253 -8.0788 -34.5002 18.1337 -1.6504 -10.3150 -8.7331 1.2009 -15.6305 19.6771 -4.9728 -28.1145 -0.3358 0.0352 -11.9617 23.2144 -0.1974 -0.9608
107.3986 118.4205 211.4744 -6.6000 14.2898 -87.5699 2.8105 -20.1717 -2.3808 -1.7720 5.7578 -0.3446 -4.5856 0.0605 -11.3185 0.0000 0.0000 0.0000 16.7379 28.5416 -7.7005 -14.7474 -12.7399 -0.6899 18.6633 -9.0927 45.0975 0.0000 0.0000 0.0000 0.7657 -0.5607 4.7320 0.7657 -0.5607 4.7320 0.7657 -0.5607 4.7320 10.7080 -9.2608 -5.8703 10.7080 -9.2608 -5.8703 0.0000 0.0000 0.0000 -31.0073 -5.1766 11.4265 -29.4420 -6.6785 24.1428 19.8667 -0.8153 -4.6532 21.0327 -4.8717 -25.8138 -40.1353 -5.6803 15.4675 3.8320 0.1139 3.4053 10.1985 -2.6519 -29.0832 -14.5040 4.8589 -36.8779 -20.2673 2.4733 -13.7735 0.3173 -0.0805 -28.4853 -15.8381 5.1188 -35.6296 6.8201 -0.8959 -14.9505 -6.0023 2.5590 -46.1505 -11.9376 2.6154 -24.6328 3.7395 -0.2751 -8.4131 -9.6926 4.2846 -47.6141 -4.5946 0.2312 -5.7575 5.5049 -0.3802 -7.8962 0.0000 0.0000 0.0000 77.5837 10.5179 29.5901 3.6419 1.2175 25.2163 -150.5860 170.6889 214.4733 -4.2577 1.0158 -26.8275 28.9227 6.1683 23.6011 -2.4850 0.0758 -3.4919 21.5446 -2.2049 -11.5510 9.9603 -3.7084 -40.7611 24.9080 1.6179 7.3164 25.6634 -4.5620 -19.8385 10.8493 -1.1661 -12.2332 2.9590 -0.4927 -18.9029 25.6253 -8.0788 -34.5002 18.1337 -1.6504 -10.3150 -8.7331 1.2009 -15.6305 19.6771 -4.9728 -28.1145 -0.3358 0.0352 -11.9617 23.2144 -0.1974 -0.9608
103.8824 118.0916 211.9979 -6.4604 14.4018 -87.3833 1.3955 -19.7419 -2.6067 1.4070 5.2806 -0.7407 -4.5526 0.2922 -11.0688 0.0000 0.0000 0.0000 18.3117 30.1778 -8.6099 -15.3254 -10.9981 -0.3920 19.4397 -4.1193 47.6377 0.0000 0.0000 0.0000 0.9201 -0.5320 4.7772 0.9201 -0.5320 4.7772 0.9201 -0.5320 4.7772 9.9408 -9.5235 -6.2954 9.9408 -9.5235 -6.2954 0.0000 0.0000 0.0000 -29.7091 -5.2943 13.6650 -29.4360 -6.6205 23.9365 18.9021 -0.4913 -2.9506 14.9629 -4.0826 -30.3696 -41.9058 -8.2004 21.2066 4.5917 0.1074 2.6782 9.4324 -2.2578 -26.8670 -13.8666 7.3945 -55.9719 -18.8416 0.8677 -5.2261 3.2237 -1.1630 -39.6660 -20.7930 7.5224 -39.4262 9.9831 -0.9533 -10.8828 -2.5762 1.5986 -63.6360 -19.7609 3.0862 -17.5840 10.7292 -0.8843 -9.3963 -24.5486 11.9072 -51.2195 6.4971 -0.5584 -9.8140 2.7184 -0.3579 -14.9960 0.0000 0.0000 0.0000 75.3600 10.4498 30.2850 1.1450 0.6735 25.7801 -154.5002 170.8405 218.9885 2.1580 -0.4232 -22.1908 19.7011 0.0333 0.1916 16.3384 -0.7580 -5.2768 12.8358 -1.2818 -11.3581 4.0460 -1.4689 -39.8948 32.9666 0.6153 2.0793 16.4930 -3.2627 -22.2349 24.8262 -5.7736 -25.8082 -24.0947 3.5918 -16.7155 20.6777 -6.9072 -36.6093 8.3312 -1.7668 -23.9076 -15.6793 0.8789 -6.3772 16.0207 -5.0058 -34.5114 -2.1182 0.3356 -18.0040 23.7199 -0.7932 -3.7757
99.9122 117.5180 209.8924 -7.0441 15.0098 -86.8762 0.5780 -18.0691 -2.5293 4.2376 6.0860 -1.2459 -4.1896 -0.6175 -10.7932 0.0000 0.0000 0.0000 20.7016 32.2134 -9.9520 -15.6508 -8.5147 0.0496 19.0437 -0.3829 47.4023 0.0000 0.0000 0.0000 1.1898 -0.4970 4.6658 1.1898 -0.4970 4.6658 1.1898 -0.4970 4.6658 9.5911 -9.7246 -6.7248 9.5911 -9.7246 -6.7248 0.0000 0.0000 0.0000 -28.5460 -5.3113 15.3901 -28.9590 -6.5385 24.0471 18.9577 -0.2757 -1.6511 16.0405 -4.1904 -29.1106 -43.7347 -3.9164 9.7386 -9.7531 -0.9208 10.7607 -0.5392 0.1590 -32.8522 -9.8030 3.9408 -43.7185 -16.9267 0.9008 -6.0481 0.0409 -0.0147 -39.5926 -13.7537 3.9550 -31.9521 6.6029 -1.0339 -17.7798 -3.7840 2.1187 -58.4770 -11.7914 2.1447 -20.5483 10.1951 -0.8414 -9.4115 -14.3201 6.9451 -51.5659 4.9973 -0.5840 -13.3239 1.8303 -0.1337 -8.3538 0.0000 0.0000 0.0000 74.4412 10.2574 30.3139 0.0599 0.4375 26.5063 -156.4918 170.6861 222.7593 2.1580 -0.4232 -22.1908 19.7011 0.0333 0.1916 16.3384 -0.7580 -5.2768 12.8358 -1.2818 -11.3581 4.0460 -1.4689 -39.8948 32.9666 0.6153 2.0793 16.4930 -3.2627 -22.2349 24.8262 -5.7736 -25.8082 -24.0947 3.5918 -16.7155 20.6777 -6.9072 -36.6093 8.3312 -1.7668 -23.9076 -15.6793 0.8789 -6.3772 16.0207 -5.0058 -34.5114 -2.1182 0.3356 -18.0040 23.7199 -0.7932 -3.7757
95.5513 116.9209 206.2019 -7.6662 14.9835 -86.7015 -0.7662 -16.3065 -2.5029 6.4142 8.0733 -1.8810 -3.0933 -2.8525 -9.6527 0.0000 0.0000 0.0000 21.4365 34.0412 -10.8047 -15.0333 -6.8648 0.3172 19.4019 4.6667 49.5405 0.0000 0.0000 0.0000 1.2895 -0.4312 4.5234 1.2895 -0.4312 4.5234 1.2895 -0.4312 4.5234 9.2887 -9.8356 -6.8470 9.2887 -9.8356 -6.8470 0.0000 0.0000 0.0000 -27.6246 -5.1643 15.8834 -28.1390 -6.2523 23.6894 18.8497 -0.1663 -1.0016 10.6573 -3.0937 -32.2943 -33.6222 -9.5310 30.8513 -7.0736 0.0130 -0.2106 11.8471 -3.5907 -33.6194 -18.2495 8.5382 -49.8538 -15.4046 1.4145 -10.4303 0.9933 -0.3386 -37.6446 -18.8359 8.2603 -47.0507 0.2221 -0.0285 -14.6136 -3.9734 1.8967 -51.0213 -20.9647 7.2371 -37.7408 7.7963 -0.7722 -11.2963 -25.7621 9.1827 -38.6996 -0.8596 0.2022 -26.4666 4.6818 -0.7223 -17.5321 0.0000 0.0000 0.0000 74.6758 9.6506 29.2317 0.0674 0.4560 27.4773 -155.5323 170.0556 223.7256 2.1580 -0.4232 -22.1908 19.7011 0.0333 0.1916 16.3384 -0.7580 -5.2768 12.8358 -1.2818 -11.3581 4.0460 -1.4689 -39.8948 32.9666 0.6153 2.0793 16.4930 -3.2627 -22.2349 24.8262 -5.7736 -25.8082 -24.0947 3.5918 -16.7155 20.6777 -6.9072 -36.6093 8.3312 -1.7668 -23.9076 -15.6793 0.8789 -6.3772 16.0207 -5.0058 -34.5114 -2.1182 0.3356 -18.0040 23.7199 -0.7932 -3.7757
91.0770 116.2665 200.0385 -8.2445 15.3812 -86.2473 1.3738 -15.5842 -2.0489 3.4314 11.2812 -1.8186 -2.8246 -2.9928 -9.1073 0.0000 0.0000 0.0000 21.3372 34.6183 -10.9737 -15.2654 -5.1933 0.6142 18.2456 14.6705 49.1234 0.0000 0.0000 0.0000 1.5134 -0.3905 4.4448 1.5134 -0.3905 4.4448 1.5134 -0.3905 4.4448 9.2566 -9.8800 -6.9227 9.2566 -9.8800 -6.9227 0.0000 0.0000 0.0000 -27.7579 -5.1987 15.8928 -28.0968 -6.1837 23.4637 20.6654 -0.4714 -2.5853 18.2485 -5.1674 -31.3868 -47.7240 -5.6018 12.6225 -8.7329 -0.6247 8.1673 3.3603 -1.0569 -34.9121 -2.4857 1.1485 -49.5908 -12.3749 0.7120 -6.5602 1.5776 -0.6736 -46.2394 -7.8772 2.7218 -38.0738 6.9767 -0.7275 -11.8917 -2.3503 1.9058 -78.0714 -8.2572 0.8007 -11.0587 12.7675 -1.1385 -10.1493 -17.5822 10.3648 -60.7806 9.3498 -1.2625 -15.3468 -2.4817 0.2723 -12.5233 0.0000 0.0000 0.0000 76.6778 8.5686 26.8305 2.2620 1.0768 29.7002 -154.4055 169.7816 222.9715 2.1580 -0.4232 -22.1908 19.7011 0.0333 0.1916 16.3384 -0.7580 -5.2768 12.8358 -1.2818 -11.3581 4.0460 -1.4689 -39.8948 32.9666 0.6153 2.0793 16.4930 -3.2627 -22.2349 24.8262 -5.7736 -25.8082 -24.0947 3.5918 -16.7155 20.6777 -6.9072 -36.6093 8.3312 -1.7668 -23.9076 -15.6793 0.8789 -6.3772 16.0207 -5.0058 -34.5114 -2.1182 0.3356 -18.0040 23.7199 -0.7932 -3.7757
86.5234 115.8332 194.5488 -9.1301 15.6346 -84.3420 1.2032 -14.0969 -1.8740 3.4756 15.0715 -2.3322 -2.3116 -5.1284 -9.3368 0.0000 0.0000 0.0000 22.9985 32.9758 -10.9164 -14.9553 0.7226 1.5916 16.7243 19.5774 44.9389 0.0000 0.0000 0.0000 1.6261 -0.2464 3.4925 1.6261 -0.2464 3.4925 1.6261 -0.2464 3.4925 9.3546 -9.7540 -6.6614 9.3546 -9.7540 -6.6614 0.0000 0.0000 0.0000 -28.5806 -5.4385 16.1141 -28.5883 -6.1598 22.9503 22.1917 -0.7457 -3.8011 26.9615 -5.9965 -24.6497 -41.8324 2.0715 -5.4168 -33.2600 1.0633 -3.5590 4.6323 -0.6056 -14.8898 -6.8159 2.3975 -38.7222 -20.0557 1.8148 -10.2369 -4.5335 0.5393 -13.5601 -7.2982 3.0492 -45.3054 0.9653 -0.1007 -11.9160 -9.3397 2.5307 -30.2629 -0.5332 0.1688 -35.1348 -6.6724 0.6046 -10.3444 -11.9008 4.0240 -37.2530 2.1751 -0.1453 -7.6450 2.4706 -0.0821 -3.8067 0.0000 0.0000 0.0000 78.7509 7.3529 24.3635 4.9808 1.8728 30.8586 -148.5594 168.6696 218.8285 2.1580 -0.4232 -22.1908 19.7011 0.0333 0.1916 16.3384 -0.7580 -5.2768 12.8358 -1.2818 -11.3581 4.0460 -1.4689 -39.8948 32.9666 0.6153 2.0793 16.4930 -3.2627 -22.2349 24.8262 -5.7736 -25.8082 -24.0947 3.5918 -16.7155 20.6777 -6.9072 -36.6093 8.3312 -1.7668 -23.9076 -15.6793 0.8789 -6.3772 16.0207 -5.0058 -34.5114 -2.1182 0.3356 -18.0040 23.7199 -0.7932 -3.7757
81.9202 115.8480 190.6981 -9.5857 15.2903 -84.1938 1.7789 -11.1183 -1.4017 1.2206 16.7643 -2.0204 -0.9710 -7.9567 -8.1490 0.0000 0.0000 0.0000 22.1349 31.1432 -10.0050 -15.6969 5.4551 2.4897 16.3575 20.2815 43.5711 0.0000 0.0000 0.0000 1.7932 -0.1393 2.7337 1.7932 -0.1393 2.7337 1.7932 -0.1393 2.7337 9.5784 -9.5352 -6.8116 9.5784 -9.5352 -6.8116 0.0000 0.0000 0.0000 -29.8685 -6.1011 18.0366 -30.4485 -5.3530 18.5946 22.7354 -1.9572 -9.7125 34.3018 -5.0660 -16.3150 -38.0694 3.1434 -9.0944 -17.4573 1.2212 -7.9418 -4.8361 0.2898 -6.8543 -4.9439 1.3182 -29.8433 -30.2698 0.4160 -1.5379 -11.1974 0.0687 -0.7008 -9.2473 3.2216 -38.3470 13.0448 -1.2642 -11.0233 -10.7990 0.4986 -5.2710 -5.9021 2.1931 -40.7401 3.5552 -0.4033 -12.9394 -11.4171 2.1732 -21.4869 -0.8073 0.0217 -3.0737 4.8723 -0.5522 -12.9248 0.0000 0.0000 0.0000 81.5620 5.2930 20.6842 9.5302 3.3686 33.0303 -142.8715 167.8217 215.2440 0.0000 0.0000 0.0000 0.0000 0.0000 0.0000 0.0000 0.0000 0.0000 0.0000 0.0000 0.0000 0.0000 0.0000 0.0000 0.0000 0.0000 0.0000 0.0000 0.0000 0.0000 0.0000 0.0000 0.0000 0.0000 0.0000 0.0000 0.0000 0.0000 0.0000 0.0000 0.0000 0.0000 0.0000 0.0000 0.0000 0.0000 0.0000 0.0000 0.0000 0.0000 0.0000 0.0000 0.0000 0.0000
77.7398 116.1677 188.1140 -9.5120 14.4031 -83.6372 2.8384 -9.4063 -1.0689 -1.8442 18.8199 -1.4726 -0.4319 -10.1032 -8.3065 0.0000 0.0000 0.0000 21.1963 27.7284 -8.5797 -15.9136 9.3237 3.1960 15.7563 18.2691 40.6394 0.0000 0.0000 0.0000 1.6744 -0.0557 1.8820 1.6744 -0.0557 1.8820 1.6744 -0.0557 1.8820 9.5417 -8.5074 -6.7729 9.5417 -8.5074 -6.7729 0.0000 0.0000 0.0000 -32.4704 -7.0029 19.0231 -32.1163 -4.3900 14.2706 21.3659 -3.0600 -16.1178 33.3533 -0.3292 -1.0990 -30.4710 -0.8884 3.2609 -13.4884 1.3137 -11.0745 -4.9636 -0.1974 4.5528 -8.4783 0.7261 -9.7729 -40.3519 -19.0873 49.1725 -4.8559 -0.3641 8.5720 -18.9339 -1.9176 11.4625 35.8847 -8.3324 -25.3560 -7.4153 -0.5213 8.0320 -1.4430 0.0377 -2.9957 6.9840 -0.8914 -14.5292 -18.1175 1.0273 -6.4370 8.9378 0.0231 0.2954 10.3459 0.4571 5.0456 0.0000 0.0000 0.0000 84.1365 2.6714 16.5876 13.5447 4.5575 32.9181 -137.1616 168.7403 208.2116 0.0000 0.0000 0.0000 0.0000 0.0000 0.0000 0.0000 0.0000 0.0000 0.0000 0.0000 0.0000 0.0000 0.0000 0.0000 0.0000 0.0000 0.0000 0.0000 0.0000 0.0000 0.0000 0.0000 0.0000 0.0000 0.0000 0.0000 0.0000 0.0000 0.0000 0.0000 0.0000 0.0000 0.0000 0.0000 0.0000 0.0000 0.0000 0.0000 0.0000 0.0000 0.0000 0.0000 0.0000 0.0000
73.6673 117.0005 186.4093 -8.5697 12.9252 -85.5719 3.4652 -8.4146 -0.8899 -3.1137 19.7433 -1.2203 0.4506 -8.0601 -5.1556 0.0000 0.0000 0.0000 17.5529 21.8914 -5.9403 -16.5781 14.8544 4.3125 15.3318 19.2223 39.0027 0.0000 0.0000 0.0000 0.9798 -0.0021 1.1315 0.9798 -0.0021 1.1315 0.9798 -0.0021 1.1315 9.9543 -7.4451 -5.3323 9.9543 -7.4451 -5.3323 0.0000 0.0000 0.0000 -36.5820 -8.6925 21.1940 -36.7694 -3.7275 10.2847 17.4250 -3.4147 -22.0142 31.6574 3.2853 11.5517 -25.9754 -0.8858 3.8392 -13.3640 1.9790 -16.7731 -6.1283 0.2487 -4.6440 -9.0062 0.8785 -11.1201 -19.7351 -7.4582 41.0820 -12.2304 -0.0554 0.5170 -16.1754 -1.1006 7.7338 11.7391 -0.7865 -7.6390 -16.8828 0.5269 -3.5494 -10.0410 -0.6501 7.3899 15.4048 -1.3935 -10.2761 -17.8487 1.7836 -11.3219 -0.7051 -0.0594 9.6317 9.4119 0.7419 8.9947 0.0000 0.0000 0.0000 88.9148 -4.8342 6.5148 22.9290 5.1102 23.0150 -127.1408 184.9748 170.0105 0.0000 0.0000 0.0000 0.0000 0.0000 0.0000 0.0000 0.0000 0.0000 0.0000 0.0000 0.0000 0.0000 0.0000 0.0000 0.0000 0.0000 0.0000 0.0000 0.0000 0.0000 0.0000 0.0000 0.0000 0.0000 0.0000 0.0000 0.0000 0.0000 0.0000 0.0000 0.0000 0.0000 0.0000 0.0000 0.0000 0.0000 0.0000 0.0000 0.0000 0.0000 0.0000 0.0000 0.0000 0.0000
69.5588 117.4685 185.2872 -8.3939 12.5041 -85.8463 3.2408 -5.7054 -0.5956 -3.8361 19.2005 -0.9929 1.5398 -10.0600 -4.1840 0.0000 0.0000 0.0000 13.2187 14.6599 -3.3281 -14.0931 23.5458 5.1181 15.4747 16.1343 39.2953 0.0000 0.0000 0.0000 0.7660 0.0362 0.3236 0.7660 0.0362 0.3236 0.7660 0.0362 0.3236 9.8888 -7.1989 -4.7073 9.8888 -7.1989 -4.7073 0.0000 0.0000 0.0000 -39.9828 -9.8097 21.4568 -41.4147 -2.0973 4.6458 14.2941 -3.5971 -28.1184 29.2708 -2.7107 -10.3540 -19.5705 -0.0783 0.4543 -8.7566 0.8015 -10.4392 -12.1798 2.1475 -19.9274 4.4681 -1.6102 -39.6184 -30.8604 -0.1427 0.5171 -16.3063 3.0903 -21.3257 -1.9652 0.6265 -35.3619 -0.7595 0.0810 -12.1783 -16.7528 3.7598 -25.1324 1.8772 -0.4917 -29.3516 7.1837 -0.9916 -15.6990 -15.7897 3.5491 -25.1882 1.2541 -0.1228 -11.1871 19.6530 -1.1023 -6.3580 0.0000 0.0000 0.0000 89.9799 -11.6567 -1.9794 26.6400 4.2414 16.6287 -147.2401 188.9069 150.3189 0.0000 0.0000 0.0000 0.0000 0.0000 0.0000 0.0000 0.0000 0.0000 0.0000 0.0000 0.0000 0.0000 0.0000 0.0000 0.0000 0.0000 0.0000 0.0000 0.0000 0.0000 0.0000 0.0000 0.0000 0.0000 0.0000 0.0000 0.0000 0.0000 0.0000 0.0000 0.0000 0.0000 0.0000 0.0000 0.0000 0.0000 0.0000 0.0000 0.0000 0.0000 0.0000 0.0000 0.0000 0.0000
65.2971 117.7340 184.5442 -8.2803 11.9635 -85.3521 3.3123 -0.7125 -0.0128 -3.3087 14.8985 -0.8076 1.6500 -12.5114 -5.4876 0.0000 0.0000 0.0000 11.6578 9.4664 -1.9519 -13.4409 27.3738 5.5098 15.4463 9.4649 38.7354 0.0000 0.0000 0.0000 0.5219 0.0217 -0.2356 0.5219 0.0217 -0.2356 0.5219 0.0217 -0.2356 10.0634 -6.4539 -4.1135 10.0634 -6.4539 -4.1135 0.0000 0.0000 0.0000 -42.3547 -9.8993 19.2908 -45.2219 -0.3421 -0.0773 13.2979 -3.6123 -30.2736 16.4528 -3.9591 -26.8912 -31.2411 -1.4363 5.1340 -31.1983 -0.4636 1.6604 -11.9149 3.6761 -34.1874 0.8648 -0.4636 -56.3909 -25.2233 4.5220 -20.0155 -9.8665 3.1964 -35.8260 -5.2844 3.0571 -60.0762 11.2381 -1.9302 -19.4318 -7.9763 3.4146 -46.2964 1.0131 -0.4419 -47.1300 2.4477 -0.3393 -15.7831 -10.9002 4.1416 -41.5110 2.8507 -0.4399 -17.5400 -2.5203 0.7389 -32.6768 0.0000 0.0000 0.0000 90.9552 -13.0353 -3.4574 26.5210 3.7813 14.9093 -155.9029 187.0727 147.7047 0.0000 0.0000 0.0000 0.0000 0.0000 0.0000 0.0000 0.0000 0.0000 0.0000 0.0000 0.0000 0.0000 0.0000 0.0000 0.0000 0.0000 0.0000 0.0000 0.0000 0.0000 0.0000 0.0000 0.0000 0.0000 0.0000 0.0000 0.0000 0.0000 0.0000 0.0000 0.0000 0.0000 0.0000 0.0000 0.0000 0.0000 0.0000 0.0000 0.0000 0.0000 0.0000 0.0000 0.0000 0.0000
61.5708 118.3199 184.7380 -8.0514 12.5929 -89.1827 1.8632 1.1684 0.1895 -5.2679 15.9842 -0.4393 3.3873 -14.6455 -3.3750 0.0000 0.0000 0.0000 7.5539 6.8422 -1.1680 -13.8822 21.2865 4.6976 15.6469 0.7277 38.8732 0.0000 0.0000 0.0000 0.5293 0.0128 0.1427 0.5293 0.0128 0.1427 0.5293 0.0128 0.1427 10.2856 -5.9491 -2.7965 10.2856 -5.9491 -2.7965 0.0000 0.0000 0.0000 -45.0043 -9.7655 16.4700 -47.6090 2.1625 -5.7983 12.7653 -3.5736 -31.1650 15.2473 -3.1267 -23.0499 -29.5783 -1.8370 6.9503 -22.4093 -1.9815 9.9789 -12.7936 2.5638 -22.5759 15.5719 -6.4401 -44.7300 -20.6666 0.6450 -3.5365 -10.6073 2.9435 -30.9408 -0.4796 0.1713 -39.3213 15.0903 -1.2303 -9.2688 -10.7481 4.0367 -41.0751 6.1070 -1.9420 -35.2525 8.0477 -0.7249 -10.2780 -5.5733 1.9488 -38.5224 6.8578 -0.9995 -16.5655 -0.5343 0.0907 -19.2588 0.0000 0.0000 0.0000 90.2055 -14.0091 -4.8686 28.4298 4.5278 16.6553 -156.1113 186.9257 148.0733 0.0000 0.0000 0.0000 0.0000 0.0000 0.0000 0.0000 0.0000 0.0000 0.0000 0.0000 0.0000 0.0000 0.0000 0.0000 0.0000 0.0000 0.0000 0.0000 0.0000 0.0000 0.0000 0.0000 0.0000 0.0000 0.0000 0.0000 0.0000 0.0000 0.0000 0.0000 0.0000 0.0000 0.0000 0.0000 0.0000 0.0000 0.0000 0.0000 0.0000 0.0000 0.0000 0.0000 0.0000 0.0000
58.1604 119.4623 188.7584 -8.3550 12.7198 -87.1862 2.1356 3.6849 0.5103 -5.8484 15.4451 -0.2780 2.2372 -15.6076 -6.1312 0.0000 0.0000 0.0000 9.5096 -1.6731 0.5045 -14.7268 26.1136 5.7380 14.0682 -3.7807 34.9268 0.0000 0.0000 0.0000 0.3165 0.0636 -1.0069 0.3166 0.0636 -1.0070 0.3165 0.0636 -1.0069 10.4199 -5.0401 -2.1813 10.4199 -5.0401 -2.1813 0.0000 0.0000 0.0000 -51.2146 -8.9975 10.0014 -47.2752 3.4029 -8.6642 13.0357 -3.4324 -29.3901 25.7390 -6.1466 -26.4492 -40.4880 -3.1665 8.5721 -33.1513 3.4354 -11.5064 -13.0820 5.6443 -46.5286 -2.4563 0.9744 -43.2723 -24.9540 8.9113 -38.8002 -8.0020 3.1133 -42.4653 -6.4018 3.9895 -63.8277 7.8270 -1.8531 -26.6025 -5.5741 2.7205 -52.0023 -1.3577 0.6502 -51.1784 -0.1819 0.0604 -36.7229 -3.9354 1.4103 -39.4203 -0.0735 0.0292 -43.3315 -2.3332 1.1542 -52.6349 0.0000 0.0000 0.0000 88.9970 -15.6969 -7.3656 29.5157 3.8911 13.8212 -161.6435 186.1240 143.3637 0.0000 0.0000 0.0000 0.0000 0.0000 0.0000 0.0000 0.0000 0.0000 0.0000 0.0000 0.0000 0.0000 0.0000 0.0000 0.0000 0.0000 0.0000 0.0000 0.0000 0.0000 0.0000 0.0000 0.0000 0.0000 0.0000 0.0000 0.0000 0.0000 0.0000 0.0000 0.0000 0.0000 0.0000 0.0000 0.0000 0.0000 0.0000 0.0000 0.0000 0.0000 0.0000 0.0000 0.0000 0.0000
55.2016 120.7503 200.4062 -7.8961 11.4233 -97.2623 1.4159 -0.8750 -0.0861 -10.6255 16.8492 0.7755 4.2963 -14.5523 -1.5876 0.0000 0.0000 0.0000 9.8084 4.6441 -0.8083 -18.0255 13.1271 4.3160 17.4198 -4.7443 42.8075 0.0000 0.0000 0.0000 -0.3669 -0.0190 0.8903 -0.3669 -0.0190 0.8903 -0.3669 -0.0190 0.8903 10.6839 -4.5970 -0.2080 10.6839 -4.5970 -0.2080 0.0000 0.0000 0.0000 -53.2934 -7.7019 5.6085 -45.4687 4.7281 -12.1527 14.6435 -3.6641 -27.9587 22.9468 -3.3605 -16.4477 -39.3274 -0.4083 1.1426 -18.6643 -0.7212 4.3869 -9.1505 4.5565 -52.8690 5.2483 -1.6819 -35.5179 -17.4170 2.8176 -18.2428 -8.1114 4.2597 -55.3557 7.4790 -2.9261 -42.6878 3.3928 -0.2883 -9.7107 -2.5419 1.5218 -61.8113 6.9434 -1.9103 -30.7325 7.1408 -1.1008 -17.5055 -4.3180 2.1080 -52.0267 13.3554 -3.2785 -27.4716 4.7106 -0.7645 -18.4277 0.0000 0.0000 0.0000 87.1219 -16.9624 -9.6530 29.6737 1.8609 6.5979 -169.1464 184.7973 132.4112 0.0000 0.0000 0.0000 0.0000 0.0000 0.0000 0.0000 0.0000 0.0000 0.0000 0.0000 0.0000 0.0000 0.0000 0.0000 0.0000 0.0000 0.0000 0.0000 0.0000 0.0000 0.0000 0.0000 0.0000 0.0000 0.0000 0.0000 0.0000 0.0000 0.0000 0.0000 0.0000 0.0000 0.0000 0.0000 0.0000 0.0000 0.0000 0.0000 0.0000 0.0000 0.0000 0.0000 0.0000 0.0000
53.4110 122.1177 215.2343 -8.2469 13.5904 -95.0933 3.5346 6.6546 0.8331 -7.5010 10.8613 0.2679 4.2489 -15.9245 -2.5089 0.0000 0.0000 0.0000 14.4722 -5.1715 1.5474 -19.8696 13.3285 4.7607 15.1425 -6.3290 37.4480 0.0000 0.0000 0.0000 -0.0580 0.0900 -0.7012 -0.0580 0.0900 -0.7012 -0.0580 0.0900 -0.7012 11.6297 -4.3294 0.7758 11.6297 -4.3294 0.7758 0.0000 0.0000 0.0000 -52.7215 -5.6656 0.5930 -42.9012 5.8164 -15.6328 17.4287 -3.9866 -25.5856 25.0649 -5.4874 -24.3325 -37.7265 -0.9181 2.6866 -24.9233 0.9682 -4.3789 -4.2022 1.7699 -45.6642 9.4084 -3.7599 -43.4917 -22.1171 4.7578 -24.0007 -2.6464 1.1738 -47.8315 6.0559 -2.4814 -44.5316 12.9833 -2.9713 -25.6796 0.2954 -0.1433 -51.7640 8.7586 -3.1908 -39.9713 12.5486 -1.9700 -17.7751 3.1591 -1.3218 -45.4014 12.7672 -2.6305 -23.1940 10.1152 -2.6744 -29.5515 0.0000 0.0000 0.0000 81.5583 -19.1684 -15.0136 32.1836 0.9438 3.0880 -174.9942 182.5008 126.9298 0.0000 0.0000 0.0000 0.0000 0.0000 0.0000 0.0000 0.0000 0.0000 0.0000 0.0000 0.0000 0.0000 0.0000 0.0000 0.0000 0.0000 0.0000 0.0000 0.0000 0.0000 0.0000 0.0000 0.0000 0.0000 0.0000 0.0000 0.0000 0.0000 0.0000 0.0000 0.0000 0.0000 0.0000 0.0000 0.0000 0.0000 0.0000 0.0000 0.0000 0.0000 0.0000 0.0000 0.0000 0.0000
51.0910 123.1148 225.0467 -8.3107 15.4030 -93.8576 4.5074 11.0521 1.2631 -5.0990 8.5368 -0.0387 6.1298 -18.9963 -0.8788 0.0000 0.0000 0.0000 16.7203 -10.4855 3.1486 -19.7259 9.4921 3.9319 14.4296 -5.6899 35.8118 0.0000 0.0000 0.0000 0.1358 0.1985 -1.7319 0.1358 0.1985 -1.7319 0.1358 0.1985 -1.7319 12.1683 -4.3795 1.3603 12.1683 -4.3795 1.3603 0.0000 0.0000 0.0000 -50.7866 -2.8762 -6.4345 -41.0597 6.2342 -17.4470 20.5061 -3.8497 -21.0507 16.2888 -2.7151 -18.8046 -26.6616 -0.4035 1.7029 -24.1871 -1.5477 7.2144 -8.4183 2.0503 -27.3308 3.7264 -0.9674 -29.0965 -21.7290 -0.9454 4.9230 -13.3016 3.5756 -29.9724 6.4544 -1.4329 -25.0084 -3.0727 0.2453 -9.1272 -9.7826 3.0911 -34.9994 2.3063 -0.5076 -24.8218 7.7492 -1.0637 -15.6083 -10.6623 3.0767 -32.1112 6.7635 -0.9954 -16.7256 3.4364 -0.3057 -10.1651 0.0000 0.0000 0.0000 77.1313 -20.5703 -19.3872 34.3668 -0.3476 -1.0645 -180.1400 179.9290 126.2339 0.0000 0.0000 0.0000 0.0000 0.0000 0.0000 0.0000 0.0000 0.0000 0.0000 0.0000 0.0000 0.0000 0.0000 0.0000 0.0000 0.0000 0.0000 0.0000 0.0000 0.0000 0.0000 0.0000 0.0000 0.0000 0.0000 0.0000 0.0000 0.0000 0.0000 0.0000 0.0000 0.0000 0.0000 0.0000 0.0000 0.0000 0.0000 0.0000 0.0000 0.0000 0.0000 0.0000 0.0000 0.0000
48.3820 123.4922 230.9967 -8.4351 14.5471 -93.8213 2.5087 15.7526 2.0056 -3.4322 6.0132 -0.1287 6.7065 -20.3507 -0.6378 0.0000 0.0000 0.0000 18.3392 -11.7901 3.7149 -21.1511 3.2273 2.8136 15.0580 -2.7462 37.2998 0.0000 0.0000 0.0000 -0.2954 0.3442 -2.5751 -0.2954 0.3442 -2.5751 -0.2954 0.3442 -2.5751 12.0143 -4.1010 1.9970 12.0143 -4.1010 1.9970 0.0000 0.0000 0.0000 -48.8569 0.0919 -14.7928 -38.3561 5.7930 -17.4526 22.5078 -3.0108 -15.0473 13.9942 -2.8870 -23.2053 -26.9765 -1.7428 7.2567 -24.9254 -1.6088 7.2699 -11.7159 3.6350 -34.3725 0.8867 -0.3623 -44.4452 -15.6790 -0.8687 6.3027 -11.7449 4.7054 -43.5489 0.8768 -0.1842 -23.7311 -0.3012 0.0442 -16.6966 -6.2924 2.9632 -50.3987 -5.4133 1.0771 -22.4900 12.1407 -2.0052 -18.6896 -7.9144 3.2694 -44.8376 3.7016 -0.6025 -18.4845 -2.2378 0.2924 -14.8883 0.0000 0.0000 0.0000 73.3181 -21.5169 -23.1955 34.7548 -1.6360 -4.9511 -184.6948 177.6867 127.5563 0.0000 0.0000 0.0000 0.0000 0.0000 0.0000 0.0000 0.0000 0.0000 0.0000 0.0000 0.0000 0.0000 0.0000 0.0000 0.0000 0.0000 0.0000 0.0000 0.0000 0.0000 0.0000 0.0000 0.0000 0.0000 0.0000 0.0000 0.0000 0.0000 0.0000 0.0000 0.0000 0.0000 0.0000 0.0000 0.0000 0.0000 0.0000 0.0000 0.0000 0.0000 0.0000 0.0000 0.0000 0.0000
45.6010 123.6249 234.5056 -8.0594 14.0833 -93.4300 1.8534 18.3985 2.4343 -2.4230 5.8278 -0.2583 7.3607 -22.6626 -0.7962 0.0000 0.0000 0.0000 20.0779 -13.7106 4.5299 -22.2821 -1.1347 1.9471 15.9811 -0.5045 39.6636 0.0000 0.0000 0.0000 -0.5648 0.6037 -3.2407 -0.5648 0.6037 -3.2407 -0.5648 0.6037 -3.2407 11.8978 -4.1537 2.8353 11.8978 -4.1537 2.8353 0.0000 0.0000 0.0000 -45.9756 1.7944 -20.4641 -36.6812 6.3634 -19.9369 22.6284 -2.6271 -13.0756 29.9597 -5.1759 -19.1759 -29.6683 -0.3581 1.3519 -20.7007 0.1459 -0.7988 0.3081 -0.0697 -25.4775 2.4670 -0.6009 -27.3733 -18.0926 -0.4408 2.7684 -0.9523 0.3136 -36.4518 -5.1795 0.4767 -10.5093 7.6858 -0.5067 -7.5332 -3.8237 1.2348 -35.7838 -1.7531 0.3064 -19.8262 23.8502 -0.3270 -1.5482 1.1370 -0.3135 -30.8291 1.2358 -0.1230 -11.3668 0.3277 -0.0151 -5.2788 0.0000 0.0000 0.0000 71.7352 -21.5000 -24.2154 34.3807 -2.8420 -8.6859 -187.2236 176.4576 127.7990 0.0000 0.0000 0.0000 0.0000 0.0000 0.0000 0.0000 0.0000 0.0000 0.0000 0.0000 0.0000 0.0000 0.0000 0.0000 0.0000 0.0000 0.0000 0.0000 0.0000 0.0000 0.0000 0.0000 0.0000 0.0000 0.0000 0.0000 0.0000 0.0000 0.0000 0.0000 0.0000 0.0000 0.0000 0.0000 0.0000 0.0000 0.0000 0.0000 0.0000 0.0000 0.0000 0.0000 0.0000 0.0000
42.5861 123.3665 236.5761 -7.7822 14.5887 -92.3904 0.9922 20.0584 2.7928 -1.5176 7.9665 -0.5793 9.0137 -26.5617 -0.1286 0.0000 0.0000 0.0000 19.4427 -15.4424 4.9582 -21.7306 -3.1040 1.4452 15.7172 -0.1894 39.0116 0.0000 0.0000 0.0000 -0.6315 0.7221 -3.9451 -0.6315 0.7221 -3.9451 -0.6315 0.7221 -3.9451 11.6442 -4.7092 2.5923 11.6442 -4.7092 2.5923 0.0000 0.0000 0.0000 -43.0219 3.1095 -25.8648 -34.8525 6.9667 -22.8487 24.0708 -2.2912 -10.7164 16.2370 -3.5133 -24.2671 -32.7284 -2.6071 8.8623 -24.4904 -2.0084 9.2349 -15.7146 5.4581 -38.1104 4.1910 -1.5359 -40.2389 -16.3334 0.2928 -2.0398 -16.1246 6.3951 -43.0477 2.5351 -0.8738 -38.0299 4.4219 -0.6573 -16.9019 -7.6528 3.8806 -53.7267 -0.3157 0.0952 -33.5784 6.0246 -1.0082 -18.9838 -7.3170 3.4095 -49.9217 3.4360 -0.6041 -19.9386 0.3109 -0.0939 -33.6239 0.0000 0.0000 0.0000 68.7027 -21.5402 -26.4246 34.0167 -3.7166 -11.4675 -190.7960 174.8364 128.9796 0.0000 0.0000 0.0000 0.0000 0.0000 0.0000 0.0000 0.0000 0.0000 0.0000 0.0000 0.0000 0.0000 0.0000 0.0000 0.0000 0.0000 0.0000 0.0000 0.0000 0.0000 0.0000 0.0000 0.0000 0.0000 0.0000 0.0000 0.0000 0.0000 0.0000 0.0000 0.0000 0.0000 0.0000 0.0000 0.0000 0.0000 0.0000 0.0000 0.0000 0.0000 0.0000 0.0000 0.0000 0.0000
39.3443 122.9644 237.8153 -7.7041 13.9557 -90.5975 0.9893 22.0705 3.0791 -1.2939 10.2770 -0.8273 8.5377 -28.6869 -1.9659 0.0000 0.0000 0.0000 19.0145 -16.9333 5.3328 -21.9134 -1.8266 1.7537 15.6257 0.0079 38.7874 0.0000 0.0000 0.0000 -0.8449 0.8579 -4.7511 -0.8449 0.8579 -4.7511 -0.8449 0.8579 -4.7511 11.5285 -5.1075 2.4935 11.5285 -5.1075 2.4935 0.0000 0.0000 0.0000 -40.7769 3.6844 -29.1081 -33.2182 7.4144 -25.4093 24.3226 -1.9863 -9.1981 27.5173 -5.6392 -22.7457 -32.6844 -2.9447 10.0192 -21.3183 2.0107 -10.6535 -4.4514 1.6724 -41.1668 6.6698 -2.4718 -40.6328 -20.4897 2.4549 -13.5218 -3.1242 1.4479 -49.7208 1.6862 -0.5157 -34.0076 7.1066 -1.2661 -20.1783 3.1869 -1.9628 -63.2498 -2.3567 0.3365 -16.2520 21.2007 -4.9888 -26.2067 2.1020 -0.8213 -42.6812 10.1726 -2.1013 -23.2856 3.1860 -0.9613 -33.5723 0.0000 0.0000 0.0000 66.6965 -21.4397 -27.7632 33.2094 -4.0414 -12.7673 -192.3531 174.2652 130.3281 0.0000 0.0000 0.0000 0.0000 0.0000 0.0000 0.0000 0.0000 0.0000 0.0000 0.0000 0.0000 0.0000 0.0000 0.0000 0.0000 0.0000 0.0000 0.0000 0.0000 0.0000 0.0000 0.0000 0.0000 0.0000 0.0000 0.0000 0.0000 0.0000 0.0000 0.0000 0.0000 0.0000 0.0000 0.0000 0.0000 0.0000 0.0000 0.0000 0.0000 0.0000 0.0000 0.0000 0.0000 0.0000
35.8231 122.5316 238.5725 -7.7310 13.3058 -89.8469 1.6093 24.1527 3.2547 -1.3714 11.6709 -0.9403 8.0963 -29.0924 -2.8670 0.0000 0.0000 0.0000 18.4127 -16.5835 5.1230 -21.8704 -1.4267 1.8421 15.8360 0.5105 39.3505 0.0000 0.0000 0.0000 -1.0522 0.9471 -5.1788 -1.0522 0.9471 -5.1788 -1.0522 0.9471 -5.1788 11.5291 -5.4532 2.5857 11.5291 -5.4532 2.5857 0.0000 0.0000 0.0000 -39.5464 3.5370 -29.3289 -31.2616 7.9786 -28.8915 24.7084 -2.0843 -9.4955 24.4753 -6.0189 -27.2502 -34.8814 -3.7252 11.8198 -27.0014 3.5986 -14.9085 -21.4209 7.9586 -40.3857 6.7083 -2.3046 -37.8848 -21.2328 1.7509 -9.3210 -12.6572 5.3849 -45.9565 -5.5500 1.9126 -38.0046 10.8245 -2.3642 -24.5733 -5.2062 2.8957 -58.1427 -3.0249 0.8168 -30.2145 9.9784 -1.6625 -18.8733 -4.4668 1.9587 -47.3371 7.6932 -1.4816 -21.7716 -6.0551 2.4594 -44.1800 0.0000 0.0000 0.0000 65.1627 -21.3541 -28.8241 33.2962 -4.2738 -13.4604 -193.4275 173.6742 129.7068 0.0000 0.0000 0.0000 0.0000 0.0000 0.0000 0.0000 0.0000 0.0000 0.0000 0.0000 0.0000 0.0000 0.0000 0.0000 0.0000 0.0000 0.0000 0.0000 0.0000 0.0000 0.0000 0.0000 0.0000 0.0000 0.0000 0.0000 0.0000 0.0000 0.0000 0.0000 0.0000 0.0000 0.0000 0.0000 0.0000 0.0000 0.0000 0.0000 0.0000 0.0000 0.0000 0.0000 0.0000 0.0000
31.2054 121.8535 235.2976 -7.9682 13.0791 -89.4858 2.2011 25.9832 3.3813 -1.3329 14.8751 -1.2410 8.4919 -30.9703 -3.1271 0.0000 0.0000 0.0000 16.1540 -15.1525 4.3423 -20.5781 -0.6054 1.9060 16.0604 0.5477 39.9307 0.0000 0.0000 0.0000 -1.2827 0.9561 -5.2515 -1.2827 0.9561 -5.2515 -1.2827 0.9561 -5.2515 11.6413 -5.7334 2.5221 11.6413 -5.7334 2.5221 0.0000 0.0000 0.0000 -39.0262 3.2356 -28.4945 -30.9061 8.7368 -31.7934 24.8572 -2.1446 -9.7087 22.9213 -5.8245 -28.1727 -30.8278 -2.9842 10.7944 -30.7797 3.8596 -13.9579 -18.3672 6.5619 -39.0475 2.8610 -0.9693 -37.4262 -18.7662 1.9412 -11.7073 -10.6456 4.1492 -42.4927 -8.8719 3.3762 -41.6036 13.9563 -3.4030 -27.2840 -4.5338 2.3582 -54.9445 -5.9542 1.7316 -32.4066 16.1995 -2.9773 -20.6971 -5.7973 2.4582 -45.9282 11.0281 -2.0786 -21.2860 -6.1294 2.4128 -42.9414 0.0000 0.0000 0.0000 63.9932 -22.0165 -31.0545 32.2371 -4.3960 -14.2956 -195.1251 173.1743 131.6216 0.0000 0.0000 0.0000 0.0000 0.0000 0.0000 0.0000 0.0000 0.0000 0.0000 0.0000 0.0000 0.0000 0.0000 0.0000 0.0000 0.0000 0.0000 0.0000 0.0000 0.0000 0.0000 0.0000 0.0000 0.0000 0.0000 0.0000 0.0000 0.0000 0.0000 0.0000 0.0000 0.0000 0.0000 0.0000 0.0000 0.0000 0.0000 0.0000 0.0000 0.0000 0.0000 0.0000 0.0000 0.0000
25.9406 120.8442 229.2584 -8.2075 13.2425 -89.0629 4.8236 25.9670 2.8192 -4.2600 20.1429 -0.9467 6.3796 -32.3979 -7.0736 0.0000 0.0000 0.0000 15.5424 -13.4589 3.7967 -21.0233 0.1279 2.1116 15.8454 0.9872 39.4008 0.0000 0.0000 0.0000 -1.3380 0.9460 -5.0848 -1.3380 0.9460 -5.0848 -1.3380 0.9460 -5.0848 11.5364 -5.9022 1.9665 11.5364 -5.9022 1.9665 0.0000 0.0000 0.0000 -40.1073 3.0471 -27.1337 -30.7269 9.4510 -34.3873 23.7986 -2.3717 -11.2210 25.9785 -5.7051 -24.3784 -39.1837 -2.0060 5.6320 -28.6174 2.2557 -8.8274 -16.8332 6.3178 -40.9104 8.3424 -3.2325 -42.3026 -24.0982 1.7758 -8.3056 -11.9742 4.7532 -43.1811 -0.9508 0.4033 -45.9713 10.1441 -1.9296 -21.4872 -2.4653 1.3680 -58.0449 -2.4047 0.6250 -29.1338 14.8026 -2.8095 -21.3810 -6.3843 3.1056 -51.8450 11.6228 -1.7030 -16.6164 -0.5719 0.2260 -43.1262 0.0000 0.0000 0.0000 63.5991 -22.5111 -32.3414 31.5793 -4.5702 -15.1635 -197.1703 172.6762 134.0540 0.0000 0.0000 0.0000 0.0000 0.0000 0.0000 0.0000 0.0000 0.0000 0.0000 0.0000 0.0000 0.0000 0.0000 0.0000 0.0000 0.0000 0.0000 0.0000 0.0000 0.0000 0.0000 0.0000 0.0000 0.0000 0.0000 0.0000 0.0000 0.0000 0.0000 0.0000 0.0000 0.0000 0.0000 0.0000 0.0000 0.0000 0.0000 0.0000 0.0000 0.0000 0.0000 0.0000 0.0000 0.0000
20.9641 120.2112 223.9157 -8.2227 13.6316 -88.2914 6.9192 24.2740 2.2230 -7.9316 25.6605 -0.1675 3.4628 -33.2041 -11.9962 0.0000 0.0000 0.0000 15.4022 -12.5203 3.5300 -21.0069 1.8959 2.5009 15.1903 1.5885 37.7117 0.0000 0.0000 0.0000 -1.2039 0.8671 -4.8955 -1.2039 0.8671 -4.8955 -1.2039 0.8671 -4.8955 11.4565 -5.8531 1.0693 11.4565 -5.8531 1.0693 0.0000 0.0000 0.0000 -41.6839 2.7082 -25.0862 -31.1114 9.9061 -35.4838 22.9454 -2.6637 -13.0701 26.4016 -6.5557 -27.4424 -44.7954 -3.7538 9.0925 -30.5310 1.1027 -4.0387 -11.1997 3.6730 -36.2178 3.5349 -1.9139 -56.8545 -19.5812 3.5766 -20.5116 -6.6034 2.1080 -35.3759 -4.5432 2.7164 -61.7334 11.9505 -3.0082 -28.1661 -2.6995 1.3421 -52.8633 -1.3496 0.4535 -37.1465 12.9317 -3.6251 -31.2024 -5.3906 2.4004 -47.9812 9.2107 -1.8448 -22.6062 -3.2163 1.3281 -44.8639 0.0000 0.0000 0.0000 64.3061 -22.7775 -32.2203 31.4038 -4.1354 -13.8102 -196.6783 172.8101 133.5993 0.0000 0.0000 0.0000 0.0000 0.0000 0.0000 0.0000 0.0000 0.0000 0.0000 0.0000 0.0000 0.0000 0.0000 0.0000 0.0000 0.0000 0.0000 0.0000 0.0000 0.0000 0.0000 0.0000 0.0000 0.0000 0.0000 0.0000 0.0000 0.0000 0.0000 0.0000 0.0000 0.0000 0.0000 0.0000 0.0000 0.0000 0.0000 0.0000 0.0000 0.0000 0.0000 0.0000 0.0000 0.0000
16.0103 119.8727 219.7461 -8.2943 13.9709 -86.2389 10.2037 20.4777 1.3592 -11.6933 34.2266 0.9869 0.0100 -35.6357 -18.2782 0.0000 0.0000 0.0000 15.2767 -10.4010 2.9599 -21.0850 1.6800 2.4624 14.1816 2.1937 35.0403 0.0000 0.0000 0.0000 -0.9262 0.8351 -4.7999 -0.9262 0.8351 -4.7999 -0.9262 0.8351 -4.7999 11.4677 -5.8176 0.2400 11.4677 -5.8176 0.2400 0.0000 0.0000 0.0000 -42.8654 2.2890 -23.1117 -33.5454 10.5622 -34.9989 21.2582 -2.7049 -14.3406 24.3713 -4.2826 -19.6462 -32.4972 -1.0180 3.4918 -29.7551 2.3515 -8.8353 -12.1392 3.2536 -29.9082 7.6752 -3.0447 -43.2262 -27.5977 -0.3013 1.2269 -11.6223 4.1796 -39.4498 -1.8013 0.6356 -38.8678 11.8180 -2.0603 -19.7118 -5.6867 2.8916 -53.8772 0.1828 -0.0464 -28.5058 19.8660 -2.8037 -15.9101 -7.4203 3.5375 -50.9292 13.2560 -1.8790 -16.0655 0.5126 -0.1129 -24.8428 0.0000 0.0000 0.0000 65.4420 -23.1227 -31.8749 32.8237 -2.8233 -9.0419 -193.8528 173.8017 131.9559 0.0000 0.0000 0.0000 0.0000 0.0000 0.0000 0.0000 0.0000 0.0000 0.0000 0.0000 0.0000 0.0000 0.0000 0.0000 0.0000 0.0000 0.0000 0.0000 0.0000 0.0000 0.0000 0.0000 0.0000 0.0000 0.0000 0.0000 0.0000 0.0000 0.0000 0.0000 0.0000 0.0000 0.0000 0.0000 0.0000 0.0000 0.0000 0.0000 0.0000 0.0000 0.0000 0.0000 0.0000 0.0000
11.4110 119.6909 216.7466 -8.0577 13.6136 -85.6092 12.0411 15.7971 0.8746 -13.8674 41.5705 1.9578 -2.2566 -32.7358 -21.0587 0.0000 0.0000 0.0000 14.5545 -8.0037 2.2695 -20.4584 1.4936 2.3487 13.3646 3.1284 32.7961 0.0000 0.0000 0.0000 -0.8095 0.7875 -4.4071 -0.8095 0.7875 -4.4071 -0.8095 0.7875 -4.4071 10.9822 -5.8376 -0.2949 10.9822 -5.8376 -0.2949 0.0000 0.0000 0.0000 -43.5526 1.6713 -20.7616 -35.6939 11.0582 -34.3661 20.1215 -2.5894 -14.5191 26.2227 -5.3075 -22.5095 -38.5895 -0.5322 1.5202 -25.9919 -0.8263 3.5791 -10.3624 3.3011 -35.2583 15.7095 -4.2725 -30.2605 -26.8000 1.6900 -7.0853 -9.8895 3.4432 -38.3150 3.3191 -1.1137 -37.0894 14.7609 -1.8828 -14.4598 -5.8457 2.5258 -46.7064 3.8296 -1.4023 -40.2112 10.8263 -1.7875 -18.6972 -7.2542 3.0526 -45.5982 6.2418 -1.0614 -19.2832 3.8120 -1.1188 -32.7031 0.0000 0.0000 0.0000 67.4443 -22.9077 -29.8204 33.3054 -1.0230 -3.2336 -189.8849 175.2995 129.2212 0.0000 0.0000 0.0000 0.0000 0.0000 0.0000 0.0000 0.0000 0.0000 0.0000 0.0000 0.0000 0.0000 0.0000 0.0000 0.0000 0.0000 0.0000 0.0000 0.0000 0.0000 0.0000 0.0000 0.0000 0.0000 0.0000 0.0000 0.0000 0.0000 0.0000 0.0000 0.0000 0.0000 0.0000 0.0000 0.0000 0.0000 0.0000 0.0000 0.0000 0.0000 0.0000 0.0000 0.0000 0.0000
7.1018 119.8627 214.6733 -8.2049 12.5516 -88.4449 11.2627 12.0211 0.7902 -14.1269 46.6454 2.1790 -1.1474 -30.6970 -18.6096 0.0000 0.0000 0.0000 14.1517 -5.2872 1.5553 -20.1408 0.4281 2.0848 13.3002 3.4350 32.5969 0.0000 0.0000 0.0000 -1.0420 0.6483 -3.2618 -1.0420 0.6483 -3.2618 -1.0420 0.6483 -3.2618 10.7692 -5.6102 -0.0332 10.7692 -5.6102 -0.0332 0.0000 0.0000 0.0000 -46.3836 0.5608 -16.5128 -38.0656 11.1249 -32.4289 18.7727 -2.6417 -15.8813 23.6508 -5.5310 -25.9828 -41.3945 -3.6150 9.5491 -22.5651 -1.2066 6.0425 -10.1166 3.5687 -38.7795 2.6539 -1.0343 -42.5775 -16.8803 3.3662 -22.4026 -10.1064 3.9006 -42.1232 -1.1185 0.5588 -53.0942 7.3459 -1.2059 -18.6199 -7.6948 3.5550 -49.5421 5.8906 -2.7203 -49.5451 -2.6559 0.4182 -17.8922 -9.7973 4.7161 -51.3251 12.2558 -2.6030 -23.8965 -1.2569 0.3527 -31.3505 0.0000 0.0000 0.0000 72.1947 -22.2006 -25.0707 32.4101 0.3599 1.1696 -186.1125 177.0882 129.0899 0.0000 0.0000 0.0000 0.0000 0.0000 0.0000 0.0000 0.0000 0.0000 0.0000 0.0000 0.0000 0.0000 0.0000 0.0000 0.0000 0.0000 0.0000 0.0000 0.0000 0.0000 0.0000 0.0000 0.0000 0.0000 0.0000 0.0000 0.0000 0.0000 0.0000 0.0000 0.0000 0.0000 0.0000 0.0000 0.0000 0.0000 0.0000 0.0000 0.0000 0.0000 0.0000 0.0000 0.0000 0.0000
3.0212 120.1275 213.2644 -7.7715 11.6746 -90.6851 9.5845 5.0458 0.5065 -18.1158 51.8917 4.4966 -0.2589 -26.5071 -15.6572 0.0000 0.0000 0.0000 11.4092 -2.7586 0.8087 -17.4475 0.2349 1.7653 13.3839 2.8967 32.8658 0.0000 0.0000 0.0000 -1.1325 0.3123 -1.9150 -1.1325 0.3123 -1.9150 -1.1325 0.3123 -1.9150 10.0794 -4.9044 -0.4726 10.0794 -4.9044 -0.4726 0.0000 0.0000 0.0000 -49.5688 0.0410 -14.5800 -42.9751 10.7588 -27.8040 19.2500 -3.1118 -18.1993 18.0183 -3.4553 -21.5424 -32.7768 -1.1635 3.9547 -26.2791 -2.2717 9.7095 -8.2502 2.5727 -34.5874 9.4901 -3.2659 -37.9093 -21.0094 3.1179 -16.6997 -7.7830 2.3734 -33.8733 3.2874 -1.4562 -47.7740 12.3315 -1.1271 -10.4053 -6.3928 2.7158 -45.9993 7.8825 -2.6771 -37.4682 1.8422 -0.3033 -18.6957 -5.6690 2.4948 -47.4787 3.1383 -0.4517 -16.3780 4.4656 -0.9711 -24.5264 0.0000 0.0000 0.0000 80.0688 -20.4071 -17.5512 30.6571 1.5810 5.4284 -180.4260 179.7893 127.3791 0.0000 0.0000 0.0000 0.0000 0.0000 0.0000 0.0000 0.0000 0.0000 0.0000 0.0000 0.0000 0.0000 0.0000 0.0000 0.0000 0.0000 0.0000 0.0000 0.0000 0.0000 0.0000 0.0000 0.0000 0.0000 0.0000 0.0000 0.0000 0.0000 0.0000 0.0000 0.0000 0.0000 0.0000 0.0000 0.0000 0.0000 0.0000 0.0000 0.0000 0.0000 0.0000 0.0000 0.0000 0.0000
-0.7182 120.4638 212.3109 -7.4615 12.2409 -95.4416 10.8204 -0.1689 0.2176 -28.6102 52.3524 10.4177 -0.4723 -19.3171 -13.1221 0.0000 0.0000 0.0000 10.8533 1.3905 -0.1222 -16.9224 -3.3402 1.0487 14.0069 5.9573 34.4134 0.0000 0.0000 0.0000 -0.7420 0.0982 -0.3409 -0.7421 0.0982 -0.3409 -0.7420 0.0982 -0.3409 9.9799 -4.0477 0.1797 9.9799 -4.0477 0.1797 0.0000 0.0000 0.0000 -51.6683 -1.7947 -9.4602 -46.0175 9.2935 -22.5695 17.8420 -3.4300 -21.5980 20.7190 -4.0833 -22.0694 -38.0144 -3.2569 9.4360 -19.9197 0.4902 -2.7910 -12.9448 3.2389 -27.9874 9.8497 -4.2595 -46.6882 -16.9779 -0.4455 2.9844 -19.7205 6.5526 -36.4582 4.9129 -1.7997 -40.2188 14.4492 -1.5769 -12.3921 -15.3507 7.5096 -51.9293 6.0514 -1.6870 -31.1302 19.5560 -0.5997 -3.4786 -11.6155 5.7566 -52.6080 13.5281 -2.9516 -24.5108 6.2913 0.3874 7.0411 0.0000 0.0000 0.0000 85.9614 -16.8548 -9.9417 30.7587 3.3617 11.4772 -171.8189 183.8671 129.4592 0.0000 0.0000 0.0000 0.0000 0.0000 0.0000 0.0000 0.0000 0.0000 0.0000 0.0000 0.0000 0.0000 0.0000 0.0000 0.0000 0.0000 0.0000 0.0000 0.0000 0.0000 0.0000 0.0000 0.0000 0.0000 0.0000 0.0000 0.0000 0.0000 0.0000 0.0000 0.0000 0.0000 0.0000 0.0000 0.0000 0.0000 0.0000 0.0000 0.0000 0.0000 0.0000 0.0000 0.0000 0.0000
-3.7586 121.0831 214.4538 -7.6609 11.8402 -99.3330 11.8945 -3.7636 0.0963 -35.9241 50.9962 14.2662 -0.9802 -11.8893 -10.4645 0.0000 0.0000 0.0000 9.9242 5.3983 -0.9704 -17.1744 -6.0104 0.5621 14.6541 9.6121 36.2552 0.0000 0.0000 0.0000 -0.7112 -0.0417 1.0507 -0.7112 -0.0417 1.0507 -0.7112 -0.0417 1.0507 9.8600 -3.3134 0.5159 9.8600 -3.3134 0.5159 0.0000 0.0000 0.0000 -52.8463 -4.5080 -2.4489 -47.5397 7.9256 -18.7764 15.8421 -3.6037 -25.4808 24.1551 -7.2763 -33.0993 -35.3270 0.2929 -0.9197 -24.4410 -1.6703 7.7010 -7.2719 2.1844 -33.4009 18.9813 -6.6738 -38.4545 -15.3870 1.7109 -12.6148 -5.7145 2.0213 -38.9321 8.5809 -3.5358 -44.7259 24.5877 -0.6626 -3.0399 -10.8511 4.5621 -45.5053 18.2612 -7.1169 -42.3050 12.0779 -1.2472 -11.7485 -11.7583 5.4352 -49.4960 10.7688 -1.5249 -16.0731 5.2197 -1.1875 -25.6166 0.0000 0.0000 0.0000 88.8462 -14.9128 -6.4131 29.0893 4.0643 14.6378 -165.7838 186.1154 133.6221 0.0000 0.0000 0.0000 0.0000 0.0000 0.0000 0.0000 0.0000 0.0000 0.0000 0.0000 0.0000 0.0000 0.0000 0.0000 0.0000 0.0000 0.0000 0.0000 0.0000 0.0000 0.0000 0.0000 0.0000 0.0000 0.0000 0.0000 0.0000 0.0000 0.0000 0.0000 0.0000 0.0000 0.0000 0.0000 0.0000 0.0000 0.0000 0.0000 0.0000 0.0000 0.0000 0.0000 0.0000 0.0000
-6.2826 121.7409 220.9162 -7.4598 11.5334 -101.1887 11.2109 -6.8679 -0.0843 -35.4943 46.2011 12.9372 0.7018 -15.9779 -9.2821 0.0000 0.0000 0.0000 6.6624 6.9431 -1.1462 -14.9927 -5.5172 0.5446 14.3464 5.2926 35.4085 0.0000 0.0000 0.0000 -0.3502 -0.0989 2.1718 -0.3502 -0.0989 2.1718 -0.3502 -0.0989 2.1718 9.8331 -3.9325 -0.2394 9.8331 -3.9325 -0.2394 0.0000 0.0000 0.0000 -51.7168 -6.5282 3.2079 -48.7220 6.3087 -14.7773 14.3810 -3.7440 -29.0479 11.3714 -2.2754 -22.5612 -29.8673 -3.6095 13.4757 -12.3233 0.1544 -1.4299 -6.1604 2.0765 -37.2254 15.9596 -8.9565 -58.3844 -12.4887 -0.3345 3.0565 -7.4959 3.4480 -49.3545 8.7238 -3.5942 -44.7188 13.1789 -2.7026 -23.0823 -3.7307 2.5073 -67.7964 3.1408 -0.9915 -35.0314 21.7882 -1.8169 -9.4196 -13.8517 8.5239 -63.0584 13.9203 -2.1003 -17.0790 1.7594 -0.3025 -19.5105 0.0000 0.0000 0.0000 90.6561 -11.0203 -1.0333 28.4349 5.2490 19.2622 -147.5176 191.0193 143.3580 0.0000 0.0000 0.0000 0.0000 0.0000 0.0000 0.0000 0.0000 0.0000 0.0000 0.0000 0.0000 0.0000 0.0000 0.0000 0.0000 0.0000 0.0000 0.0000 0.0000 0.0000 0.0000 0.0000 0.0000 0.0000 0.0000 0.0000 0.0000 0.0000 0.0000 0.0000 0.0000 0.0000 0.0000 0.0000 0.0000 0.0000 0.0000 0.0000 0.0000 0.0000 0.0000 0.0000 0.0000 0.0000
-8.4065 122.4428 233.5250 -7.2154 11.0319 -102.6464 11.8156 -10.7306 -0.1945 -33.9696 41.1743 11.1158 1.8161 -16.2478 -7.2864 0.0000 0.0000 0.0000 4.0913 8.4517 -1.2681 -13.8932 -4.8647 0.5932 13.9491 2.1708 34.4225 0.0000 0.0000 0.0000 -0.1861 -0.1350 3.2054 -0.1861 -0.1350 3.2054 -0.1861 -0.1350 3.2054 10.0106 -4.5632 -0.8447 10.0106 -4.5632 -0.8447 0.0000 0.0000 0.0000 -49.6407 -8.2609 8.8825 -48.5693 4.5587 -10.9815 13.5864 -4.0430 -33.0095 12.1699 -2.2124 -20.5337 -35.4845 -2.2438 7.0050 -12.4910 -0.4089 3.7353 -12.8722 4.3088 -36.8857 9.8432 -5.2198 -55.7895 -22.2077 1.8872 -9.5941 -8.0803 3.4561 -46.2586 1.4494 -0.5265 -39.9229 5.7814 -1.2370 -24.1344 1.5535 -0.8827 -59.2058 -4.0363 0.9794 -27.2682 16.0082 -1.9790 -14.0049 -1.1923 0.5528 -49.7494 5.0855 -1.2507 -27.6164 1.2609 -0.2360 -21.2024 0.0000 0.0000 0.0000 92.3541 -6.7650 4.4580 25.4355 5.7941 23.6011 -126.5418 188.3221 163.5589 0.0000 0.0000 0.0000 0.0000 0.0000 0.0000 0.0000 0.0000 0.0000 0.0000 0.0000 0.0000 0.0000 0.0000 0.0000 0.0000 0.0000 0.0000 0.0000 0.0000 0.0000 0.0000 0.0000 0.0000 0.0000 0.0000 0.0000 0.0000 0.0000 0.0000 0.0000 0.0000 0.0000 0.0000 0.0000 0.0000 0.0000 0.0000 0.0000 0.0000 0.0000 0.0000 0.0000 0.0000 0.0000
-10.5804 123.0726 245.7479 -6.4426 11.4221 -102.2994 12.0331 -12.7341 -0.2486 -27.2201 34.4987 7.0763 2.3356 -14.8962 -5.5404 0.0000 0.0000 0.0000 2.6172 10.0781 -1.4182 -12.5251 -5.5343 0.4176 13.7606 -2.7842 34.1527 0.0000 0.0000 0.0000 0.0618 -0.1458 3.7681 0.0618 -0.1458 3.7681 0.0618 -0.1458 3.7681 10.4774 -5.5582 -1.3196 10.4774 -5.5582 -1.3196 0.0000 0.0000 0.0000 -47.9790 -8.7928 11.3787 -45.2979 2.0938 -5.9141 15.9477 -4.6274 -32.1793 23.6700 -4.9384 -23.2566 -32.4494 -1.5941 5.4744 10.3059 0.1977 2.1920 -9.8905 3.7291 -41.2362 7.2838 -3.2988 -48.6847 -21.5512 3.9469 -20.5243 -11.4269 4.8877 -46.2041 7.4531 -2.7651 -40.6647 -1.1526 0.1558 -15.3998 -9.7892 5.3900 -57.5926 6.3419 -1.5987 -28.2713 3.6915 -0.8065 -24.6388 -9.4916 4.0049 -45.6762 2.6424 -0.5543 -23.6886 8.6364 -2.2155 -28.7263 0.0000 0.0000 0.0000 92.0609 -1.6337 10.6443 21.0834 5.4893 26.6547 -118.7001 177.4175 184.3567 0.0000 0.0000 0.0000 0.0000 0.0000 0.0000 0.0000 0.0000 0.0000 0.0000 0.0000 0.0000 0.0000 0.0000 0.0000 0.0000 0.0000 0.0000 0.0000 0.0000 0.0000 0.0000 0.0000 0.0000 0.0000 0.0000 0.0000 0.0000 0.0000 0.0000 0.0000 0.0000 0.0000 0.0000 0.0000 0.0000 0.0000 0.0000 0.0000 0.0000 0.0000 0.0000 0.0000 0.0000 0.0000
-13.1395 123.5702 253.5678 -6.4036 12.4212 -102.6870 10.2841 -12.4294 -0.4632 -18.5219 23.4877 3.0158 2.9248 -12.1701 -2.7466 0.0000 0.0000 0.0000 0.5388 12.6786 -1.5978 -11.5456 -5.8325 0.3271 14.2544 -7.4275 35.4386 0.0000 0.0000 0.0000 0.4103 -0.1404 4.3627 0.4103 -0.1404 4.3627 0.4103 -0.1404 4.3627 10.7414 -6.3091 -2.1774 10.7414 -6.3091 -2.1774 0.0000 0.0000 0.0000 -45.9952 -9.3661 14.4589 -43.0283 0.1179 -1.1978 17.7368 -4.7338 -29.6743 15.2096 -3.0093 -22.2600 -33.0230 -4.1235 13.8485 -7.9550 0.0580 -0.8346 -5.7513 2.1693 -41.3037 0.1489 -0.0650 -47.1825 -19.6230 2.2047 -12.6977 -8.4716 3.6727 -46.8141 -3.1974 1.0410 -36.0597 6.6075 -1.2811 -21.9234 -4.0212 2.3808 -61.2439 -7.4627 1.3672 -20.7353 14.2839 -1.7871 -14.1908 -7.3709 3.3431 -48.7464 1.8220 -0.4459 -27.4981 0.7871 -0.1173 -16.9487 0.0000 0.0000 0.0000 91.1422 1.5538 14.5598 18.9089 5.4405 29.1568 -121.8023 169.7380 198.3296 0.0000 0.0000 0.0000 0.0000 0.0000 0.0000 0.0000 0.0000 0.0000 0.0000 0.0000 0.0000 0.0000 0.0000 0.0000 0.0000 0.0000 0.0000 0.0000 0.0000 0.0000 0.0000 0.0000 0.0000 0.0000 0.0000 0.0000 0.0000 0.0000 0.0000 0.0000 0.0000 0.0000 0.0000 0.0000 0.0000 0.0000 0.0000 0.0000 0.0000 0.0000 0.0000 0.0000 0.0000 0.0000
-15.9567 123.8643 258.2833 -5.9451 13.7819 -102.7885 8.9459 -12.7244 -0.6565 -10.4490 12.5067 0.7903 2.0993 -7.9689 -1.6066 0.0000 0.0000 0.0000 0.1890 15.2373 -1.8844 -11.1898 -7.2435 0.1184 15.0454 -12.1354 37.1678 0.0000 0.0000 0.0000 0.7661 -0.2140 4.9208 0.7661 -0.2140 4.9208 0.7661 -0.2140 4.9208 10.9823 -6.8168 -2.8333 10.9823 -6.8168 -2.8333 0.0000 0.0000 0.0000 -43.2055 -9.4573 17.0371 -42.0913 -1.8211 3.8319 18.6899 -4.2207 -25.2432 14.2355 -3.0127 -23.7848 -39.3446 -3.7928 10.5827 -11.3706 -0.4498 4.5156 -12.8452 4.5010 -38.4892 4.1295 -1.6420 -43.3541 -22.0733 2.6629 -13.5914 -13.5749 5.5528 -44.3373 0.8318 -0.3301 -43.2903 -0.1364 0.0237 -19.6903 -6.3262 3.5393 -58.4170 1.0779 -0.2904 -30.1508 0.6138 -0.0806 -14.9553 -8.1697 3.4215 -45.3913 6.2904 -1.5590 -27.8141 0.7536 -0.1529 -22.9379 0.0000 0.0000 0.0000 89.9198 4.6380 18.5083 16.5335 5.2533 31.7444 -130.6217 165.5326 210.8693 0.0000 0.0000 0.0000 0.0000 0.0000 0.0000 0.0000 0.0000 0.0000 0.0000 0.0000 0.0000 0.0000 0.0000 0.0000 0.0000 0.0000 0.0000 0.0000 0.0000 0.0000 0.0000 0.0000 0.0000 0.0000 0.0000 0.0000 0.0000 0.0000 0.0000 0.0000 0.0000 0.0000 0.0000 0.0000 0.0000 0.0000 0.0000 0.0000 0.0000 0.0000 0.0000 0.0000 0.0000 0.0000
-19.1029 123.8409 261.0835 -5.2886 15.2539 -104.2450 8.8431 -13.1980 -0.7021 -4.7128 4.6717 0.1386 1.6093 -4.8484 -0.3388 0.0000 0.0000 0.0000 0.2281 18.5343 -2.3063 -11.0013 -9.5250 -0.1961 16.8794 -13.1261 40.9379 0.0000 0.0000 0.0000 1.0861 -0.3796 5.9126 1.0861 -0.3796 5.9126 1.0861 -0.3796 5.9126 11.3471 -7.0469 -2.9290 11.3471 -7.0469 -2.9290 0.0000 0.0000 0.0000 -40.5038 -9.3317 19.1944 -41.9566 -4.3435 10.3979 22.5169 -3.2147 -16.0475 16.5114 -3.5859 -24.3488 -38.7311 -4.7304 13.4047 -16.5360 -0.4836 3.3269 -17.9860 8.0513 -47.9484 -3.2648 1.4716 -48.5161 -14.6285 0.7439 -5.7906 -8.9289 4.3465 -51.8431 -10.2843 3.8244 -40.7110 4.0346 -0.7136 -20.0527 -6.9770 4.3699 -64.0815 -8.7914 1.9805 -25.3454 12.9200 -2.3342 -20.3995 -8.3894 4.5622 -57.0149 6.0320 -1.0200 -19.1789 -3.8483 0.8992 -26.2960 0.0000 0.0000 0.0000 88.2638 8.6331 23.8793 13.2327 4.1599 30.7849 -137.1143 163.6181 220.2544 0.0000 0.0000 0.0000 0.0000 0.0000 0.0000 0.0000 0.0000 0.0000 0.0000 0.0000 0.0000 0.0000 0.0000 0.0000 0.0000 0.0000 0.0000 0.0000 0.0000 0.0000 0.0000 0.0000 0.0000 0.0000 0.0000 0.0000 0.0000 0.0000 0.0000 0.0000 0.0000 0.0000 0.0000 0.0000 0.0000 0.0000 0.0000 0.0000 0.0000 0.0000 0.0000 0.0000 0.0000 0.0000
-22.2707 123.7219 262.7561 -4.7411 17.3052 -105.5275 10.3006 -14.2128 -0.5587 -1.7129 1.9137 -0.0129 1.0548 -2.4655 0.3431 0.0000 0.0000 0.0000 -0.4764 20.8389 -2.4803 -9.8798 -9.4688 -0.2050 17.7033 -9.9758 42.9192 0.0000 0.0000 0.0000 1.8094 -0.4454 6.7219 1.8094 -0.4454 6.7219 1.8094 -0.4454 6.7219 11.3621 -7.4189 -3.6079 11.3621 -7.4189 -3.6079 0.0000 0.0000 0.0000 -36.0814 -8.5870 21.3894 -42.2960 -5.2126 12.5239 23.6477 -3.5553 -16.8654 15.1261 -3.0724 -22.8386 -36.6577 -3.5866 10.7980 -16.4692 -0.3227 2.2296 -14.3697 5.7061 -43.1413 -0.1602 0.0693 -46.8113 -15.5695 0.6587 -4.8153 -10.3485 4.5329 -47.2163 -9.7075 3.4069 -38.6028 9.2276 -1.5015 -18.4459 -5.7107 3.1885 -58.3251 -8.1625 1.8949 -26.0991 13.9094 -2.1761 -17.6994 -4.9276 2.4659 -53.1483 5.3561 -0.6625 -14.0922 0.8649 -0.2098 -27.2664 0.0000 0.0000 0.0000 86.6446 10.6094 26.8662 10.7315 3.5692 31.6917 -145.7418 165.6974 224.3023 0.0000 0.0000 0.0000 0.0000 0.0000 0.0000 0.0000 0.0000 0.0000 0.0000 0.0000 0.0000 0.0000 0.0000 0.0000 0.0000 0.0000 0.0000 0.0000 0.0000 0.0000 0.0000 0.0000 0.0000 0.0000 0.0000 0.0000 0.0000 0.0000 0.0000 0.0000 0.0000 0.0000 0.0000 0.0000 0.0000 0.0000 0.0000 0.0000 0.0000 0.0000 0.0000 0.0000 0.0000 0.0000
-25.5880 123.2797 263.7717 -4.5332 18.4233 -105.7059 9.8974 -15.3377 -0.6832 0.5001 1.9206 -0.2535 1.3358 -2.7671 0.7292 0.0000 0.0000 0.0000 -0.6049 23.4817 -2.7783 -9.8449 -9.1922 -0.1710 18.6695 -7.0192 45.3922 0.0000 0.0000 0.0000 2.1926 -0.5305 7.1655 2.1926 -0.5305 7.1655 2.1926 -0.5305 7.1655 11.4432 -7.5996 -4.0339 11.4432 -7.5996 -4.0339 0.0000 0.0000 0.0000 -33.6481 -8.2034 23.0349 -42.5505 -6.5562 15.8368 23.8264 -3.4774 -16.3754 17.4004 -3.5851 -23.1168 -41.7398 -5.2015 13.5882 -15.3665 -0.2233 1.6551 -15.3460 6.1204 -43.2879 1.8263 -0.7438 -44.3154 -22.6832 1.3694 -6.8194 -11.8295 5.3324 -48.4071 -2.7729 1.0810 -42.5907 0.2194 -0.0287 -14.9069 -4.6803 2.7648 -61.1262 -4.7804 1.2425 -29.1233 6.4775 -0.6039 -10.6414 -4.1407 1.9607 -50.6616 3.1835 -0.6232 -22.1456 -1.3884 0.2764 -22.5197 0.0000 0.0000 0.0000 84.7748 12.1225 29.4653 8.0141 2.7849 31.6240 -152.6611 167.8618 227.2271 0.0000 0.0000 0.0000 0.0000 0.0000 0.0000 0.0000 0.0000 0.0000 0.0000 0.0000 0.0000 0.0000 0.0000 0.0000 0.0000 0.0000 0.0000 0.0000 0.0000 0.0000 0.0000 0.0000 0.0000 0.0000 0.0000 0.0000 0.0000 0.0000 0.0000 0.0000 0.0000 0.0000 0.0000 0.0000 0.0000 0.0000 0.0000 0.0000 0.0000 0.0000 0.0000 0.0000 0.0000 0.0000
-29.1629 122.8133 264.4012 -4.4552 18.6229 -104.4144 9.9521 -15.4521 -0.6813 0.7424 2.8289 -0.3797 1.3813 -3.5859 0.1587 0.0000 0.0000 0.0000 1.1017 25.9992 -3.4590 -10.8160 -8.3363 -0.0400 19.8484 -5.7345 48.2790 0.0000 0.0000 0.0000 2.3339 -0.6255 7.1993 2.3339 -0.6255 7.1993 2.3339 -0.6255 7.1993 11.1612 -7.4951 -4.1648 11.1612 -7.4951 -4.1648 0.0000 0.0000 0.0000 -31.3796 -7.6973 24.1362 -42.0500 -7.2987 17.9443 22.6650 -3.2084 -15.9104 17.3541 -3.3967 -21.9899 -40.9949 -4.4090 11.7583 -17.1287 -0.2115 1.4041 -19.5374 8.0655 -44.5374 1.4520 -0.5636 -42.4287 -21.1093 1.7921 -9.5962 -16.7599 7.4030 -47.4192 -5.2815 2.1951 -45.1145 2.0774 -0.2519 -13.8252 -12.0793 6.7654 -58.3804 -2.0612 0.5877 -31.8272 6.0556 -0.6951 -13.0844 -6.6343 3.1122 -50.2249 2.4940 -0.4975 -22.5590 3.5214 -0.6732 -21.6411 0.0000 0.0000 0.0000 83.6964 12.0720 29.7577 6.4801 2.4312 32.6871 -157.6942 169.7067 229.1066 0.0000 0.0000 0.0000 0.0000 0.0000 0.0000 0.0000 0.0000 0.0000 0.0000 0.0000 0.0000 0.0000 0.0000 0.0000 0.0000 0.0000 0.0000 0.0000 0.0000 0.0000 0.0000 0.0000 0.0000 0.0000 0.0000 0.0000 0.0000 0.0000 0.0000 0.0000 0.0000 0.0000 0.0000 0.0000 0.0000 0.0000 0.0000 0.0000 0.0000 0.0000 0.0000 0.0000 0.0000 0.0000
-34.2443 122.0209 259.8214 -5.4255 19.0475 -101.2846 9.6194 -14.3692 -0.6673 0.4676 6.0512 -0.6936 2.5321 -6.7295 0.2092 0.0000 0.0000 0.0000 4.9582 29.7963 -4.9782 -12.2308 -7.6218 0.0995 21.0996 -0.3770 52.5512 0.0000 0.0000 0.0000 2.4658 -0.6360 6.7761 2.4658 -0.6360 6.7761 2.4658 -0.6360 6.7761 11.0814 -7.4279 -4.5593 11.0814 -7.4279 -4.5593 0.0000 0.0000 0.0000 -29.6525 -7.3935 25.5797 -40.9243 -7.6197 19.3391 24.0098 -2.8834 -13.4995 13.1822 -2.2910 -19.6360 -33.8927 -3.9512 12.9175 -17.5772 0.1938 -1.2534 -19.2161 8.2469 -46.1357 2.2353 -0.8985 -43.7933 -20.2775 0.9260 -5.1747 -14.0394 6.4617 -49.2564 -5.1374 2.0716 -43.9008 2.3327 -0.2781 -13.5948 -9.3710 5.8997 -64.3172 -5.1961 1.0970 -23.8277 12.8992 -1.6524 -14.5399 -8.6261 4.1867 -51.7139 1.9166 -0.3720 -21.9642 2.8134 -0.5290 -21.2916 0.0000 0.0000 0.0000 84.0089 11.6046 29.0086 5.9201 2.3474 33.7920 -159.5277 170.5347 229.2592 0.0000 0.0000 0.0000 0.0000 0.0000 0.0000 0.0000 0.0000 0.0000 0.0000 0.0000 0.0000 0.0000 0.0000 0.0000 0.0000 0.0000 0.0000 0.0000 0.0000 0.0000 0.0000 0.0000 0.0000 0.0000 0.0000 0.0000 0.0000 0.0000 0.0000 0.0000 0.0000 0.0000 0.0000 0.0000 0.0000 0.0000 0.0000 0.0000 0.0000 0.0000 0.0000 0.0000 0.0000 0.0000
-39.8191 121.0494 254.8949 -6.2178 19.0458 -99.3029 9.0447 -13.5146 -0.6954 -0.0829 9.4012 -0.9569 3.4836 -8.9060 0.5833 0.0000 0.0000 0.0000 8.1623 32.1031 -6.2918 -13.2741 -4.9073 0.5518 21.9911 1.8744 55.5592 0.0000 0.0000 0.0000 2.5861 -0.5852 6.3778 2.5861 -0.5852 6.3778 2.5861 -0.5852 6.3778 11.0761 -7.5408 -4.8078 11.0761 -7.5408 -4.8078 0.0000 0.0000 0.0000 -28.6786 -7.4370 27.7376 -40.4780 -7.1864 18.4325 24.8580 -3.0683 -13.8574 18.5161 -3.4585 -20.9861 -35.6697 -5.6180 17.3420 -19.8122 0.3618 -2.0715 -13.5115 5.2715 -42.4735 -3.6182 1.5660 -46.7960 -19.6548 0.6872 -3.9658 -12.6804 5.0088 -42.9736 -7.5636 3.0672 -44.0984 0.1805 -0.0340 -21.3387 -8.8965 5.0004 -58.6101 -8.3368 2.3511 -31.4497 8.7371 -0.7154 -9.3442 -15.6564 7.2138 -49.2625 4.6813 -1.0135 -24.4192 1.6004 -0.2247 -15.9846 0.0000 0.0000 0.0000 84.3641 11.2906 28.4634 5.3715 2.2005 34.0894 -159.7994 170.7590 228.8073 0.0000 0.0000 0.0000 0.0000 0.0000 0.0000 0.0000 0.0000 0.0000 0.0000 0.0000 0.0000 0.0000 0.0000 0.0000 0.0000 0.0000 0.0000 0.0000 0.0000 0.0000 0.0000 0.0000 0.0000 0.0000 0.0000 0.0000 0.0000 0.0000 0.0000 0.0000 0.0000 0.0000 0.0000 0.0000 0.0000 0.0000 0.0000 0.0000 0.0000 0.0000 0.0000 0.0000 0.0000 0.0000
-46.6024 119.7891 244.3745 -6.9624 18.1457 -97.9596 8.0136 -11.7276 -0.7054 -0.6741 11.0695 -1.0164 3.6719 -8.8720 0.9908 0.0000 0.0000 0.0000 10.3865 34.1720 -7.4076 -13.5670 -4.4777 0.6354 21.3793 9.2807 57.0127 0.0000 0.0000 0.0000 2.4251 -0.5625 5.8418 2.4251 -0.5625 5.8418 2.4251 -0.5625 5.8418 10.8186 -7.5843 -4.5954 10.8186 -7.5843 -4.5954 0.0000 0.0000 0.0000 -28.1930 -7.2686 27.7797 -39.0221 -6.8538 18.2858 26.8385 -2.7391 -11.4442 17.2271 -3.4316 -22.3725 -40.2511 -4.1153 11.1992 -16.3683 -0.0897 0.6237 -12.4678 5.0625 -44.0668 -2.4461 1.2012 -52.3042 -20.3100 1.9685 -10.9577 -9.5358 4.2497 -47.9624 -6.7717 3.1671 -50.0909 -1.3226 0.1469 -12.6732 -5.9382 3.7814 -64.9503 -5.6497 1.5179 -30.0543 5.1581 -0.6944 -15.3252 -11.7240 5.8307 -52.7645 5.6046 -1.2221 -24.5842 -2.1093 0.5090 -27.1284 0.0000 0.0000 0.0000 85.2499 9.6627 25.9876 8.0529 3.1669 35.5720 -156.7988 169.1516 229.6463 0.0000 0.0000 0.0000 0.0000 0.0000 0.0000 0.0000 0.0000 0.0000 0.0000 0.0000 0.0000 0.0000 0.0000 0.0000 0.0000 0.0000 0.0000 0.0000 0.0000 0.0000 0.0000 0.0000 0.0000 0.0000 0.0000 0.0000 0.0000 0.0000 0.0000 0.0000 0.0000 0.0000 0.0000 0.0000 0.0000 0.0000 0.0000 0.0000 0.0000 0.0000 0.0000 0.0000 0.0000 0.0000
-52.9661 118.9486 236.4163 -7.9632 17.6133 -94.8091 6.2256 -10.0440 -0.7746 -0.8083 13.6403 -1.2381 3.8802 -9.7345 0.7929 0.0000 0.0000 0.0000 15.1945 34.6956 -9.0351 -15.4516 -0.9016 1.3655 20.5633 15.3974 57.7743 0.0000 0.0000 0.0000 2.3332 -0.4004 4.7080 2.3332 -0.4004 4.7080 2.3332 -0.4004 4.7080 10.3190 -7.5739 -5.2631 10.3190 -7.5739 -5.2631 0.0000 0.0000 0.0000 -28.2296 -7.2334 27.4960 -38.2577 -5.9115 16.0358 26.0562 -3.1000 -13.3402 19.6259 -4.3224 -24.6165 -43.4992 -6.0288 15.0387 -14.8019 0.2317 -1.7839 -14.8113 5.7895 -42.5159 0.3056 -0.1382 -48.6642 -17.9787 1.1268 -7.1143 -8.2742 3.8949 -50.3559 -4.0685 1.5680 -42.1396 -1.2607 0.1774 -16.0177 -2.7904 1.7838 -65.1724 -7.1796 1.7786 -27.7944 6.6816 -0.5711 -9.7597 -5.9294 2.9182 -52.3778 2.9664 -0.7023 -26.6340 -2.4403 0.3832 -17.8485 0.0000 0.0000 0.0000 87.1255 7.3059 22.4012 9.7313 3.8953 37.2342 -153.4643 168.5987 225.8907 0.0000 0.0000 0.0000 0.0000 0.0000 0.0000 0.0000 0.0000 0.0000 0.0000 0.0000 0.0000 0.0000 0.0000 0.0000 0.0000 0.0000 0.0000 0.0000 0.0000 0.0000 0.0000 0.0000 0.0000 0.0000 0.0000 0.0000 0.0000 0.0000 0.0000 0.0000 0.0000 0.0000 0.0000 0.0000 0.0000 0.0000 0.0000 0.0000 0.0000 0.0000 0.0000 0.0000 0.0000 0.0000
-58.3145 118.3810 231.0632 -8.1543 17.3296 -94.5366 6.7958 -7.7306 -0.5151 -4.5010 15.1200 -0.5595 5.6838 -13.0696 2.0036 0.0000 0.0000 0.0000 15.2257 33.5219 -8.7109 -16.7077 0.7070 1.7756 20.0625 18.6226 58.1251 0.0000 0.0000 0.0000 2.2821 -0.3180 3.9856 2.2821 -0.3180 3.9856 2.2821 -0.3180 3.9856 10.2526 -7.7672 -5.1898 10.2526 -7.7672 -5.1898 0.0000 0.0000 0.0000 -28.8495 -7.4276 27.3342 -37.2072 -4.7936 13.2778 28.0444 -3.9903 -15.8819 19.0069 -4.6258 -27.1292 -37.3284 -3.4364 10.1498 -23.9160 -0.2938 1.3871 -4.1004 1.1771 -32.0229 -6.3311 2.3363 -40.4770 -14.5034 0.6923 -5.4366 -7.5999 2.0892 -30.7017 -5.7828 2.3911 -44.9008 -7.5954 0.6296 -9.4628 -5.3089 2.4809 -50.0696 -9.9316 1.8115 -20.6244 5.7324 -0.9296 -18.4086 -8.8812 2.9325 -36.4848 -1.0538 0.2258 -24.1872 2.0798 -0.2227 -12.2199 0.0000 0.0000 0.0000 88.2866 5.8695 20.3173 14.0477 5.2236 36.2976 -146.2605 166.4394 222.8173 0.0000 0.0000 0.0000 0.0000 0.0000 0.0000 0.0000 0.0000 0.0000 0.0000 0.0000 0.0000 0.0000 0.0000 0.0000 0.0000 0.0000 0.0000 0.0000 0.0000 0.0000 0.0000 0.0000 0.0000 0.0000 0.0000 0.0000 0.0000 0.0000 0.0000 0.0000 0.0000 0.0000 0.0000 0.0000 0.0000 0.0000 0.0000 0.0000 0.0000 0.0000 0.0000 0.0000 0.0000 0.0000
-63.1948 118.1420 227.6376 -8.5565 16.8126 -92.9227 7.4426 -5.9337 -0.3149 -6.9982 18.4699 -0.1496 7.7725 -17.5632 2.9060 0.0000 0.0000 0.0000 16.5355 30.1939 -8.1297 -19.2232 4.7492 2.8723 19.8624 14.3265 54.6739 0.0000 0.0000 0.0000 2.2454 -0.2156 2.9920 2.2454 -0.2156 2.9920 2.2454 -0.2156 2.9920 9.8465 -7.5290 -5.4490 9.8465 -7.5290 -5.4490 0.0000 0.0000 0.0000 -31.0639 -7.9280 25.8439 -37.3056 -4.0044 10.9266 28.9228 -5.1617 -19.8275 22.0634 -3.9445 -20.0341 -37.5407 -1.9580 5.7571 -24.0120 -0.3285 1.5447 -21.5772 7.5661 -38.2738 8.2047 -3.1903 -42.4392 -19.1434 1.6088 -9.5192 -17.9486 6.5639 -39.9127 1.2961 -0.5478 -45.8237 4.5402 -0.4834 -12.1494 -7.9090 4.4485 -58.6587 2.6581 -0.6047 -25.6295 1.9784 -0.1919 -11.0800 -9.5131 4.4193 -49.7553 5.7431 -0.9754 -19.2624 4.8724 -0.9636 -22.3599 0.0000 0.0000 0.0000 89.2049 2.9295 16.4326 18.5255 6.3732 34.5121 -136.8274 165.5350 215.5674 0.0000 0.0000 0.0000 0.0000 0.0000 0.0000 0.0000 0.0000 0.0000 0.0000 0.0000 0.0000 0.0000 0.0000 0.0000 0.0000 0.0000 0.0000 0.0000 0.0000 0.0000 0.0000 0.0000 0.0000 0.0000 0.0000 0.0000 0.0000 0.0000 0.0000 0.0000 0.0000 0.0000 0.0000 0.0000 0.0000 0.0000 0.0000 0.0000 0.0000 0.0000 0.0000 0.0000 0.0000 0.0000
-67.8439 118.3216 225.4805 -8.2341 15.5134 -93.0303 6.2525 -4.0716 -0.2345 -7.9995 18.9790 0.0834 7.4255 -15.3868 3.6874 0.0000 0.0000 0.0000 13.5386 23.6102 -5.6169 -19.3867 12.6066 4.5064 17.9406 18.2332 49.4283 0.0000 0.0000 0.0000 1.5825 -0.1169 2.2584 1.5825 -0.1169 2.2584 1.5825 -0.1169 2.2584 9.8038 -6.8185 -4.5167 9.8038 -6.8185 -4.5167 0.0000 0.0000 0.0000 -35.4770 -9.5189 26.0855 -40.4157 -3.3922 8.2999 21.6611 -5.0912 -26.1650 14.3894 -1.4089 -11.1260 -17.3596 -0.7765 5.0833 -6.3436 -0.0144 0.2599 -13.2440 1.2527 -10.7589 -3.3815 1.5844 -50.2021 -24.2221 -3.1736 14.7120 -12.5359 2.0323 -18.3467 -5.6061 1.2262 -24.6576 -1.4886 0.3204 -24.2957 -13.5032 3.0621 -25.4447 -5.1159 1.4635 -31.9092 7.8035 -0.9960 -14.5252 -20.6948 4.0719 -22.0348 11.7394 -2.0637 -19.8744 -6.1028 1.1986 -22.2030 0.0000 0.0000 0.0000 92.4414 -3.3760 8.5500 26.8293 5.5800 21.6266 -116.6370 181.2493 177.9759 0.0000 0.0000 0.0000 0.0000 0.0000 0.0000 0.0000 0.0000 0.0000 0.0000 0.0000 0.0000 0.0000 0.0000 0.0000 0.0000 0.0000 0.0000 0.0000 0.0000 0.0000 0.0000 0.0000 0.0000 0.0000 0.0000 0.0000 0.0000 0.0000 0.0000 0.0000 0.0000 0.0000 0.0000 0.0000 0.0000 0.0000 0.0000 0.0000 0.0000 0.0000 0.0000 0.0000 0.0000 0.0000
-72.2940 118.5159 224.1202 -7.8317 13.7851 -95.3907 3.6643 -1.4321 -0.0842 -7.3485 16.6798 0.0092 6.7301 -11.6324 4.9964 0.0000 0.0000 0.0000 8.7085 16.3153 -3.1332 -19.7252 20.9830 6.3224 17.5709 19.7515 48.5870 0.0000 0.0000 0.0000 0.8788 -0.0770 1.8043 0.8788 -0.0770 1.8043 0.8788 -0.0770 1.8043 9.6976 -6.1335 -3.4902 9.6976 -6.1335 -3.4902 0.0000 0.0000 0.0000 -40.7571 -11.0975 25.0700 -43.6166 -2.0433 4.2049 13.9701 -3.5028 -28.0259 10.3613 -2.6796 -28.9291 -27.6435 0.8475 -3.4436 -9.3802 -0.0609 0.7424 -20.6059 6.5181 -34.7859 14.2033 -4.7604 -36.9008 -36.8208 6.1327 -18.2851 -10.7939 3.5100 -35.9378 -3.5269 1.3622 -42.2270 10.2090 -1.8341 -20.3184 -6.3191 2.5547 -43.9909 4.1357 -1.1693 -31.5616 4.7547 -0.6650 -15.9152 -12.1589 4.6078 -41.3873 18.8842 -1.6691 -10.0119 -11.9140 4.6305 -42.3595 0.0000 0.0000 0.0000 92.2210 -10.8569 -0.5049 29.2869 3.3093 11.8597 -142.3029 191.6370 146.7587 0.0000 0.0000 0.0000 0.0000 0.0000 0.0000 0.0000 0.0000 0.0000 0.0000 0.0000 0.0000 0.0000 0.0000 0.0000 0.0000 0.0000 0.0000 0.0000 0.0000 0.0000 0.0000 0.0000 0.0000 0.0000 0.0000 0.0000 0.0000 0.0000 0.0000 0.0000 0.0000 0.0000 0.0000 0.0000 0.0000 0.0000 0.0000 0.0000 0.0000 0.0000 0.0000 0.0000 0.0000 0.0000
-75.6068 118.7554 223.2534 -7.2422 12.4329 -94.9565 2.2233 1.9843 0.2957 -6.7928 13.0330 0.0408 5.8763 -12.1800 2.9802 0.0000 0.0000 0.0000 8.2263 7.4876 -1.3248 -19.4239 28.3666 7.7675 18.1291 15.2461 48.9206 0.0000 0.0000 0.0000 0.2909 -0.0186 1.1354 0.2909 -0.0186 1.1355 0.2909 -0.0186 1.1354 10.1091 -5.2355 -2.9009 10.1091 -5.2355 -2.9009 0.0000 0.0000 0.0000 -47.0067 -11.3087 19.3797 -45.7486 0.0698 -1.0643 11.9378 -3.3758 -31.4794 19.6805 -5.1412 -29.0232 -43.6049 -1.7891 4.4706 -18.9273 -2.3561 14.0652 -9.2033 3.6013 -42.6709 4.2484 -2.7720 -66.2336 -3.4975 1.0271 -32.7236 -5.3669 2.6177 -51.9760 -1.6650 1.0666 -65.2841 19.2882 -4.5963 -26.5757 -9.6830 5.5087 -59.1926 10.4378 -7.5174 -71.4511 6.7354 -1.3821 -23.1674 -3.6075 2.0248 -58.5988 9.8801 -3.5678 -39.6317 9.8799 -5.4596 -57.7662 0.0000 0.0000 0.0000 92.8867 -12.1163 -1.8739 26.6053 2.9180 11.4945 -152.2110 188.5599 146.3354 0.0000 0.0000 0.0000 0.0000 0.0000 0.0000 0.0000 0.0000 0.0000 0.0000 0.0000 0.0000 0.0000 0.0000 0.0000 0.0000 0.0000 0.0000 0.0000 0.0000 0.0000 0.0000 0.0000 0.0000 0.0000 0.0000 0.0000 0.0000 0.0000 0.0000 0.0000 0.0000 0.0000 0.0000 0.0000 0.0000 0.0000 0.0000 0.0000 0.0000 0.0000 0.0000 0.0000 0.0000 0.0000
-78.1172 119.0452 224.4279 -6.3145 11.7964 -96.3498 1.1975 5.7787 0.8038 -5.2313 8.6970 -0.0262 6.5356 -15.1385 2.2230 0.0000 0.0000 0.0000 9.7366 -1.0033 0.3722 -22.0096 30.9553 9.2922 19.2661 6.2039 49.5927 0.0000 0.0000 0.0000 -0.1743 0.0057 0.6254 -0.1743 0.0057 0.6254 -0.1743 0.0057 0.6254 10.7440 -4.8027 -1.5290 10.7440 -4.8027 -1.5290 0.0000 0.0000 0.0000 -51.0356 -10.4366 13.9132 -45.7684 2.6760 -7.2333 11.7443 -3.2746 -31.0635 17.8138 -4.6357 -28.9627 -33.0329 -3.4523 11.6060 -19.5734 0.0524 -0.3035 -17.5681 6.3742 -39.6338 0.6197 -0.3044 -52.3265 -18.6077 1.1018 -6.7178 -10.7156 4.8446 -48.5564 -6.1320 2.1491 -38.5989 9.2644 -1.7011 -20.7664 -6.4945 3.4869 -56.4267 -3.5606 1.0820 -33.7955 11.7488 -1.1508 -11.1497 -4.6529 1.9793 -46.0710 8.6914 -1.7069 -22.1817 -1.4172 0.3487 -27.6476 0.0000 0.0000 0.0000 90.8421 -15.6223 -6.6831 27.9767 3.1211 11.7025 -159.2231 186.9322 143.4342 0.0000 0.0000 0.0000 0.0000 0.0000 0.0000 0.0000 0.0000 0.0000 0.0000 0.0000 0.0000 0.0000 0.0000 0.0000 0.0000 0.0000 0.0000 0.0000 0.0000 0.0000 0.0000 0.0000 0.0000 0.0000 0.0000 0.0000 0.0000 0.0000 0.0000 0.0000 0.0000 0.0000 0.0000 0.0000 0.0000 0.0000 0.0000 0.0000 0.0000 0.0000 0.0000 0.0000 0.0000 0.0000
-80.8920 119.2296 226.5527 -6.7318 12.8866 -94.7776 1.2167 8.9234 1.2284 -3.2230 7.0245 -0.2347 5.3198 -15.5909 -0.3113 0.0000 0.0000 0.0000 12.1464 -7.7890 2.0004 -22.9847 34.9736 10.6461 17.3468 -4.0794 42.7055 0.0000 0.0000 0.0000 -0.1159 0.1001 -0.5195 -0.1159 0.1001 -0.5195 -0.1159 0.1001 -0.5195 10.8922 -4.6206 -1.3799 10.8922 -4.6206 -1.3799 0.0000 0.0000 0.0000 -52.7978 -8.9432 9.0024 -44.6475 4.3224 -11.4009 13.0859 -3.2784 -28.0192 15.0062 -4.0197 -29.8391 -30.6051 -4.0755 14.8181 -20.2886 0.6297 -3.5180 -19.6833 6.6207 -36.8787 5.4034 -2.8084 -54.8997 -7.4256 0.4544 -6.9938 -11.4033 5.1638 -48.6120 0.8476 -0.2986 -38.8132 8.6249 -1.3802 -18.1510 -7.1338 4.2239 -61.2175 4.7647 -1.4694 -34.2609 12.5468 -1.1817 -10.7187 -4.7291 2.4643 -55.0284 12.1467 -2.8175 -26.0286 -7.9382 2.1493 -30.2570 0.0000 0.0000 0.0000 86.4226 -18.6935 -12.2097 29.7876 2.3269 8.2142 -168.0484 184.8189 136.2025 0.0000 0.0000 0.0000 0.0000 0.0000 0.0000 0.0000 0.0000 0.0000 0.0000 0.0000 0.0000 0.0000 0.0000 0.0000 0.0000 0.0000 0.0000 0.0000 0.0000 0.0000 0.0000 0.0000 0.0000 0.0000 0.0000 0.0000 0.0000 0.0000 0.0000 0.0000 0.0000 0.0000 0.0000 0.0000 0.0000 0.0000 0.0000 0.0000 0.0000 0.0000 0.0000 0.0000 0.0000 0.0000
-82.8951 119.7805 230.1750 -7.8684 13.3863 -95.1904 0.9256 13.6110 1.8960 -1.8004 3.8227 -0.1710 4.6894 -15.1702 -1.2277 0.0000 0.0000 0.0000 13.2567 -11.7616 3.0595 -24.0533 32.5638 10.4816 16.0098 -7.3525 39.3819 0.0000 0.0000 0.0000 -0.2663 0.1533 -1.2815 -0.2663 0.1533 -1.2815 -0.2663 0.1533 -1.2815 11.2113 -3.4013 -0.3045 11.2113 -3.4013 -0.3045 0.0000 0.0000 0.0000 -54.3806 -6.8172 2.9589 -42.3536 5.3571 -14.6701 16.0042 -3.5575 -24.9139 26.5516 -5.6998 -23.8278 -40.8777 -1.8001 4.8279 -16.0601 -0.8172 5.7880 -11.9092 3.9891 -36.9272 17.3443 -6.0349 -38.1310 -25.0309 2.7761 -12.4593 -7.4998 2.8656 -41.7754 4.9009 -1.2067 -27.6490 7.8090 -1.3863 -20.1037 -1.4265 0.6228 -47.1677 3.0248 -0.7694 -28.5365 9.7938 -0.9599 -11.1692 -6.0054 1.9716 -36.3221 13.8574 -2.5043 -20.3931 -2.1891 0.2587 -13.4758 0.0000 0.0000 0.0000 80.3943 -20.9599 -18.1885 30.2995 1.4038 4.8774 -175.8826 181.8606 131.3806 0.0000 0.0000 0.0000 0.0000 0.0000 0.0000 0.0000 0.0000 0.0000 0.0000 0.0000 0.0000 0.0000 0.0000 0.0000 0.0000 0.0000 0.0000 0.0000 0.0000 0.0000 0.0000 0.0000 0.0000 0.0000 0.0000 0.0000 0.0000 0.0000 0.0000 0.0000 0.0000 0.0000 0.0000 0.0000 0.0000 0.0000 0.0000 0.0000 0.0000 0.0000 0.0000 0.0000 0.0000 0.0000
-85.0171 120.0508 233.2681 -7.1049 14.2120 -93.8987 1.6886 15.1436 2.0228 -0.8127 1.3558 -0.0565 5.0644 -16.6994 -1.4576 0.0000 0.0000 0.0000 15.7785 -15.8518 4.4695 -21.6284 26.6580 8.1619 15.6181 -8.3582 38.4712 0.0000 0.0000 0.0000 -0.2434 0.2744 -2.2384 -0.2434 0.2744 -2.2384 -0.2434 0.2744 -2.2384 11.0981 -3.7344 -0.0347 11.0981 -3.7344 -0.0347 0.0000 0.0000 0.0000 -53.5178 -3.4476 -5.3143 -40.1941 6.0839 -17.4265 17.2907 -3.2803 -21.3302 25.7914 -8.0879 -34.3200 -47.0724 -3.9298 9.0073 -21.8902 -2.0430 10.5357 -12.7813 4.0387 -34.9484 6.0487 -2.5938 -46.3896 -21.9562 3.6673 -18.7428 -8.6024 3.0255 -38.6943 -2.5893 1.0357 -43.5976 10.7464 -1.5619 -16.4919 -4.6819 1.9820 -45.8704 4.6589 -1.6270 -38.4843 2.2679 -0.3507 -17.5796 -7.9317 3.4066 -46.4322 11.0317 -2.1458 -21.9511 1.3130 -0.3243 -27.7474 0.0000 0.0000 0.0000 75.9436 -22.3261 -22.8144 30.8523 0.5155 1.7600 -181.7579 179.1701 129.4565 0.0000 0.0000 0.0000 0.0000 0.0000 0.0000 0.0000 0.0000 0.0000 0.0000 0.0000 0.0000 0.0000 0.0000 0.0000 0.0000 0.0000 0.0000 0.0000 0.0000 0.0000 0.0000 0.0000 0.0000 0.0000 0.0000 0.0000 0.0000 0.0000 0.0000 0.0000 0.0000 0.0000 0.0000 0.0000 0.0000 0.0000 0.0000 0.0000 0.0000 0.0000 0.0000 0.0000 0.0000 0.0000
-87.2668 120.1070 235.6681 -7.0166 14.5123 -94.6255 1.8878 17.5066 2.3113 -0.8341 0.2123 0.0560 7.0594 -19.5401 0.4475 0.0000 0.0000 0.0000 17.5891 -16.3291 4.9068 -20.8291 17.0513 5.7835 16.1349 -7.3711 39.6618 0.0000 0.0000 0.0000 -0.3534 0.3823 -2.7299 -0.3534 0.3823 -2.7299 -0.3534 0.3823 -2.7299 11.1079 -3.9841 0.5636 11.1079 -3.9841 0.5636 0.0000 0.0000 0.0000 -52.6644 -1.1507 -11.1982 -37.2382 6.4716 -19.9504 18.5418 -3.1060 -18.8604 18.7112 -4.2123 -25.1666 -38.6835 -3.3571 9.5447 -13.5459 -1.0765 9.0461 -6.3257 1.9428 -34.1163 4.7985 -2.3132 -51.4540 -16.6431 1.8564 -12.6414 -8.6541 3.4955 -43.9254 5.4682 -1.8271 -36.9283 3.7006 -0.7225 -22.0864 -4.8340 2.4553 -53.8332 2.6137 -0.8177 -34.7418 7.1539 -1.0490 -16.6630 -10.6531 5.0995 -51.0605 9.7632 -1.8088 -20.9440 -6.8177 1.8676 -30.6075 0.0000 0.0000 0.0000 71.7657 -23.0944 -26.8556 31.3870 -0.6324 -2.1221 -187.4021 176.5028 129.4698 0.0000 0.0000 0.0000 0.0000 0.0000 0.0000 0.0000 0.0000 0.0000 0.0000 0.0000 0.0000 0.0000 0.0000 0.0000 0.0000 0.0000 0.0000 0.0000 0.0000 0.0000 0.0000 0.0000 0.0000 0.0000 0.0000 0.0000 0.0000 0.0000 0.0000 0.0000 0.0000 0.0000 0.0000 0.0000 0.0000 0.0000 0.0000 0.0000 0.0000 0.0000 0.0000 0.0000 0.0000 0.0000
-90.2991 119.8800 237.4360 -7.0294 13.7942 -96.3393 -0.7470 19.7202 3.0177 -0.7194 0.6882 -0.0011 9.1600 -22.0090 2.6152 0.0000 0.0000 0.0000 17.8690 -16.1631 4.9071 -20.5370 7.5591 3.6675 16.9116 -4.5251 41.6369 0.0000 0.0000 0.0000 -0.7875 0.4812 -2.8837 -0.7875 0.4812 -2.8837 -0.7875 0.4812 -2.8837 10.8555 -4.3393 1.4586 10.8555 -4.3393 1.4586 0.0000 0.0000 0.0000 -49.9757 0.7883 -16.6467 -34.2184 6.6187 -22.1768 19.7062 -2.8361 -16.2229 21.1908 -3.6658 -19.4153 -33.6996 -0.6188 2.0429 -25.7585 -0.0027 0.0117 -10.9290 2.7750 -28.4161 19.0829 -5.6872 -32.9260 -20.1131 1.6211 -9.1224 -7.2568 2.6606 -40.2259 9.9315 -2.5503 -28.7389 11.3905 -1.5013 -14.9688 -3.0273 1.2939 -46.2759 8.8451 -3.1613 -39.2711 11.5613 -0.5543 -5.4709 -1.2327 0.4410 -39.3689 8.3357 -2.0084 -27.0494 8.5125 -1.6688 -22.1455 0.0000 0.0000 0.0000 69.4676 -23.0321 -28.4526 30.4965 -1.7682 -6.1019 -191.8234 174.4951 130.1895 0.0000 0.0000 0.0000 0.0000 0.0000 0.0000 0.0000 0.0000 0.0000 0.0000 0.0000 0.0000 0.0000 0.0000 0.0000 0.0000 0.0000 0.0000 0.0000 0.0000 0.0000 0.0000 0.0000 0.0000 0.0000 0.0000 0.0000 0.0000 0.0000 0.0000 0.0000 0.0000 0.0000 0.0000 0.0000 0.0000 0.0000 0.0000 0.0000 0.0000 0.0000 0.0000 0.0000 0.0000 0.0000
-93.6484 119.3478 238.7030 -6.7770 14.7021 -96.9664 -2.5712 21.5536 3.6256 -0.6502 2.0859 -0.1448 10.4213 -24.5137 3.2679 0.0000 0.0000 0.0000 18.7972 -16.4752 5.1581 -19.7025 2.3805 2.4472 17.0795 -2.4811 42.2288 0.0000 0.0000 0.0000 -0.8129 0.5992 -3.3182 -0.8129 0.5992 -3.3182 -0.8129 0.5992 -3.3182 10.7656 -4.3399 2.0184 10.7656 -4.3399 2.0184 0.0000 0.0000 0.0000 -44.9815 2.3805 -22.6424 -32.8930 6.4416 -22.4842 20.2489 -2.2544 -12.5761 25.9736 -5.8421 -24.9516 -43.0422 -2.0946 5.3085 -21.5049 -1.0926 5.7491 1.8280 -0.3436 -21.2891 5.2296 -2.4449 -50.0898 -22.8578 0.5971 -2.9529 -4.7793 1.1612 -27.2980 5.7058 -2.0931 -40.2627 6.1225 -1.0109 -18.7337 2.7239 -0.9916 -40.0004 -0.5404 0.1714 -35.2043 11.3662 -1.4331 -14.3260 -10.8206 4.2030 -42.3573 6.4788 -1.0987 -19.2309 -0.1920 0.0431 -25.3052 0.0000 0.0000 0.0000 66.2459 -23.4002 -31.6952 29.3747 -2.2380 -8.0112 -195.6197 173.2243 133.3098 0.0000 0.0000 0.0000 0.0000 0.0000 0.0000 0.0000 0.0000 0.0000 0.0000 0.0000 0.0000 0.0000 0.0000 0.0000 0.0000 0.0000 0.0000 0.0000 0.0000 0.0000 0.0000 0.0000 0.0000 0.0000 0.0000 0.0000 0.0000 0.0000 0.0000 0.0000 0.0000 0.0000 0.0000 0.0000 0.0000 0.0000 0.0000 0.0000 0.0000 0.0000 0.0000 0.0000 0.0000 0.0000
-97.1420 118.7137 239.5996 -6.5869 14.7601 -99.8624 -4.5630 24.0597 4.4639 -1.0469 3.3397 -0.2196 12.4533 -26.9065 5.1708 0.0000 0.0000 0.0000 19.6147 -15.4287 4.9824 -19.3631 -3.0738 1.2771 17.7448 0.3771 44.2391 0.0000 0.0000 0.0000 -0.9385 0.6650 -3.2860 -0.9385 0.6650 -3.2860 -0.9385 0.6650 -3.2860 10.7092 -4.3799 2.8055 10.7092 -4.3799 2.8055 0.0000 0.0000 0.0000 -40.5967 2.7144 -25.6310 -31.9242 6.4224 -23.0940 20.0052 -1.6998 -9.6153 22.3696 -5.0368 -25.0814 -38.9601 -3.5280 9.9520 -20.2768 -2.0748 11.5647 -6.9570 1.9430 -31.1757 10.9435 -4.5493 -45.0438 -19.5145 1.0317 -5.9942 -8.1174 2.7549 -37.4414 3.1838 -1.1826 -40.7462 12.5636 -1.9704 -17.7581 -4.8015 1.9690 -44.5751 2.6864 -0.8064 -33.4100 12.6841 -2.5881 -22.9768 -7.2394 3.0358 -45.4561 10.9960 -1.7490 -18.0216 -2.1148 0.5660 -29.9663 0.0000 0.0000 0.0000 64.2957 -23.0626 -32.7645 26.7171 -2.8264 -11.0908 -199.4981 172.2248 136.8405 0.0000 0.0000 0.0000 0.0000 0.0000 0.0000 0.0000 0.0000 0.0000 0.0000 0.0000 0.0000 0.0000 0.0000 0.0000 0.0000 0.0000 0.0000 0.0000 0.0000 0.0000 0.0000 0.0000 0.0000 0.0000 0.0000 0.0000 0.0000 0.0000 0.0000 0.0000 0.0000 0.0000 0.0000 0.0000 0.0000 0.0000 0.0000 0.0000 0.0000 0.0000 0.0000 0.0000 0.0000 0.0000
-100.6475 118.1101 240.2314 -5.8042 15.6795 -102.9507 -5.0436 25.7092 4.8918 -2.2760 5.7936 -0.2763 15.8019 -28.0963 9.6476 0.0000 0.0000 0.0000 20.2280 -15.0770 4.9747 -18.8492 -5.3840 0.7684 18.4583 1.5843 46.2878 0.0000 0.0000 0.0000 -0.8410 0.6699 -2.9928 -0.8410 0.6699 -2.9928 -0.8410 0.6699 -2.9928 10.8037 -4.7852 3.1891 10.8037 -4.7852 3.1891 0.0000 0.0000 0.0000 -37.1821 2.2234 -25.4750 -30.9938 6.8888 -25.3940 20.3163 -1.6115 -8.9761 24.4477 -5.9016 -26.7673 -29.6741 -0.4091 1.5442 -33.1835 -3.2802 10.9784 -9.7211 2.6112 -30.0073 8.1322 -2.5686 -35.0087 -23.7958 -0.0139 0.0661 -10.7112 2.8717 -29.9387 3.7725 -1.4019 -40.7591 13.4111 -0.7647 -6.4975 -6.4045 2.3622 -40.4573 5.2555 -1.2945 -27.6575 12.7312 -2.6918 -23.7855 -8.6010 3.3469 -42.4628 6.5700 -0.7617 -13.2114 -0.8856 0.2406 -30.4016 0.0000 0.0000 0.0000 62.7571 -22.8654 -33.7831 24.0008 -3.0193 -13.1294 -203.0324 171.4787 139.8304 0.0000 0.0000 0.0000 0.0000 0.0000 0.0000 0.0000 0.0000 0.0000 0.0000 0.0000 0.0000 0.0000 0.0000 0.0000 0.0000 0.0000 0.0000 0.0000 0.0000 0.0000 0.0000 0.0000 0.0000 0.0000 0.0000 0.0000 0.0000 0.0000 0.0000 0.0000 0.0000 0.0000 0.0000 0.0000 0.0000 0.0000 0.0000 0.0000 0.0000 0.0000 0.0000 0.0000 0.0000 0.0000
-106.4361 117.1081 234.7396 -5.7063 15.1368 -102.7759 -2.7909 27.1672 4.6714 -4.1911 10.1746 -0.2979 15.1937 -29.1727 8.1132 0.0000 0.0000 0.0000 21.0583 -15.8443 5.3532 -19.6406 -3.5773 1.1915 18.5373 2.3854 46.6532 0.0000 0.0000 0.0000 -1.0217 0.7417 -3.1770 -1.0217 0.7417 -3.1770 -1.0217 0.7417 -3.1770 10.8705 -5.2824 3.7010 10.8705 -5.2824 3.7010 0.0000 0.0000 0.0000 -35.5586 1.8908 -24.9276 -29.8579 7.3400 -27.9520 20.4106 -1.7289 -9.5822 22.3554 -4.9386 -24.6223 -30.6562 -0.5576 2.0342 -32.0674 -2.3807 8.2710 -15.6987 4.4237 -31.3016 3.2573 -1.1258 -38.1254 -15.8086 0.4821 -3.4715 -10.9994 3.1734 -32.0999 -4.4558 1.9561 -47.3863 6.5367 0.1438 2.5181 -11.7890 4.5866 -42.4013 3.4633 -0.8314 -26.9896 12.4844 -3.4833 -31.0713 -15.2815 6.1591 -43.7049 7.6916 -0.6650 -9.8678 2.2764 -0.7719 -37.4580 0.0000 0.0000 0.0000 62.0297 -23.0804 -34.8810 22.7305 -3.1282 -14.3193 -205.2006 170.8657 140.6703 0.0000 0.0000 0.0000 0.0000 0.0000 0.0000 0.0000 0.0000 0.0000 0.0000 0.0000 0.0000 0.0000 0.0000 0.0000 0.0000 0.0000 0.0000 0.0000 0.0000 0.0000 0.0000 0.0000 0.0000 0.0000 0.0000 0.0000 0.0000 0.0000 0.0000 0.0000 0.0000 0.0000 0.0000 0.0000 0.0000 0.0000 0.0000 0.0000 0.0000 0.0000 0.0000 0.0000 0.0000 0.0000
-112.8887 115.9329 226.1867 -6.0657 14.2303 -101.3680 -1.4774 28.3377 4.5706 -4.7417 13.8754 -0.4288 11.5272 -27.3671 3.4601 0.0000 0.0000 0.0000 19.4112 -15.9445 5.1047 -20.0045 -1.6140 1.6360 18.2703 4.0289 46.2655 0.0000 0.0000 0.0000 -1.3573 0.8135 -3.4582 -1.3573 0.8135 -3.4582 -1.3573 0.8135 -3.4582 10.8872 -5.7144 3.7489 10.8872 -5.7144 3.7489 0.0000 0.0000 0.0000 -36.0346 1.9287 -24.8327 -28.8124 7.5436 -29.6871 19.8563 -1.8343 -10.4513 21.7924 -5.9221 -30.0811 -36.5057 -2.9455 8.9151 -35.7376 0.0059 -0.0183 -22.2011 5.4330 -27.1895 7.0345 -2.2377 -35.2546 -17.6948 -0.0456 0.2927 -18.9829 5.0766 -29.7010 -2.4229 0.7202 -33.1057 18.1291 -1.7055 -10.6601 -11.9718 4.4866 -40.9704 3.1711 -0.7452 -26.4419 8.4800 -0.7533 -10.1348 -10.4005 4.3813 -45.5946 1.3771 -0.0814 -6.7620 -4.1397 1.0031 -27.2313 0.0000 0.0000 0.0000 62.4322 -23.4436 -35.2001 21.0326 -3.1307 -15.4156 -205.9760 170.7104 141.1904 0.0000 0.0000 0.0000 0.0000 0.0000 0.0000 0.0000 0.0000 0.0000 0.0000 0.0000 0.0000 0.0000 0.0000 0.0000 0.0000 0.0000 0.0000 0.0000 0.0000 0.0000 0.0000 0.0000 0.0000 0.0000 0.0000 0.0000 0.0000 0.0000 0.0000 0.0000 0.0000 0.0000 0.0000 0.0000 0.0000 0.0000 0.0000 0.0000 0.0000 0.0000 0.0000 0.0000 0.0000 0.0000
-119.0377 114.8308 219.7783 -6.1893 14.9284 -101.1419 0.5822 27.9482 4.0221 -7.9414 19.8802 0.0374 8.8168 -28.3381 -1.3481 0.0000 0.0000 0.0000 18.4759 -15.4195 4.7926 -19.6840 0.3905 2.0287 17.8502 4.8260 45.2564 0.0000 0.0000 0.0000 -1.3876 0.8406 -3.3936 -1.3876 0.8406 -3.3936 -1.3876 0.8406 -3.3936 10.8292 -5.7475 3.4789 10.8292 -5.7475 3.4789 0.0000 0.0000 0.0000 -36.4837 1.7319 -23.7348 -28.7609 7.7717 -30.5752 19.4310 -1.8850 -10.9771 17.2309 -4.0643 -26.3609 -20.8116 0.3406 -1.8548 -26.3707 0.8204 -3.5010 -18.4355 4.1599 -25.2290 8.8847 -2.1363 -26.9903 -26.1429 -2.0313 8.7326 -19.8852 4.9129 -27.5034 2.2813 -0.4426 -21.9573 2.1609 -0.1402 -7.4211 -16.3221 5.1103 -34.5698 4.5166 -0.9352 -23.3855 7.1409 -0.6046 -9.6673 -17.4453 5.8258 -36.6962 1.6347 -0.1534 -10.7238 4.2491 -1.0276 -27.1799 0.0000 0.0000 0.0000 63.0883 -24.0569 -35.7458 19.7055 -2.9979 -15.6929 -206.1271 171.0702 142.8017 0.0000 0.0000 0.0000 0.0000 0.0000 0.0000 0.0000 0.0000 0.0000 0.0000 0.0000 0.0000 0.0000 0.0000 0.0000 0.0000 0.0000 0.0000 0.0000 0.0000 0.0000 0.0000 0.0000 0.0000 0.0000 0.0000 0.0000 0.0000 0.0000 0.0000 0.0000 0.0000 0.0000 0.0000 0.0000 0.0000 0.0000 0.0000 0.0000 0.0000 0.0000 0.0000 0.0000 0.0000 0.0000
-125.1488 113.9968 215.4175 -7.4080 14.3664 -98.8936 2.4445 26.9510 3.4563 -10.9397 26.8924 0.7608 3.6949 -28.2104 -9.6350 0.0000 0.0000 0.0000 15.4599 -13.7079 3.8505 -19.0219 3.4437 2.5791 16.9180 5.5508 42.7419 0.0000 0.0000 0.0000 -1.7030 0.7709 -3.3919 -1.7030 0.7709 -3.3919 -1.7030 0.7709 -3.3919 10.7930 -5.5117 2.6516 10.7930 -5.5117 2.6516 0.0000 0.0000 0.0000 -39.5136 1.7549 -22.4752 -30.3222 8.1064 -30.2092 19.7603 -2.0396 -11.6711 16.6521 -4.6369 -30.9280 -17.2144 -0.6954 4.5920 -13.2189 0.7117 -6.1368 -10.4904 0.9319 -10.1250 13.4201 -2.8782 -24.1068 -34.5189 -2.7532 8.8456 -12.4713 1.5504 -14.1184 -9.3046 1.2520 -15.2947 16.3015 -1.5156 -10.5523 -10.8295 1.9549 -20.4079 -1.8426 0.3649 -22.4017 7.7828 0.0680 0.9991 -11.3402 2.3012 -22.8716 -3.8404 0.2674 -7.9636 0.1556 -0.0139 -10.2031 0.0000 0.0000 0.0000 63.0128 -24.7373 -37.1015 19.2730 -2.9893 -15.9732 -204.5904 171.8114 143.6364 0.0000 0.0000 0.0000 0.0000 0.0000 0.0000 0.0000 0.0000 0.0000 0.0000 0.0000 0.0000 0.0000 0.0000 0.0000 0.0000 0.0000 0.0000 0.0000 0.0000 0.0000 0.0000 0.0000 0.0000 0.0000 0.0000 0.0000 0.0000 0.0000 0.0000 0.0000 0.0000 0.0000 0.0000 0.0000 0.0000 0.0000 0.0000 0.0000 0.0000 0.0000 0.0000 0.0000 0.0000 0.0000
-130.6236 113.5161 212.5723 -7.9226 14.1310 -99.4621 5.5840 24.1977 2.4780 -17.7244 34.8681 3.3609 -0.8241 -31.3076 -18.2697 0.0000 0.0000 0.0000 12.9255 -12.3769 3.1651 -17.9339 5.6889 2.8680 16.3869 5.9197 41.2662 0.0000 0.0000 0.0000 -1.6381 0.6070 -2.6353 -1.6381 0.6070 -2.6353 -1.6381 0.6070 -2.6353 11.1425 -5.3170 2.4698 11.1425 -5.3170 2.4698 0.0000 0.0000 0.0000 -42.4021 1.1343 -19.2296 -32.4470 8.9725 -31.0802 19.4718 -2.3140 -13.4268 21.7140 -5.1014 -26.1525 -23.2383 0.0356 -0.1731 -21.2408 -0.3431 1.8298 -11.1972 2.1468 -21.6415 13.9186 -2.0919 -17.0137 -29.0098 -0.0554 0.2142 -10.0366 1.5682 -17.7180 -2.5656 0.5280 -23.2532 21.0769 -1.5287 -8.2038 -5.8701 1.4103 -26.9973 4.3297 -0.7740 -20.2607 7.7378 -0.0272 -0.4021 -14.5557 4.2080 -32.0976 9.6614 -0.3138 -3.7123 1.7690 -0.2836 -18.2120 0.0000 0.0000 0.0000 64.0176 -25.2386 -37.0646 21.1600 -2.8891 -14.1582 -203.3340 171.9573 142.3969 0.0000 0.0000 0.0000 0.0000 0.0000 0.0000 0.0000 0.0000 0.0000 0.0000 0.0000 0.0000 0.0000 0.0000 0.0000 0.0000 0.0000 0.0000 0.0000 0.0000 0.0000 0.0000 0.0000 0.0000 0.0000 0.0000 0.0000 0.0000 0.0000 0.0000 0.0000 0.0000 0.0000 0.0000 0.0000 0.0000 0.0000 0.0000 0.0000 0.0000 0.0000 0.0000 0.0000 0.0000 0.0000
-135.6504 113.5941 210.7417 -8.2573 13.0104 -100.9296 6.4769 19.2642 1.8500 -21.7328 41.1020 5.5003 -1.7429 -31.3735 -19.8096 0.0000 0.0000 0.0000 13.4754 -9.3944 2.5095 -19.4726 5.5554 3.0745 16.8680 5.4164 42.5817 0.0000 0.0000 0.0000 -1.8141 0.4113 -1.7558 -1.8141 0.4113 -1.7558 -1.8141 0.4113 -1.7558 11.2170 -4.4986 2.6677 11.2170 -4.4986 2.6677 0.0000 0.0000 0.0000 -45.5279 0.2552 -15.6700 -34.4924 9.1175 -29.7082 19.4675 -2.4827 -14.3993 13.4021 2.3569 19.8616 7.2232 -0.6910 -10.9156 -5.6358 0.1696 -3.4452 56.3598 4.4368 8.2713 23.6184 12.1301 53.8785 29.7460 -2.1196 -7.9691 41.1111 11.1053 29.0680 32.7802 8.8858 29.5951 -17.9846 -5.8559 35.8230 53.6742 17.8017 34.3987 6.4282 1.3816 24.2357 -7.2009 -1.7243 26.9007 38.0048 8.4217 24.1359 5.0686 1.5492 33.9718 9.6904 1.2577 14.7559 0.0000 0.0000 0.0000 66.4650 -25.4413 -35.1603 23.0495 -2.5349 -11.4702 -200.5725 172.4456 140.0188 0.0000 0.0000 0.0000 0.0000 0.0000 0.0000 0.0000 0.0000 0.0000 0.0000 0.0000 0.0000 0.0000 0.0000 0.0000 0.0000 0.0000 0.0000 0.0000 0.0000 0.0000 0.0000 0.0000 0.0000 0.0000 0.0000 0.0000 0.0000 0.0000 0.0000 0.0000 0.0000 0.0000 0.0000 0.0000 0.0000 0.0000 0.0000 0.0000 0.0000 0.0000 0.0000 0.0000 0.0000 0.0000
-139.9726 113.7535 209.5626 -8.1233 12.9146 -104.1424 6.8850 13.2281 1.2664 -27.8705 44.5971 8.8120 0.9294 -30.0608 -14.9452 0.0000 0.0000 0.0000 14.4222 -8.4573 2.3718 -20.4571 7.2808 3.5942 17.4772 7.2321 44.6340 0.0000 0.0000 0.0000 -1.7288 0.2456 -0.8796 -1.7288 0.2456 -0.8796 -1.7288 0.2456 -0.8796 11.1747 -3.8134 3.1893 11.1747 -3.8134 3.1893 0.0000 0.0000 0.0000 -47.5256 -0.7724 -12.3165 -36.4697 8.7248 -26.9728 19.6552 -2.6432 -15.1718 8.3533 -2.0074 -26.9823 -26.1943 -1.4544 6.2453 2.1331 -0.3565 -18.9726 -33.3334 13.0353 -41.7750 16.8355 -2.5877 -17.3553 -19.3248 -0.6925 4.0657 -16.6662 5.8405 -38.4030 -4.3657 0.9948 -25.6627 14.3485 0.0752 0.5975 -14.3475 6.7966 -50.5150 2.3537 -0.1579 -7.6771 7.7511 -0.2190 -3.2316 -15.2051 4.7627 -34.6106 7.1621 -0.3374 -5.3877 -17.3991 3.6159 -23.3118 0.0000 0.0000 0.0000 70.4825 -24.8184 -30.6999 25.7200 -1.8593 -7.5828 -197.9883 172.8282 136.7999 0.0000 0.0000 0.0000 0.0000 0.0000 0.0000 0.0000 0.0000 0.0000 0.0000 0.0000 0.0000 0.0000 0.0000 0.0000 0.0000 0.0000 0.0000 0.0000 0.0000 0.0000 0.0000 0.0000 0.0000 0.0000 0.0000 0.0000 0.0000 0.0000 0.0000 0.0000 0.0000 0.0000 0.0000 0.0000 0.0000 0.0000 0.0000 0.0000 0.0000 0.0000 0.0000 0.0000 0.0000 0.0000
-143.9532 114.0530 208.7961 -7.9267 12.8916 -106.6986 8.8711 4.8643 0.5111 -39.1845 48.1481 15.3519 -0.9809 -20.1187 -14.4218 0.0000 0.0000 0.0000 13.5032 -4.6925 1.3678 -18.9985 4.7185 2.8338 17.3356 8.8810 44.5213 0.0000 0.0000 0.0000 -1.4325 0.0297 0.3624 -1.4325 0.0297 0.3624 -1.4325 0.0297 0.3624 10.8106 -3.0247 3.2131 10.8106 -3.0247 3.2131 0.0000 0.0000 0.0000 -49.6585 -2.0956 -8.4976 -38.7334 8.3471 -24.3546 19.2762 -2.8954 -16.9292 40.4695 -7.6263 -20.4982 -20.4900 1.8826 -10.3885 -3.0735 0.0335 -1.2489 -8.3177 3.2130 -42.1844 6.3842 -1.2856 -22.7487 -25.2845 2.4154 -10.7387 -9.9261 4.2645 -46.4136 5.8123 -1.5430 -29.7125 10.1088 -0.7058 -7.9676 -9.1731 4.8830 -55.9813 14.2524 -1.7810 -14.1744 16.5713 -2.0924 -14.2954 -1.2944 0.4043 -34.6937 10.2703 -1.3212 -14.6223 8.1085 -1.4847 -20.7202 0.0000 0.0000 0.0000 75.2476 -23.7742 -25.5286 29.1100 -0.6135 -2.2189 -192.6538 174.4660 132.8949 0.0000 0.0000 0.0000 0.0000 0.0000 0.0000 0.0000 0.0000 0.0000 0.0000 0.0000 0.0000 0.0000 0.0000 0.0000 0.0000 0.0000 0.0000 0.0000 0.0000 0.0000 0.0000 0.0000 0.0000 0.0000 0.0000 0.0000 0.0000 0.0000 0.0000 0.0000 0.0000 0.0000 0.0000 0.0000 0.0000 0.0000 0.0000 0.0000 0.0000 0.0000 0.0000 0.0000 0.0000 0.0000
-145.8298 114.8940 211.4181 -7.5654 13.5217 -110.0835 12.5097 -2.9904 0.1563 -50.2558 47.5856 21.2221 -0.4182 -12.1132 -9.4338 0.0000 0.0000 0.0000 12.5913 -3.6352 1.0646 -19.1115 4.3063 2.7663 16.8269 11.4779 43.3958 0.0000 0.0000 0.0000 -0.7181 -0.1221 1.8057 -0.7181 -0.1221 1.8057 -0.7181 -0.1221 1.8057 10.0738 -2.0595 3.1029 10.0738 -2.0595 3.1029 0.0000 0.0000 0.0000 -51.2584 -3.7438 -4.1398 -41.9154 8.4867 -22.8253 18.1266 -3.2956 -20.4458 35.2757 -8.8967 -27.4979 -20.1708 0.5058 -2.8429 -17.7639 3.9246 -24.7325 -6.5028 2.1546 -36.6303 4.9086 -1.2694 -28.9837 -20.9007 4.7732 -25.4664 -2.9940 0.8294 -30.9610 5.9104 -2.6362 -48.0463 2.0200 -0.2057 -11.6301 -3.0616 0.9978 -36.0972 10.0282 -3.1216 -34.5054 13.0372 -2.7195 -23.4705 -14.0939 4.0359 -31.8181 19.7711 -3.5684 -20.2691 7.2950 -1.9985 -30.6042 0.0000 0.0000 0.0000 82.3539 -20.5882 -16.6496 32.8261 2.6408 8.4585 -179.8046 180.1018 124.9401 0.0000 0.0000 0.0000 0.0000 0.0000 0.0000 0.0000 0.0000 0.0000 0.0000 0.0000 0.0000 0.0000 0.0000 0.0000 0.0000 0.0000 0.0000 0.0000 0.0000 0.0000 0.0000 0.0000 0.0000 0.0000 0.0000 0.0000 0.0000 0.0000 0.0000 0.0000 0.0000 0.0000 0.0000 0.0000 0.0000 0.0000 0.0000 0.0000 0.0000 0.0000 0.0000 0.0000 0.0000 0.0000
-145.5745 115.8995 219.9205 -7.1536 13.3731 -111.7634 14.7994 -10.1630 0.1556 -55.6000 46.4475 23.7486 1.2254 -11.3997 -5.6686 0.0000 0.0000 0.0000 10.4044 -3.0107 0.8203 -17.9749 4.7090 2.6853 16.3683 8.0654 41.4487 0.0000 0.0000 0.0000 -0.3692 -0.1676 2.9279 -0.3692 -0.1676 2.9279 -0.3692 -0.1676 2.9279 9.7241 -2.0687 2.4557 9.7241 -2.0687 2.4557 0.0000 0.0000 0.0000 -51.8841 -5.8098 1.2409 -46.0127 8.6243 -21.0386 16.2974 -3.3111 -22.8238 23.5295 -4.2974 -20.4246 -41.9431 0.0478 -0.1247 -19.0731 -0.7782 4.6299 5.0911 -2.0170 -43.2040 28.0932 -16.9070 -61.4231 -0.1638 0.0406 -27.8416 4.1647 -2.1408 -54.3938 21.5132 -10.4805 -51.5404 27.5516 -3.8202 -15.4922 6.3677 -4.7895 -73.8731 24.0540 -7.7204 -35.1471 20.1872 -2.7417 -15.3127 5.7907 -3.7171 -65.3666 16.1366 -2.8641 -20.0030 6.5047 -2.0105 -34.3193 0.0000 0.0000 0.0000 86.0877 -18.7862 -12.4719 31.3246 4.2483 14.2192 -172.5834 183.6004 128.2594 0.0000 0.0000 0.0000 0.0000 0.0000 0.0000 0.0000 0.0000 0.0000 0.0000 0.0000 0.0000 0.0000 0.0000 0.0000 0.0000 0.0000 0.0000 0.0000 0.0000 0.0000 0.0000 0.0000 0.0000 0.0000 0.0000 0.0000 0.0000 0.0000 0.0000 0.0000 0.0000 0.0000 0.0000 0.0000 0.0000 0.0000 0.0000 0.0000 0.0000 0.0000 0.0000 0.0000 0.0000 0.0000
-145.4978 117.0243 232.2379 -6.9650 13.3910 -113.9223 18.3929 -14.4909 0.6199 -54.5978 44.7899 22.5150 4.3685 -12.2806 0.0085 0.0000 0.0000 0.0000 6.7085 -1.4615 0.3764 -15.6806 4.3208 2.2915 16.4260 5.8495 41.3711 0.0000 0.0000 0.0000 -0.1113 -0.1734 3.7845 -0.1113 -0.1734 3.7845 -0.1113 -0.1734 3.7845 9.6962 -2.1523 2.0410 9.6962 -2.1523 2.0410 0.0000 0.0000 0.0000 -50.8447 -7.9792 7.4771 -49.4121 8.2510 -18.7187 15.1777 -3.4082 -25.1755 18.9007 -4.3970 -25.9747 -25.1531 -3.4474 15.3642 -28.4786 0.8541 -3.3646 10.5797 -2.4837 -26.3547 -9.9600 3.7496 -41.1774 -18.3055 -0.3054 1.8951 1.3776 -0.2468 -20.3115 -15.3380 6.2976 -44.4444 3.1633 -0.3607 -13.0055 -6.7516 2.8672 -45.9797 -13.0680 2.4323 -21.0005 6.6285 -1.0069 -17.2566 -27.7168 10.9324 -42.4012 6.3527 -0.6201 -11.1385 1.6201 -0.1649 -11.6241 0.0000 0.0000 0.0000 87.4787 -18.0186 -10.8998 30.2275 4.6928 16.2517 -169.9297 184.3854 133.0238 0.0000 0.0000 0.0000 0.0000 0.0000 0.0000 0.0000 0.0000 0.0000 0.0000 0.0000 0.0000 0.0000 0.0000 0.0000 0.0000 0.0000 0.0000 0.0000 0.0000 0.0000 0.0000 0.0000 0.0000 0.0000 0.0000 0.0000 0.0000 0.0000 0.0000 0.0000 0.0000 0.0000 0.0000 0.0000 0.0000 0.0000 0.0000 0.0000 0.0000 0.0000 0.0000 0.0000 0.0000 0.0000
-146.3380 117.8848 244.1950 -7.1093 12.0577 -113.5342 17.8961 -17.4034 0.5820 -49.3033 42.5189 18.8942 6.0114 -12.4998 3.0154 0.0000 0.0000 0.0000 3.3598 2.0752 -0.2579 -14.0105 3.0485 1.8597 16.7432 2.1884 41.8566 0.0000 0.0000 0.0000 -0.2797 -0.2297 4.4025 -0.2797 -0.2297 4.4025 -0.2797 -0.2297 4.4025 9.5406 -2.5389 1.1247 9.5406 -2.5389 1.1247 0.0000 0.0000 0.0000 -49.1846 -9.5922 12.8564 -52.1536 6.7580 -14.6571 13.9482 -3.4088 -27.3438 16.3428 -3.9399 -26.9412 -41.6889 -4.4723 11.7110 -13.6763 -0.8512 7.0896 -12.8473 5.2648 -44.4272 6.4075 -3.9907 -63.7984 -16.1839 4.3727 -30.0609 -9.5291 5.0068 -55.3577 -3.5130 1.8967 -56.7199 15.5167 -4.6671 -33.3042 -11.2908 6.9945 -63.4523 1.5767 -0.8742 -58.0111 11.3576 -1.5911 -15.8991 -9.0324 5.3808 -61.4989 8.0880 -2.4670 -33.8774 5.4461 -2.3707 -47.0219 0.0000 0.0000 0.0000 90.3956 -16.4881 -7.8997 28.6417 4.5450 16.5976 -166.4449 185.5335 135.7434 0.0000 0.0000 0.0000 0.0000 0.0000 0.0000 0.0000 0.0000 0.0000 0.0000 0.0000 0.0000 0.0000 0.0000 0.0000 0.0000 0.0000 0.0000 0.0000 0.0000 0.0000 0.0000 0.0000 0.0000 0.0000 0.0000 0.0000 0.0000 0.0000 0.0000 0.0000 0.0000 0.0000 0.0000 0.0000 0.0000 0.0000 0.0000 0.0000 0.0000 0.0000 0.0000 0.0000 0.0000 0.0000
-147.9064 118.5990 253.5978 -6.8904 11.5383 -113.6592 17.9680 -18.2885 0.6058 -39.9081 34.0320 12.0668 6.3436 -10.7726 4.8858 0.0000 0.0000 0.0000 0.7765 7.1755 -0.9084 -12.4126 -1.0311 1.0682 17.8126 -1.9969 44.0759 0.0000 0.0000 0.0000 -0.1590 -0.3264 5.3688 -0.1590 -0.3264 5.3688 -0.1590 -0.3264 5.3688 9.7585 -3.0988 0.3755 9.7585 -3.0988 0.3755 0.0000 0.0000 0.0000 -48.2899 -10.6924 16.5731 -51.2825 4.3020 -9.8472 12.7467 -3.6244 -31.6305 9.9428 -1.8355 -20.8688 -34.0583 -3.7921 12.3375 -14.0343 0.6591 -5.3511 -6.7444 2.5165 -40.8867 5.8455 -2.7287 -50.0168 -21.1905 3.3580 -17.8119 -6.8487 3.1972 -50.0077 5.7195 -2.2587 -43.0719 -3.3270 0.6591 -22.4055 2.3885 -1.4700 -63.2165 -1.8632 0.4795 -28.8631 10.0348 -1.4198 -16.0665 2.0211 -0.9111 -48.5290 3.1903 -0.8913 -31.2115 6.4023 -1.5094 -26.5065 0.0000 0.0000 0.0000 93.9510 -11.8634 -1.3374 28.6672 6.0423 21.9386 -141.7519 188.1295 156.8366 0.0000 0.0000 0.0000 0.0000 0.0000 0.0000 0.0000 0.0000 0.0000 0.0000 0.0000 0.0000 0.0000 0.0000 0.0000 0.0000 0.0000 0.0000 0.0000 0.0000 0.0000 0.0000 0.0000 0.0000 0.0000 0.0000 0.0000 0.0000 0.0000 0.0000 0.0000 0.0000 0.0000 0.0000 0.0000 0.0000 0.0000 0.0000 0.0000 0.0000 0.0000 0.0000 0.0000 0.0000 0.0000
-150.1778 119.1608 259.2397 -6.1430 12.4347 -115.3259 17.1647 -17.4773 0.4558 -26.8796 21.9988 5.2929 6.2094 -7.5617 7.1102 0.0000 0.0000 0.0000 -0.9137 9.8167 -1.1299 -10.9944 -2.8761 0.6956 19.8192 -7.0796 47.9623 0.0000 0.0000 0.0000 0.3546 -0.4154 6.3720 0.3546 -0.4154 6.3720 0.3546 -0.4154 6.3720 10.2784 -3.3938 0.1178 10.2784 -3.3938 0.1178 0.0000 0.0000 0.0000 -47.9040 -11.7452 19.8464 -48.8161 2.1861 -5.7140 11.4163 -3.6222 -35.1084 13.9986 -3.1831 -25.5042 -34.2215 -2.3439 7.6036 -15.6227 -0.9253 6.7372 -16.6633 5.5203 -36.4429 0.5691 -0.2669 -50.2603 -16.6489 1.2592 -8.5902 -11.5492 5.1011 -47.5448 -0.2037 0.0635 -34.6243 1.1610 -0.2025 -19.7849 -8.3590 4.4902 -56.4263 0.5518 -0.1594 -32.2282 7.0307 -1.1222 -18.1157 -6.2672 2.4752 -43.0701 7.5292 -1.9229 -28.6171 5.5783 -1.3757 -27.6878 0.0000 0.0000 0.0000 95.8792 -6.7655 4.8571 26.8733 6.9081 26.5778 -129.9836 179.7645 180.5049 0.0000 0.0000 0.0000 0.0000 0.0000 0.0000 0.0000 0.0000 0.0000 0.0000 0.0000 0.0000 0.0000 0.0000 0.0000 0.0000 0.0000 0.0000 0.0000 0.0000 0.0000 0.0000 0.0000 0.0000 0.0000 0.0000 0.0000 0.0000 0.0000 0.0000 0.0000 0.0000 0.0000 0.0000 0.0000 0.0000 0.0000 0.0000 0.0000 0.0000 0.0000 0.0000 0.0000 0.0000 0.0000
-153.0325 119.1860 262.5495 -4.6194 13.1736 -114.9327 16.9656 -20.0218 0.4312 -17.2940 14.7970 2.2541 3.9488 -2.0444 7.1863 0.0000 0.0000 0.0000 -3.4372 10.7074 -1.0341 -8.0508 -4.3543 0.3213 19.1770 -1.5162 47.5075 0.0000 0.0000 0.0000 0.7936 -0.5930 6.9608 0.7936 -0.5930 6.9608 0.7936 -0.5930 6.9608 10.8033 -4.3663 -0.4065 10.8033 -4.3663 -0.4065 0.0000 0.0000 0.0000 -45.7790 -11.4524 20.9056 -49.4039 -0.4908 0.1682 11.5268 -3.3418 -32.2402 17.0564 -3.5684 -23.4705 -28.8518 -0.1799 0.6992 -22.5193 -0.5229 2.6259 -19.0886 4.7734 -27.8450 5.4675 -2.8330 -54.7569 -20.0723 0.2204 -1.2452 -11.1081 4.4649 -43.6913 -1.9083 0.5321 -31.1577 4.6681 -0.7777 -18.9073 -4.4793 2.4426 -57.1910 -7.9612 1.8344 -25.9128 11.1665 -0.7571 -7.7335 -8.9561 3.8594 -46.5552 9.2144 -1.6961 -20.8171 -10.6210 3.3313 -34.7441 0.0000 0.0000 0.0000 95.6027 -0.0472 12.4764 24.1814 6.7815 28.8105 -126.4033 171.8216 196.1122 0.0000 0.0000 0.0000 0.0000 0.0000 0.0000 0.0000 0.0000 0.0000 0.0000 0.0000 0.0000 0.0000 0.0000 0.0000 0.0000 0.0000 0.0000 0.0000 0.0000 0.0000 0.0000 0.0000 0.0000 0.0000 0.0000 0.0000 0.0000 0.0000 0.0000 0.0000 0.0000 0.0000 0.0000 0.0000 0.0000 0.0000 0.0000 0.0000 0.0000 0.0000 0.0000 0.0000 0.0000 0.0000
-156.1602 119.0443 264.4978 -3.1902 14.9170 -115.0755 18.1272 -21.7364 0.6841 -11.1892 10.1538 0.9527 2.4213 0.8329 6.5082 0.0000 0.0000 0.0000 -3.8231 14.4344 -1.3352 -7.9442 -6.5054 0.0852 18.1887 4.8763 46.2133 0.0000 0.0000 0.0000 1.4340 -0.8567 7.8191 1.4340 -0.8567 7.8191 1.4340 -0.8567 7.8191 11.4404 -4.7727 -0.9711 11.4404 -4.7727 -0.9711 0.0000 0.0000 0.0000 -42.0596 -10.6362 22.0454 -48.7366 -3.4102 6.6215 15.7473 -4.0595 -28.7479 14.7837 -3.5650 -26.9786 -31.0359 -1.7053 6.1361 -19.7959 -0.8365 4.7912 -20.2676 8.3520 -44.4402 5.1981 -2.0428 -42.8866 -14.3208 0.5803 -4.6167 -10.4422 5.1224 -52.1646 -3.1438 1.0176 -35.8628 5.6320 -0.8692 -17.5328 -9.6610 5.8385 -62.2158 -0.1917 0.0482 -28.2346 9.8143 -1.5454 -17.8552 -8.1111 3.7693 -49.7921 9.3109 -2.0103 -24.3171 -6.6951 2.1413 -35.4381 0.0000 0.0000 0.0000 94.6975 5.2809 18.6470 20.5885 6.1182 30.2274 -132.3544 165.9305 211.2297 0.0000 0.0000 0.0000 0.0000 0.0000 0.0000 0.0000 0.0000 0.0000 0.0000 0.0000 0.0000 0.0000 0.0000 0.0000 0.0000 0.0000 0.0000 0.0000 0.0000 0.0000 0.0000 0.0000 0.0000 0.0000 0.0000 0.0000 0.0000 0.0000 0.0000 0.0000 0.0000 0.0000 0.0000 0.0000 0.0000 0.0000 0.0000 0.0000 0.0000 0.0000 0.0000 0.0000 0.0000 0.0000
-159.5441 118.7734 265.6632 -3.0239 16.6115 -114.7324 18.9300 -20.7963 0.8339 -6.4655 6.2206 0.2958 1.3277 3.6461 6.8160 0.0000 0.0000 0.0000 -3.4592 17.7672 -1.6854 -9.1156 -5.9997 0.1927 17.8905 8.0802 46.0401 0.0000 0.0000 0.0000 2.1018 -0.7947 8.0891 2.1018 -0.7947 8.0891 2.1018 -0.7947 8.0891 11.5933 -5.4654 -1.7223 11.5933 -5.4654 -1.7223 0.0000 0.0000 0.0000 -39.1600 -10.2950 24.1715 -47.2240 -4.1697 8.6221 20.7629 -4.4628 -24.0147 13.4546 -3.0606 -25.5222 -31.9673 -1.8218 6.3543 -21.0114 -0.8815 4.7509 -19.1119 6.4215 -36.8584 -3.4822 1.6222 -49.9466 -14.9557 -0.1429 1.0889 -16.3473 6.8773 -45.4036 -6.4223 2.2262 -38.2032 7.2715 -1.0640 -16.6274 -12.4853 6.7953 -56.9816 -6.7751 1.3646 -22.7515 13.1529 -2.2684 -19.4886 -13.6916 6.1484 -48.2029 7.1900 -1.2883 -20.2920 -0.0717 0.0147 -23.1647 0.0000 0.0000 0.0000 94.1959 9.0338 23.0689 17.5950 5.6977 32.4754 -141.6389 167.1310 215.9263 0.0000 0.0000 0.0000 0.0000 0.0000 0.0000 0.0000 0.0000 0.0000 0.0000 0.0000 0.0000 0.0000 0.0000 0.0000 0.0000 0.0000 0.0000 0.0000 0.0000 0.0000 0.0000 0.0000 0.0000 0.0000 0.0000 0.0000 0.0000 0.0000 0.0000 0.0000 0.0000 0.0000 0.0000 0.0000 0.0000 0.0000 0.0000 0.0000 0.0000 0.0000 0.0000 0.0000 0.0000 0.0000
-163.2475 118.5036 266.3754 -2.8766 18.5695 -112.8607 21.0133 -20.9863 1.2657 -5.2880 6.4975 0.1094 1.4164 2.7451 6.0716 0.0000 0.0000 0.0000 -1.9125 20.7602 -2.2275 -10.6087 -4.3012 0.4823 17.1112 14.7256 45.0774 0.0000 0.0000 0.0000 2.9099 -0.7527 8.1417 2.9099 -0.7527 8.1417 2.9099 -0.7527 8.1417 11.3910 -6.1974 -3.4136 11.3910 -6.1974 -3.4136 0.0000 0.0000 0.0000 -35.2644 -9.2043 25.0779 -46.4052 -4.4805 9.5301 25.9547 -5.1843 -22.2287 13.7917 -3.3022 -26.8117 -36.6251 -3.3338 10.0502 -17.4822 -0.6598 4.2892 -21.7980 8.4271 -41.8755 1.4242 -0.6276 -47.5632 -13.8067 0.0121 -0.1000 -13.3151 6.1600 -49.4986 -4.8974 1.6852 -37.9579 5.1508 -0.7935 -17.5034 -4.6622 2.8706 -63.2249 -8.9383 1.7481 -22.0891 11.8500 -1.7144 -16.4073 -9.7646 5.0124 -54.2618 6.9032 -1.0535 -17.3334 -9.2930 2.1286 -25.7506 0.0000 0.0000 0.0000 93.0538 11.2962 25.9816 13.8462 4.9895 35.1946 -151.0543 169.3415 219.7397 0.0000 0.0000 0.0000 0.0000 0.0000 0.0000 0.0000 0.0000 0.0000 0.0000 0.0000 0.0000 0.0000 0.0000 0.0000 0.0000 0.0000 0.0000 0.0000 0.0000 0.0000 0.0000 0.0000 0.0000 0.0000 0.0000 0.0000 0.0000 0.0000 0.0000 0.0000 0.0000 0.0000 0.0000 0.0000 0.0000 0.0000 0.0000 0.0000 0.0000 0.0000 0.0000 0.0000 0.0000 0.0000
-167.2539 118.3821 266.4881 -2.5291 19.9683 -112.0136 22.0878 -21.1675 1.4955 -7.6603 9.7754 0.3374 1.9402 1.4751 6.0226 0.0000 0.0000 0.0000 1.5320 24.0527 -3.2761 -13.0055 -3.3438 0.7733 16.5501 24.5592 45.9966 0.0000 0.0000 0.0000 3.3639 -0.8236 7.9487 3.3639 -0.8236 7.9487 3.3639 -0.8236 7.9487 11.6637 -6.3434 -3.6345 11.6637 -6.3434 -3.6345 0.0000 0.0000 0.0000 -33.5750 -8.9025 26.3160 -45.7762 -5.2123 11.4087 27.1143 -5.2632 -21.5834 16.7221 -4.2355 -28.2449 -36.8305 -0.3307 0.9932 -25.8606 -2.1964 9.5459 -15.6142 5.4706 -38.4221 4.5917 -1.6489 -39.4901 -16.5728 -0.2591 1.7789 -11.7695 4.4811 -41.5723 -8.2324 2.5672 -34.5884 7.9047 -1.0161 -14.6267 -8.1187 3.9428 -51.7494 -8.6555 1.6458 -21.4931 8.1890 -1.0619 -14.7526 -9.0740 4.0839 -48.3898 1.1672 -0.1275 -12.4706 2.4412 -0.3427 -15.9804 0.0000 0.0000 0.0000 92.4276 12.0213 27.0095 13.6138 5.0981 36.4250 -155.8353 170.3280 223.1320 0.0000 0.0000 0.0000 0.0000 0.0000 0.0000 0.0000 0.0000 0.0000 0.0000 0.0000 0.0000 0.0000 0.0000 0.0000 0.0000 0.0000 0.0000 0.0000 0.0000 0.0000 0.0000 0.0000 0.0000 0.0000 0.0000 0.0000 0.0000 0.0000 0.0000 0.0000 0.0000 0.0000 0.0000 0.0000 0.0000 0.0000 0.0000 0.0000 0.0000 0.0000 0.0000 0.0000 0.0000 0.0000
-171.8881 118.1882 266.3189 -2.6108 20.3278 -108.7088 18.9149 -21.4033 0.8439 -8.6259 11.8543 0.4471 2.0280 -0.8983 3.9418 0.0000 0.0000 0.0000 6.2017 27.0809 -4.7851 -15.0904 -1.2715 1.2698 15.9548 33.6124 48.3704 0.0000 0.0000 0.0000 3.3513 -0.8635 7.5202 3.3513 -0.8635 7.5202 3.3513 -0.8635 7.5202 11.7695 -6.2823 -4.1878 11.7695 -6.2823 -4.1878 0.0000 0.0000 0.0000 -33.2482 -8.4764 24.8896 -44.0920 -5.6476 12.9903 29.6097 -5.9563 -22.2717 22.6454 -4.1450 -20.4887 -36.7358 0.6549 -1.9722 -25.2468 0.0181 -0.0807 -17.3642 7.5182 -46.5617 5.9062 -1.9000 -35.6384 -18.1175 -0.0570 0.3574 -12.4899 5.3427 -46.1847 0.1440 -0.0518 -39.5775 2.3037 -0.2583 -12.7940 -3.5078 1.9213 -57.4110 -5.7350 1.1279 -22.2348 11.6630 -1.4697 -14.3161 -4.4840 1.8742 -45.3503 6.7220 -1.0589 -17.8842 2.7624 -0.6441 -26.2472 0.0000 0.0000 0.0000 91.9339 11.8209 26.9073 12.7309 4.8265 36.5905 -157.4274 170.1340 226.7750 0.0000 0.0000 0.0000 0.0000 0.0000 0.0000 0.0000 0.0000 0.0000 0.0000 0.0000 0.0000 0.0000 0.0000 0.0000 0.0000 0.0000 0.0000 0.0000 0.0000 0.0000 0.0000 0.0000 0.0000 0.0000 0.0000 0.0000 0.0000 0.0000 0.0000 0.0000 0.0000 0.0000 0.0000 0.0000 0.0000 0.0000 0.0000 0.0000 0.0000 0.0000 0.0000 0.0000 0.0000 0.0000
-176.7597 117.9626 265.5024 -2.6275 19.8016 -109.3551 17.9346 -19.7864 0.6187 -11.2771 12.9410 0.9520 3.3373 -2.4300 5.4894 0.0000 0.0000 0.0000 8.1661 28.4100 -5.5180 -17.2277 0.0779 1.7133 15.7194 37.7951 53.4405 0.0000 0.0000 0.0000 3.2823 -0.8172 6.7306 3.2823 -0.8172 6.7306 3.2823 -0.8172 6.7306 11.5077 -5.7586 -3.4849 11.5077 -5.7586 -3.4849 0.0000 0.0000 0.0000 -33.2977 -9.2209 28.2024 -43.2520 -4.6969 10.9131 32.7400 -5.3565 -18.0963 18.0475 -2.8779 -17.9766 -35.4250 -2.2194 6.9416 -23.9908 1.0087 -4.7451 -23.9295 11.0139 -48.9269 4.0920 -1.6107 -42.9579 -18.3163 1.4102 -8.7309 -16.5312 8.8165 -55.9068 -0.4397 0.1571 -39.3198 1.4453 -0.2701 -21.1694 -5.9264 3.7695 -64.8892 -3.7315 1.1861 -35.2549 8.1149 -0.6643 -9.3446 -2.6915 1.3268 -52.4747 9.8150 -2.1003 -24.1019 -0.5499 0.1589 -32.2329 0.0000 0.0000 0.0000 97.3758 5.9041 18.9854 17.5035 7.5551 42.4416 -153.5332 168.2236 227.3602 0.0000 0.0000 0.0000 0.0000 0.0000 0.0000 0.0000 0.0000 0.0000 0.0000 0.0000 0.0000 0.0000 0.0000 0.0000 0.0000 0.0000 0.0000 0.0000 0.0000 0.0000 0.0000 0.0000 0.0000 0.0000 0.0000 0.0000 0.0000 0.0000 0.0000 0.0000 0.0000 0.0000 0.0000 0.0000 0.0000 0.0000 0.0000 0.0000 0.0000 0.0000 0.0000 0.0000 0.0000 0.0000
-183.0426 117.5893 263.4441 -2.2280 18.8848 -109.7323 15.8770 -19.9685 0.2176 -11.4631 12.2034 0.9928 1.5100 0.4825 4.0321 0.0000 0.0000 0.0000 8.3701 26.6292 -5.1959 -19.4808 4.0486 2.7648 13.4765 53.5719 45.5255 0.0000 0.0000 0.0000 2.9154 -0.7158 6.1405 2.9154 -0.7158 6.1405 2.9154 -0.7158 6.1405 11.3859 -5.7249 -2.3414 11.3859 -5.7249 -2.3414 0.0000 0.0000 0.0000 -34.1654 -9.9681 30.0358 -42.6199 -4.5003 10.6052 32.9262 -3.3883 -11.4310 13.5861 -3.0583 -25.2630 -28.9044 -4.3110 16.6174 -8.9864 0.1807 -2.2989 -8.6954 4.3566 -53.1574 -4.6225 2.1717 -50.3095 -12.1434 1.0754 -10.0843 -12.4741 6.8819 -57.6368 -3.3466 1.2675 -41.4782 -0.1288 0.0208 -18.3759 -10.6740 6.9996 -66.4242 -4.7945 1.3376 -31.1621 3.5995 -0.4187 -13.2656 -13.1898 8.3866 -64.7624 2.1132 -0.2993 -16.1219 4.6725 -0.8589 -20.8203 0.0000 0.0000 0.0000 99.0953 -2.5973 9.6647 24.5463 11.8824 47.9468 -146.8769 164.9267 227.9680 0.0000 0.0000 0.0000 0.0000 0.0000 0.0000 0.0000 0.0000 0.0000 0.0000 0.0000 0.0000 0.0000 0.0000 0.0000 0.0000 0.0000 0.0000 0.0000 0.0000 0.0000 0.0000 0.0000 0.0000 0.0000 0.0000 0.0000 0.0000 0.0000 0.0000 0.0000 0.0000 0.0000 0.0000 0.0000 0.0000 0.0000 0.0000 0.0000 0.0000 0.0000 0.0000 0.0000 0.0000 0.0000
-192.8210 116.7954 253.8956 -2.8296 17.1288 -110.1461 13.9104 -19.6403 -0.1602 -17.7697 10.4592 2.1414 0.4979 0.4681 1.6158 0.0000 0.0000 0.0000 9.5800 23.8219 -4.8600 -26.1464 11.3163 5.6294 15.4701 58.2669 33.1090 0.0000 0.0000 0.0000 2.2684 -0.6363 5.4433 2.2684 -0.6363 5.4433 2.2684 -0.6363 5.4433 11.3201 -4.6581 -1.4329 11.3201 -4.6581 -1.4329 0.0000 0.0000 0.0000 -35.0055 -10.6672 31.5631 -43.9456 -4.4784 10.1719 30.2990 -4.8149 -17.6532 14.6971 -2.7654 -21.2019 -34.5058 -2.9193 9.3811 -21.0041 0.0811 -0.4373 -4.7318 1.8594 -42.8861 0.3575 -0.1388 -42.4325 -18.8357 3.8608 -22.9723 -7.4449 3.0614 -44.6584 1.6568 -0.8237 -52.8659 -3.8392 0.2277 -6.7867 -0.8024 0.4593 -59.5759 0.0174 -0.0052 -33.3211 0.6744 -0.0681 -11.5357 0.4733 -0.2227 -50.3925 1.3170 -0.3117 -26.6283 3.2207 -0.5928 -20.8522 0.0000 0.0000 0.0000 95.0441 -14.1686 -3.7537 38.0558 8.7358 23.7961 -90.9601 181.2392 178.7399 0.0000 0.0000 0.0000 0.0000 0.0000 0.0000 0.0000 0.0000 0.0000 0.0000 0.0000 0.0000 0.0000 0.0000 0.0000 0.0000 0.0000 0.0000 0.0000 0.0000 0.0000 0.0000 0.0000 0.0000 0.0000 0.0000 0.0000 0.0000 0.0000 0.0000 0.0000 0.0000 0.0000 0.0000 0.0000 0.0000 0.0000 0.0000 0.0000 0.0000 0.0000 0.0000 0.0000 0.0000 0.0000
-201.6197 116.0655 236.9294 -3.1366 18.5843 -105.8300 14.9850 -11.8188 0.1536 -32.9177 30.6732 8.6286 -2.2360 0.0794 -5.3849 0.0000 0.0000 0.0000 14.4638 19.4034 -4.7034 -28.1058 19.7706 8.4374 19.1509 63.3231 21.7456 0.0000 0.0000 0.0000 2.3037 -0.3291 3.2294 2.3037 -0.3291 3.2294 2.3037 -0.3291 3.2294 11.3270 -4.3704 0.0792 11.3270 -4.3704 0.0792 0.0000 0.0000 0.0000 -36.7561 -11.6459 32.5702 -45.2234 -3.3761 7.1961 29.3720 -3.2631 -12.4052 20.1188 -4.9500 -27.3876 -41.8449 -5.7763 15.0348 -13.2786 0.2976 -2.5564 -13.6265 5.5793 -44.3751 5.4624 -2.5708 -50.3813 -17.3644 3.4594 -22.3727 -10.1770 4.8826 -51.1698 1.1333 -0.4832 -46.1832 5.4749 -0.8137 -16.8946 -7.9893 4.3241 -56.7925 5.3648 -2.0460 -41.7275 0.0697 -0.0052 -8.5027 -11.9747 5.9107 -52.4160 15.8908 -4.2403 -29.7107 -2.6995 0.4528 -19.0401 0.0000 0.0000 0.0000 88.7412 -16.1348 -8.0093 30.9270 14.1181 45.7369 -123.1587 144.8304 240.7098 0.0000 0.0000 0.0000 0.0000 0.0000 0.0000 0.0000 0.0000 0.0000 0.0000 0.0000 0.0000 0.0000 0.0000 0.0000 0.0000 0.0000 0.0000 0.0000 0.0000 0.0000 0.0000 0.0000 0.0000 0.0000 0.0000 0.0000 0.0000 0.0000 0.0000 0.0000 0.0000 0.0000 0.0000 0.0000 0.0000 0.0000 0.0000 0.0000 0.0000 0.0000 0.0000 0.0000 0.0000 0.0000
-210.9222 115.4018 219.1426 -2.1730 16.7212 -103.1992 15.7673 -11.8542 0.2503 -44.8677 44.7941 17.3860 -4.4178 6.1811 -5.8125 0.0000 0.0000 0.0000 13.8686 13.1310 -3.0219 -29.5301 23.5578 9.9772 16.7406 54.8683 24.0818 0.0000 0.0000 0.0000 1.5262 -0.2048 2.5199 1.5262 -0.2048 2.5199 1.5262 -0.2048 2.5199 10.8830 -5.0994 -0.6209 10.8830 -5.0994 -0.6209 0.0000 0.0000 0.0000 -38.5772 -10.8197 26.8329 -47.7413 -3.1040 6.1085 23.1131 -2.7413 -13.3479 21.9463 -3.8145 -19.4903 -25.5730 -0.0739 0.3257 -22.6336 0.4198 -2.0973 -19.7457 3.4686 -19.7385 -2.4483 0.8888 -39.9009 -24.1391 1.1626 -5.4332 -18.0745 3.9155 -24.2583 -11.6010 4.0410 -38.3024 3.0053 -0.3920 -14.8613 -16.2150 4.3195 -29.6559 -8.3044 2.9365 -38.8922 10.4114 -1.4221 -15.5143 -16.6763 3.6073 -24.2517 7.8114 -1.3098 -19.0094 -8.5247 2.1703 -28.5198 0.0000 0.0000 0.0000 90.7709 -13.9070 -4.5839 29.6088 11.8358 40.4771 -116.3541 146.3887 231.9028 0.0000 0.0000 0.0000 0.0000 0.0000 0.0000 0.0000 0.0000 0.0000 0.0000 0.0000 0.0000 0.0000 0.0000 0.0000 0.0000 0.0000 0.0000 0.0000 0.0000 0.0000 0.0000 0.0000 0.0000 0.0000 0.0000 0.0000 0.0000 0.0000 0.0000 0.0000 0.0000 0.0000 0.0000 0.0000 0.0000 0.0000 0.0000 0.0000 0.0000 0.0000 0.0000 0.0000 0.0000 0.0000
-217.9083 115.1788 208.5383 1.1476 17.0135 -107.5254 18.9612 -13.0197 0.6721 -53.5401 46.3084 22.5492 -6.9549 15.1625 -3.5612 0.0000 0.0000 0.0000 17.8509 4.4932 -0.9726 -35.1029 23.6741 11.8523 18.1376 61.3260 23.6262 0.0000 0.0000 0.0000 1.0318 -0.1523 1.9871 1.0318 -0.1523 1.9871 1.0318 -0.1523 1.9871 11.3439 -8.1651 -0.2607 11.3439 -8.1651 -0.2607 0.0000 0.0000 0.0000 -43.9784 -12.2465 25.1271 -47.7209 -0.2488 -0.3364 16.8309 -1.8305 -12.3262 2.9014 -0.7086 -27.4428 -36.7997 1.1031 -3.3152 -5.8350 -0.1930 3.7851 -20.4551 5.5728 -30.1928 4.0840 -1.9415 -50.8366 -30.4832 4.6866 -17.0822 -17.1010 5.9799 -38.3139 -4.9151 2.6024 -55.7786 12.3331 -2.2284 -20.4086 -12.7698 5.3639 -45.4295 -1.7183 0.7157 -45.2197 15.4775 -2.2321 -16.3163 -17.8320 6.1220 -37.6449 14.5136 -2.7137 -21.0746 -5.9584 1.7718 -33.0943 0.0000 0.0000 0.0000 90.4222 -16.2260 -7.5652 30.7440 10.6857 35.5337 -118.5411 150.7139 227.4544 0.0000 0.0000 0.0000 0.0000 0.0000 0.0000 0.0000 0.0000 0.0000 0.0000 0.0000 0.0000 0.0000 0.0000 0.0000 0.0000 0.0000 0.0000 0.0000 0.0000 0.0000 0.0000 0.0000 0.0000 0.0000 0.0000 0.0000 0.0000 0.0000 0.0000 0.0000 0.0000 0.0000 0.0000 0.0000 0.0000 0.0000 0.0000 0.0000 0.0000 0.0000 0.0000 0.0000 0.0000 0.0000
-221.5201 115.0149 202.1741 3.2502 17.0137 -110.4087 21.0564 -13.5011 0.9733 -58.8149 46.3399 25.5097 -7.8064 17.8209 -2.7967 0.0000 0.0000 0.0000 21.0356 -0.8449 0.6249 -38.7364 22.9227 12.7936 18.9291 64.9159 23.7158 0.0000 0.0000 0.0000 0.7176 -0.1027 1.5966 0.7176 -0.1027 1.5966 0.7176 -0.1027 1.5966 11.4945 -10.4609 -0.3105 11.4945 -10.4609 -0.3105 0.0000 0.0000 0.0000 -47.6587 -12.8992 23.2947 -46.7176 1.6415 -4.6984 12.8830 -1.4178 -12.5088 2.9014 -0.7086 -27.4428 -36.7997 1.1031 -3.3152 -5.8350 -0.1930 3.7851 -20.4551 5.5728 -30.1928 4.0840 -1.9415 -50.8366 -30.4832 4.6866 -17.0822 -17.1010 5.9799 -38.3139 -4.9151 2.6024 -55.7786 12.3331 -2.2284 -20.4086 -12.7698 5.3639 -45.4295 -1.7183 0.7157 -45.2197 15.4775 -2.2321 -16.3163 -17.8320 6.1220 -37.6449 14.5136 -2.7137 -21.0746 -5.9584 1.7718 -33.0943 0.0000 0.0000 0.0000 89.7806 -17.4002 -9.2512 31.5027 10.1184 32.9799 -146.1819 167.4111 219.8861 0.0000 0.0000 0.0000 0.0000 0.0000 0.0000 0.0000 0.0000 0.0000 0.0000 0.0000 0.0000 0.0000 0.0000 0.0000 0.0000 0.0000 0.0000 0.0000 0.0000 0.0000 0.0000 0.0000 0.0000 0.0000 0.0000 0.0000 0.0000 0.0000 0.0000 0.0000 0.0000 0.0000 0.0000 0.0000 0.0000 0.0000 0.0000 0.0000 0.0000 0.0000 0.0000 0.0000 0.0000 0.0000
-223.2941 114.9052 198.5794 4.5652 16.9460 -112.3381 22.4300 -13.6478 1.1718 -61.9566 45.9642 27.1249 -8.0087 18.4217 -2.6259 0.0000 0.0000 0.0000 23.3557 -4.0567 1.7653 -41.0642 22.0902 13.2404 19.2508 66.8693 24.1305 0.0000 0.0000 0.0000 0.5163 -0.0712 1.3589 0.5163 -0.0712 1.3589 0.5163 -0.0712 1.3589 11.4768 -12.1001 -0.5377 11.4768 -12.1001 -0.5377 0.0000 0.0000 0.0000 -50.0357 -13.1603 21.8425 -45.5991 2.7587 -7.4556 10.7622 -1.2136 -12.8308 2.9014 -0.7086 -27.4428 -36.7997 1.1031 -3.3152 -5.8350 -0.1930 3.7851 -20.4551 5.5728 -30.1928 4.0840 -1.9415 -50.8366 -30.4832 4.6866 -17.0822 -17.1010 5.9799 -38.3139 -4.9151 2.6024 -55.7786 12.3331 -2.2284 -20.4086 -12.7698 5.3639 -45.4295 -1.7183 0.7157 -45.2197 15.4775 -2.2321 -16.3163 -17.8320 6.1220 -37.6449 14.5136 -2.7137 -21.0746 -5.9584 1.7718 -33.0943 0.0000 0.0000 0.0000 89.2580 -18.0439 -10.2533 32.0217 9.8481 31.6446 -174.8381 178.8900 204.2574 0.0000 0.0000 0.0000 0.0000 0.0000 0.0000 0.0000 0.0000 0.0000 0.0000 0.0000 0.0000 0.0000 0.0000 0.0000 0.0000 0.0000 0.0000 0.0000 0.0000 0.0000 0.0000 0.0000 0.0000 0.0000 0.0000 0.0000 0.0000 0.0000 0.0000 0.0000 0.0000 0.0000 0.0000 0.0000 0.0000 0.0000 0.0000 0.0000 0.0000 0.0000 0.0000 0.0000 0.0000 0.0000
-224.3570 114.7999 195.8942 5.3898 16.8800 -113.6285 23.3334 -13.6538 1.2990 -63.8430 45.5506 28.0057 -8.0117 18.4149 -2.6498 0.0000 0.0000 0.0000 24.9679 -5.9862 2.5377 -42.5696 21.4291 13.4640 19.3100 67.9217 24.6399 0.0000 0.0000 0.0000 0.3843 -0.0538 1.2256 0.3843 -0.0538 1.2256 0.3843 -0.0538 1.2256 11.3921 -13.2363 -0.7990 11.3921 -13.2363 -0.7990 0.0000 0.0000 0.0000 -51.5463 -13.2540 20.8117 -44.6784 3.3974 -9.1544 9.6613 -1.1076 -13.0494 2.9014 -0.7086 -27.4428 -36.7997 1.1031 -3.3152 -5.8350 -0.1930 3.7851 -20.4551 5.5728 -30.1928 4.0840 -1.9415 -50.8366 -30.4832 4.6866 -17.0822 -17.1010 5.9799 -38.3139 -4.9151 2.6024 -55.7786 12.3331 -2.2284 -20.4086 -12.7698 5.3639 -45.4295 -1.7183 0.7157 -45.2197 15.4775 -2.2321 -16.3163 -17.8320 6.1220 -37.6449 14.5136 -2.7137 -21.0746 -5.9584 1.7718 -33.0943 0.0000 0.0000 0.0000 88.8958 -18.4257 -10.8754 32.3765 9.7207 30.9261 -187.3410 181.0661 196.5037 0.0000 0.0000 0.0000 0.0000 0.0000 0.0000 0.0000 0.0000 0.0000 0.0000 0.0000 0.0000 0.0000 0.0000 0.0000 0.0000 0.0000 0.0000 0.0000 0.0000 0.0000 0.0000 0.0000 0.0000 0.0000 0.0000 0.0000 0.0000 0.0000 0.0000 0.0000 0.0000 0.0000 0.0000 0.0000 0.0000 0.0000 0.0000 0.0000 0.0000 0.0000 0.0000 0.0000 0.0000 0.0000
-225.1920 114.6770 193.3753 5.9118 16.8308 -114.4939 23.9312 -13.6102 1.3802 -64.9942 45.2022 28.4930 -7.9663 18.2592 -2.7237 0.0000 0.0000 0.0000 26.0624 -7.1572 3.0473 -43.5588 20.9616 13.5889 19.2605 68.4935 25.1070 0.0000 0.0000 0.0000 0.2960 -0.0451 1.1551 0.2960 -0.0451 1.1553 0.2960 -0.0451 1.1551 11.2953 -14.0110 -1.0313 11.2953 -14.0110 -1.0313 0.0000 0.0000 0.0000 -52.5069 -13.2824 20.1126 -43.9986 3.7635 -10.1968 9.0875 -1.0510 -13.1668 2.9014 -0.7086 -27.4428 -36.7997 1.1031 -3.3152 -5.8350 -0.1930 3.7851 -20.4551 5.5728 -30.1928 4.0840 -1.9415 -50.8366 -30.4832 4.6866 -17.0822 -17.1010 5.9799 -38.3139 -4.9151 2.6024 -55.7786 12.3331 -2.2284 -20.4086 -12.7698 5.3639 -45.4295 -1.7183 0.7157 -45.2197 15.4775 -2.2321 -16.3163 -17.8320 6.1220 -37.6449 14.5136 -2.7137 -21.0746 -5.9584 1.7718 -33.0943 0.0000 0.0000 0.0000 88.6595 -18.6669 -11.2747 32.6142 9.6614 30.5303 -192.6408 181.5132 193.5982 0.0000 0.0000 0.0000 0.0000 0.0000 0.0000 0.0000 0.0000 0.0000 0.0000 0.0000 0.0000 0.0000 0.0000 0.0000 0.0000 0.0000 0.0000 0.0000 0.0000 0.0000 0.0000 0.0000 0.0000 0.0000 0.0000 0.0000 0.0000 0.0000 0.0000 0.0000 0.0000 0.0000 0.0000 0.0000 0.0000 0.0000 0.0000 0.0000 0.0000 0.0000 0.0000 0.0000 0.0000 0.0000
-226.0819 114.5135 190.4757 6.2461 16.7976 -115.0760 24.3292 -13.5561 1.4323 -65.7093 44.9347 28.7679 -7.9181 18.0954 -2.7986 0.0000 0.0000 0.0000 26.7977 -7.8779 3.3800 -44.2170 20.6462 13.6663 19.1827 68.8111 25.4816 0.0000 0.0000 0.0000 0.2365 -0.0413 1.1200 0.2365 -0.0413 1.1201 0.2365 -0.0413 1.1200 11.2097 -14.5347 -1.2161 11.2097 -14.5347 -1.2161 0.0000 0.0000 0.0000 -53.1221 -13.2874 19.6471 -43.5197 3.9766 -10.8401 8.7846 -1.0201 -13.2216 0.0000 0.0000 0.0000 0.0000 0.0000 0.0000 0.0000 0.0000 0.0000 0.0000 0.0000 0.0000 0.0000 0.0000 0.0000 0.0000 0.0000 0.0000 0.0000 0.0000 0.0000 0.0000 0.0000 0.0000 0.0000 0.0000 0.0000 0.0000 0.0000 0.0000 0.0000 0.0000 0.0000 0.0000 0.0000 0.0000 0.0000 0.0000 0.0000 0.0000 0.0000 0.0000 0.0000 0.0000 0.0000 0.0000 0.0000 0.0000 88.5090 -18.8255 -11.5369 32.7716 9.6346 30.3087 -195.2676 181.6787 192.4760 0.0000 0.0000 0.0000 0.0000 0.0000 0.0000 0.0000 0.0000 0.0000 0.0000 0.0000 0.0000 0.0000 0.0000 0.0000 0.0000 0.0000 0.0000 0.0000 0.0000 0.0000 0.0000 0.0000 0.0000 0.0000 0.0000 0.0000 0.0000 0.0000 0.0000 0.0000 0.0000 0.0000 0.0000 0.0000 0.0000 0.0000 0.0000 0.0000 0.0000 0.0000 0.0000 0.0000 0.0000 0.0000
-227.2142 114.2854 186.7374 6.4624 16.7762 -115.4688 24.5956 -13.5068 1.4661 -66.1607 44.7381 28.9262 -7.8789 17.9610 -2.8605 0.0000 0.0000 0.0000 27.2898 -8.3281 3.5966 -44.6587 20.4374 13.7178 19.1096 68.9926 25.7614 0.0000 0.0000 0.0000 0.1960 -0.0398 1.1038 0.1960 -0.0398 1.1039 0.1960 -0.0398 1.1038 11.1417 -14.8875 -1.3549 11.1417 -14.8875 -1.3549 0.0000 0.0000 0.0000 -53.5194 -13.2850 19.3391 -43.1891 4.1031 -11.2411 8.6230 -1.0029 -13.2433 0.0000 0.0000 0.0000 0.0000 0.0000 0.0000 0.0000 0.0000 0.0000 0.0000 0.0000 0.0000 0.0000 0.0000 0.0000 0.0000 0.0000 0.0000 0.0000 0.0000 0.0000 0.0000 0.0000 0.0000 0.0000 0.0000 0.0000 0.0000 0.0000 0.0000 0.0000 0.0000 0.0000 0.0000 0.0000 0.0000 0.0000 0.0000 0.0000 0.0000 0.0000 0.0000 0.0000 0.0000 0.0000 0.0000 0.0000 0.0000 88.4140 -18.9323 -11.7114 32.8752 9.6234 30.1831 -196.7275 181.7774 192.0459 0.0000 0.0000 0.0000 0.0000 0.0000 0.0000 0.0000 0.0000 0.0000 0.0000 0.0000 0.0000 0.0000 0.0000 0.0000 0.0000 0.0000 0.0000 0.0000 0.0000 0.0000 0.0000 0.0000 0.0000 0.0000 0.0000 0.0000 0.0000 0.0000 0.0000 0.0000 0.0000 0.0000 0.0000 0.0000 0.0000 0.0000 0.0000 0.0000 0.0000 0.0000 0.0000 0.0000 0.0000 0.0000
-305.4433 113.7034 -77.0642 3.0971 20.7746 -85.3107 7.8175 -1.5204 0.0480 -17.0750 45.0396 3.5832 -9.0605 22.2814 0.0950 0.0000 0.0000 0.0000 10.1161 1.8831 -0.2299 -21.7944 18.4026 6.3363 9.4868 53.5213 72.8446 0.0000 0.0000 0.0000 -2.2173 -1.0432 -4.3676 -2.2173 -1.0432 -4.3676 -2.2173 -1.0432 -4.3676 44.3819 -7.6992 -1.3555 44.3819 -7.6992 -1.3555 0.0000 0.0000 0.0000 -45.3837 -10.9619 19.8007 -33.4308 -2.0740 5.9998 31.9373 -3.4303 -11.9477 21.9401 2.5242 12.9685 -23.0435 -1.2311 6.0339 -28.1460 4.0766 -16.1609 -7.7725 -0.0651 0.9580 -17.2497 1.1550 -7.6036 -5.5234 -1.6378 33.0107 -9.6513 -0.6832 8.0797 -10.9545 -0.8848 9.2074 -2.5021 -0.0717 3.2826 -10.9943 -0.4856 5.0422 -19.8602 -1.5217 8.6759 9.4572 -0.4473 -5.4036 -18.5101 -0.8379 5.1389 -4.8880 0.0989 -2.3164 2.7915 -0.4285 -17.4505 0.0000 0.0000 0.0000 82.8805 -36.1167 -37.5788 42.9677 11.6891 27.9176 -121.9757 224.6257 106.9974 0.0000 0.0000 0.0000 0.0000 0.0000 0.0000 0.0000 0.0000 0.0000 0.0000 0.0000 0.0000 0.0000 0.0000 0.0000 0.0000 0.0000 0.0000 0.0000 0.0000 0.0000 0.0000 0.0000 0.0000 0.0000 0.0000 0.0000 0.0000 0.0000 0.0000 0.0000 0.0000 0.0000 0.0000 0.0000 0.0000 0.0000 0.0000 0.0000 0.0000 0.0000 0.0000 0.0000 0.0000 0.0000
-377.7926 110.6848 -270.3221 5.6422 57.4593 -19.7498 20.1731 -35.6441 1.5856 30.0430 29.5283 -14.0446 -12.8940 15.8778 -26.1461 0.0000 0.0000 0.0000 28.5925 -19.9177 8.2662 -1.4508 5.3212 0.4013 19.2588 0.3992 48.1111 0.0000 0.0000 0.0000 3.2859 -4.1323 -17.7864 3.2859 -4.1323 -17.7864 3.2859 -4.1323 -17.7864 65.4356 -6.0899 31.8632 65.4356 -6.0899 31.8632 0.0000 0.0000 0.0000 -36.5600 -3.0078 -2.9424 -22.3638 -3.1076 14.7279 62.0907 -0.7281 -1.2096 21.9401 2.5242 12.9685 -23.0435 -1.2311 6.0339 -28.1460 4.0766 -16.1609 -7.7725 -0.0651 0.9580 -17.2497 1.1550 -7.6036 -5.5234 -1.6378 33.0107 -9.6513 -0.6832 8.0797 -10.9545 -0.8848 9.2074 -2.5021 -0.0717 3.2826 -10.9943 -0.4856 5.0422 -19.8602 -1.5217 8.6759 9.4572 -0.4473 -5.4036 -18.5101 -0.8379 5.1389 -4.8880 0.0989 -2.3164 2.7915 -0.4285 -17.4505 0.0000 0.0000 0.0000 117.9724 -43.1076 -21.8754 33.1636 11.9462 36.7569 -100.0647 222.4839 130.2375 0.0000 0.0000 0.0000 0.0000 0.0000 0.0000 0.0000 0.0000 0.0000 0.0000 0.0000 0.0000 0.0000 0.0000 0.0000 0.0000 0.0000 0.0000 0.0000 0.0000 0.0000 0.0000 0.0000 0.0000 0.0000 0.0000 0.0000 0.0000 0.0000 0.0000 0.0000 0.0000 0.0000 0.0000 0.0000 0.0000 0.0000 0.0000 0.0000 0.0000 0.0000 0.0000 0.0000 0.0000 0.0000
-411.6957 108.4757 -328.4663 -41.7958 63.1246 41.9928 37.3223 -49.6177 10.3792 30.1470 19.5180 -10.2859 -14.5129 6.7188 -36.4237 0.0000 0.0000 0.0000 50.0281 -27.6329 18.2598 -5.8871 -2.3996 0.3639 15.7730 -16.9248 38.5516 0.0000 0.0000 0.0000 8.4300 -0.7843 -15.8221 8.4300 -0.7843 -15.8221 8.4300 -0.7843 -15.8221 46.4446 -15.6763 51.9108 46.4446 -15.6763 51.9108 0.0000 0.0000 0.0000 -23.1787 0.7974 -28.7589 -15.9523 -2.7043 18.2256 70.8333 5.0400 7.0832 21.9401 2.5242 12.9685 -23.0435 -1.2311 6.0339 -28.1460 4.0766 -16.1609 -7.7725 -0.0651 0.9580 -17.2497 1.1550 -7.6036 -5.5234 -1.6378 33.0107 -9.6513 -0.6832 8.0797 -10.9545 -0.8848 9.2074 -2.5021 -0.0717 3.2826 -10.9943 -0.4856 5.0422 -19.8602 -1.5217 8.6759 9.4572 -0.4473 -5.4036 -18.5101 -0.8379 5.1389 -4.8880 0.0989 -2.3164 2.7915 -0.4285 -17.4505 0.0000 0.0000 0.0000 153.7404 4.0273 12.9770 0.3603 0.7598 38.7965 -75.8770 175.5322 183.4836 0.0000 0.0000 0.0000 0.0000 0.0000 0.0000 0.0000 0.0000 0.0000 0.0000 0.0000 0.0000 0.0000 0.0000 0.0000 0.0000 0.0000 0.0000 0.0000 0.0000 0.0000 0.0000 0.0000 0.0000 0.0000 0.0000 0.0000 0.0000 0.0000 0.0000 0.0000 0.0000 0.0000 0.0000 0.0000 0.0000 0.0000 0.0000 0.0000 0.0000 0.0000 0.0000 0.0000 0.0000 0.0000
-425.9551 107.0388 -342.9177 -58.7609 59.7625 62.2075 48.2205 -53.7389 17.1994 26.2138 17.2729 -8.3802 -14.3424 -1.7752 -37.8324 0.0000 0.0000 0.0000 60.9181 -28.4589 22.9747 -10.4563 -5.1343 0.3657 16.2042 -23.3204 39.1754 0.0000 0.0000 0.0000 9.7869 0.6767 -12.9965 9.7869 0.6767 -12.9965 9.7869 0.6767 -12.9965 34.4626 -23.7655 50.5379 34.4626 -23.7655 50.5379 0.0000 0.0000 0.0000 -14.9809 -0.0101 -40.9605 -12.4459 -2.3171 20.1154 72.2914 7.7978 10.6612 21.9401 2.5242 12.9685 -23.0435 -1.2311 6.0339 -28.1460 4.0766 -16.1609 -7.7725 -0.0651 0.9580 -17.2497 1.1550 -7.6036 -5.5234 -1.6378 33.0107 -9.6513 -0.6832 8.0797 -10.9545 -0.8848 9.2074 -2.5021 -0.0717 3.2826 -10.9943 -0.4856 5.0422 -19.8602 -1.5217 8.6759 9.4572 -0.4473 -5.4036 -18.5101 -0.8379 5.1389 -4.8880 0.0989 -2.3164 2.7915 -0.4285 -17.4505 0.0000 0.0000 0.0000 123.4580 60.0895 55.3248 -16.2041 -2.0387 16.0265 -137.5339 150.6376 247.9842 0.0000 0.0000 0.0000 0.0000 0.0000 0.0000 0.0000 0.0000 0.0000 0.0000 0.0000 0.0000 0.0000 0.0000 0.0000 0.0000 0.0000 0.0000 0.0000 0.0000 0.0000 0.0000 0.0000 0.0000 0.0000 0.0000 0.0000 0.0000 0.0000 0.0000 0.0000 0.0000 0.0000 0.0000 0.0000 0.0000 0.0000 0.0000 0.0000 0.0000 0.0000 0.0000 0.0000 0.0000 0.0000
-432.2861 106.0682 -346.8343 -65.5413 57.6134 70.1511 54.5210 -55.2741 21.3511 23.6913 16.4374 -7.4497 -13.9570 -7.2719 -37.8088 0.0000 0.0000 0.0000 66.6982 -27.9993 25.0301 -13.2987 -6.7134 0.2740 17.3282 -26.2531 41.0479 0.0000 0.0000 0.0000 10.4270 1.1452 -11.5280 10.4270 1.1452 -11.5280 10.4270 1.1452 -11.5280 29.2513 -27.2151 47.4502 29.2513 -27.2151 47.4502 0.0000 0.0000 0.0000 -11.3457 -0.9487 -46.2666 -10.5962 -2.0632 21.0790 72.3442 9.0937 12.4150 21.9401 2.5242 12.9685 -23.0435 -1.2311 6.0339 -28.1460 4.0766 -16.1609 -7.7725 -0.0651 0.9580 -17.2497 1.1550 -7.6036 -5.5234 -1.6378 33.0107 -9.6513 -0.6832 8.0797 -10.9545 -0.8848 9.2074 -2.5021 -0.0717 3.2826 -10.9943 -0.4856 5.0422 -19.8602 -1.5217 8.6759 9.4572 -0.4473 -5.4036 -18.5101 -0.8379 5.1389 -4.8880 0.0989 -2.3164 2.7915 -0.4285 -17.4505 0.0000 0.0000 0.0000 47.8659 57.2724 131.9327 -12.1550 -0.8413 9.2620 -176.1303 176.7131 260.6829 0.0000 0.0000 0.0000 0.0000 0.0000 0.0000 0.0000 0.0000 0.0000 0.0000 0.0000 0.0000 0.0000 0.0000 0.0000 0.0000 0.0000 0.0000 0.0000 0.0000 0.0000 0.0000 0.0000 0.0000 0.0000 0.0000 0.0000 0.0000 0.0000 0.0000 0.0000 0.0000 0.0000 0.0000 0.0000 0.0000 0.0000 0.0000 0.0000 0.0000 0.0000 0.0000 0.0000 0.0000 0.0000
-435.2882 105.3929 -348.0087 -68.7997 56.3439 73.9667 58.0556 -55.9689 23.7409 22.2847 15.9821 -6.9551 -13.6759 -10.5626 -37.6707 0.0000 0.0000 0.0000 69.9132 -27.4148 25.9286 -15.0215 -7.7573 0.1644 18.2500 -27.7055 42.5555 0.0000 0.0000 0.0000 10.8456 1.3071 -10.7746 10.8456 1.3071 -10.7746 10.8456 1.3071 -10.7746 26.6427 -28.7877 45.3454 26.6427 -28.7877 45.3454 0.0000 0.0000 0.0000 -9.6843 -1.5012 -48.8453 -9.6370 -1.9175 21.5580 72.1557 9.7812 13.3956 0.0000 0.0000 0.0000 0.0000 0.0000 0.0000 0.0000 0.0000 0.0000 0.0000 0.0000 0.0000 0.0000 0.0000 0.0000 0.0000 0.0000 0.0000 0.0000 0.0000 0.0000 0.0000 0.0000 0.0000 0.0000 0.0000 0.0000 0.0000 0.0000 0.0000 0.0000 0.0000 0.0000 0.0000 0.0000 0.0000 0.0000 0.0000 0.0000 0.0000 0.0000 0.0000 0.0000 0.0000 0.0000 0.0000 0.0000 0.0000 31.0491 43.2500 148.2660 -8.8761 -0.7183 11.5732 -191.5625 188.4694 252.3585 0.0000 0.0000 0.0000 0.0000 0.0000 0.0000 0.0000 0.0000 0.0000 0.0000 0.0000 0.0000 0.0000 0.0000 0.0000 0.0000 0.0000 0.0000 0.0000 0.0000 0.0000 0.0000 0.0000 0.0000 0.0000 0.0000 0.0000 0.0000 0.0000 0.0000 0.0000 0.0000 0.0000 0.0000 0.0000 0.0000 0.0000 0.0000 0.0000 0.0000 0.0000 0.0000 0.0000 0.0000 0.0000
-436.8063 104.9154 -348.3978 -70.5081 55.5758 75.9957 60.0480 -56.3444 25.1192 21.5236 15.6956 -6.6815 -13.5166 -12.5120 -37.6082 0.0000 0.0000 0.0000 71.7760 -26.9424 26.3308 -16.0819 -8.4610 0.0695 18.8753 -28.4616 43.5677 0.0000 0.0000 0.0000 11.1343 1.3675 -10.3707 11.1343 1.3675 -10.3707 11.1343 1.3675 -10.3707 25.1951 -29.5785 44.0201 25.1951 -29.5785 44.0201 0.0000 0.0000 0.0000 -8.8776 -1.8021 -50.2241 -9.1378 -1.8374 21.7942 71.9722 10.1705 13.9729 0.0000 0.0000 0.0000 0.0000 0.0000 0.0000 0.0000 0.0000 0.0000 0.0000 0.0000 0.0000 0.0000 0.0000 0.0000 0.0000 0.0000 0.0000 0.0000 0.0000 0.0000 0.0000 0.0000 0.0000 0.0000 0.0000 0.0000 0.0000 0.0000 0.0000 0.0000 0.0000 0.0000 0.0000 0.0000 0.0000 0.0000 0.0000 0.0000 0.0000 0.0000 0.0000 0.0000 0.0000 0.0000 0.0000 0.0000 0.0000 26.2737 35.8756 152.5494 -7.3502 -0.6998 14.3555 -198.8263 192.2389 245.7810 0.0000 0.0000 0.0000 0.0000 0.0000 0.0000 0.0000 0.0000 0.0000 0.0000 0.0000 0.0000 0.0000 0.0000 0.0000 0.0000 0.0000 0.0000 0.0000 0.0000 0.0000 0.0000 0.0000 0.0000 0.0000 0.0000 0.0000 0.0000 0.0000 0.0000 0.0000 0.0000 0.0000 0.0000 0.0000 0.0000 0.0000 0.0000 0.0000 0.0000 0.0000 0.0000 0.0000 0.0000 0.0000
-437.6206 104.5739 -348.5393 -71.4509 55.0988 77.1423 61.1891 -56.5739 25.9283 21.1138 15.5071 -6.5263 -13.4388 -13.6753 -37.6088 0.0000 0.0000 0.0000 72.8916 -26.6009 26.5155 -16.7474 -8.9356 -0.0032 19.2736 -28.8710 44.2096 0.0000 0.0000 0.0000 11.3331 1.3910 -10.1459 11.3331 1.3910 -10.1459 11.3331 1.3910 -10.1459 24.3405 -30.0052 43.1857 24.3405 -30.0052 43.1857 0.0000 0.0000 0.0000 -8.4659 -1.9662 -51.0116 -8.8754 -1.7937 21.9098 71.8352 10.3998 14.3220 0.0000 0.0000 0.0000 0.0000 0.0000 0.0000 0.0000 0.0000 0.0000 0.0000 0.0000 0.0000 0.0000 0.0000 0.0000 0.0000 0.0000 0.0000 0.0000 0.0000 0.0000 0.0000 0.0000 0.0000 0.0000 0.0000 0.0000 0.0000 0.0000 0.0000 0.0000 0.0000 0.0000 0.0000 0.0000 0.0000 0.0000 0.0000 0.0000 0.0000 0.0000 0.0000 0.0000 0.0000 0.0000 0.0000 0.0000 0.0000 24.3626 32.1690 154.1270 -6.4805 -0.6707 16.2915 -202.3041 193.5262 242.0590 0.0000 0.0000 0.0000 0.0000 0.0000 0.0000 0.0000 0.0000 0.0000 0.0000 0.0000 0.0000 0.0000 0.0000 0.0000 0.0000 0.0000 0.0000 0.0000 0.0000 0.0000 0.0000 0.0000 0.0000 0.0000 0.0000 0.0000 0.0000 0.0000 0.0000 0.0000 0.0000 0.0000 0.0000 0.0000 0.0000 0.0000 0.0000 0.0000 0.0000 0.0000 0.0000 0.0000 0.0000 0.0000
-438.0809 104.3275 -348.5954 -71.9899 54.7964 77.8176 61.8547 -56.7243 26.4131 20.8923 15.3813 -6.4361 -13.4063 -14.3782 -37.6399 0.0000 0.0000 0.0000 73.5772 -26.3641 26.6019 -17.1724 -9.2554 -0.0559 19.5217 -29.0997 44.6088 0.0000 0.0000 0.0000 11.4692 1.4001 -10.0168 11.4692 1.4001 -10.0168 11.4692 1.4001 -10.0168 23.8160 -30.2476 42.6545 23.8160 -30.2476 42.6545 0.0000 0.0000 0.0000 -8.2472 -2.0574 -51.4819 -8.7361 -1.7699 21.9656 71.7404 10.5387 14.5373 0.0000 0.0000 0.0000 0.0000 0.0000 0.0000 0.0000 0.0000 0.0000 0.0000 0.0000 0.0000 0.0000 0.0000 0.0000 0.0000 0.0000 0.0000 0.0000 0.0000 0.0000 0.0000 0.0000 0.0000 0.0000 0.0000 0.0000 0.0000 0.0000 0.0000 0.0000 0.0000 0.0000 0.0000 0.0000 0.0000 0.0000 0.0000 0.0000 0.0000 0.0000 0.0000 0.0000 0.0000 0.0000 0.0000 0.0000 0.0000 23.4759 30.2589 154.8044 -5.8946 -0.6318 17.5236 -204.0215 194.0210 240.0557 0.0000 0.0000 0.0000 0.0000 0.0000 0.0000 0.0000 0.0000 0.0000 0.0000 0.0000 0.0000 0.0000 0.0000 0.0000 0.0000 0.0000 0.0000 0.0000 0.0000 0.0000 0.0000 0.0000 0.0000 0.0000 0.0000 0.0000 0.0000 0.0000 0.0000 0.0000 0.0000 0.0000 0.0000 0.0000 0.0000 0.0000 0.0000 0.0000 0.0000 0.0000 0.0000 0.0000 0.0000 0.0000
-438.1162 104.1738 -347.8347 -72.3064 54.6016 78.2274 62.2499 -56.8263 26.7089 20.7719 15.2969 -6.3828 -13.3966 -14.8088 -37.6801 0.0000 0.0000 0.0000 74.0072 -26.2025 26.6428 -17.4475 -9.4710 -0.0930 19.6756 -29.2310 44.8561 0.0000 0.0000 0.0000 11.5618 1.4035 -9.9410 11.5618 1.4035 -9.9410 11.5618 1.4035 -9.9410 23.4857 -30.3906 42.3124 23.4857 -30.3906 42.3124 0.0000 0.0000 0.0000 -8.1273 -2.1091 -51.7718 -8.6614 -1.7568 21.9920 71.6767 10.6246 14.6722 0.0000 0.0000 0.0000 0.0000 0.0000 0.0000 0.0000 0.0000 0.0000 0.0000 0.0000 0.0000 0.0000 0.0000 0.0000 0.0000 0.0000 0.0000 0.0000 0.0000 0.0000 0.0000 0.0000 0.0000 0.0000 0.0000 0.0000 0.0000 0.0000 0.0000 0.0000 0.0000 0.0000 0.0000 0.0000 0.0000 0.0000 0.0000 0.0000 0.0000 0.0000 0.0000 0.0000 0.0000 0.0000 0.0000 0.0000 0.0000 23.0316 29.2448 155.1187 -5.4774 -0.5928 18.2961 -204.8987 194.2314 238.9727 0.0000 0.0000 0.0000 0.0000 0.0000 0.0000 0.0000 0.0000 0.0000 0.0000 0.0000 0.0000 0.0000 0.0000 0.0000 0.0000 0.0000 0.0000 0.0000 0.0000 0.0000 0.0000 0.0000 0.0000 0.0000 0.0000 0.0000 0.0000 0.0000 0.0000 0.0000 0.0000 0.0000 0.0000 0.0000 0.0000 0.0000 0.0000 0.0000 0.0000 0.0000 0.0000 0.0000 0.0000 0.0000
-438.0106 104.0771 -347.0139 -72.4965 54.4745 78.4820 62.4885 -56.8963 26.8926 20.7060 15.2402 -6.3506 -13.3970 -15.0762 -37.7184 0.0000 0.0000 0.0000 74.2812 -26.0929 26.6622 -17.6276 -9.6164 -0.1188 19.7711 -29.3081 45.0097 0.0000 0.0000 0.0000 11.6248 1.4046 -9.8955 11.6248 1.4046 -9.8955 11.6248 1.4046 -9.8955 23.2739 -30.4776 42.0899 23.2739 -30.4776 42.0899 0.0000 0.0000 0.0000 -8.0596 -2.1392 -51.9546 -8.6210 -1.7495 22.0039 71.6343 10.6787 14.7579 0.0000 0.0000 0.0000 0.0000 0.0000 0.0000 0.0000 0.0000 0.0000 0.0000 0.0000 0.0000 0.0000 0.0000 0.0000 0.0000 0.0000 0.0000 0.0000 0.0000 0.0000 0.0000 0.0000 0.0000 0.0000 0.0000 0.0000 0.0000 0.0000 0.0000 0.0000 0.0000 0.0000 0.0000 0.0000 0.0000 0.0000 0.0000 0.0000 0.0000 0.0000 0.0000 0.0000 0.0000 0.0000 0.0000 0.0000 0.0000 22.7981 28.6914 155.2708 -5.1785 -0.5594 18.7822 -205.3601 194.3274 238.3771 0.0000 0.0000 0.0000 0.0000 0.0000 0.0000 0.0000 0.0000 0.0000 0.0000 0.0000 0.0000 0.0000 0.0000 0.0000 0.0000 0.0000 0.0000 0.0000 0.0000 0.0000 0.0000 0.0000 0.0000 0.0000 0.0000 0.0000 0.0000 0.0000 0.0000 0.0000 0.0000 0.0000 0.0000 0.0000 0.0000 0.0000 0.0000 0.0000 0.0000 0.0000 0.0000 0.0000 0.0000 0.0000
-437.8734 104.0157 -346.3250 -72.6128 54.3907 78.6429 62.6349 -56.9448 27.0084 20.6697 15.2019 -6.3309 -13.4012 -15.2444 -37.7507 0.0000 0.0000 0.0000 74.4581 -26.0189 26.6713 -17.7466 -9.7147 -0.1365 19.8308 -29.3543 45.1058 0.0000 0.0000 0.0000 11.6675 1.4048 -9.8678 11.6675 1.4048 -9.8678 11.6675 1.4048 -9.8678 23.1363 -30.5317 41.9439 23.1363 -30.5317 41.9439 0.0000 0.0000 0.0000 -8.0205 -2.1570 -52.0719 -8.5990 -1.7454 22.0090 71.6061 10.7133 14.8130 0.0000 0.0000 0.0000 0.0000 0.0000 0.0000 0.0000 0.0000 0.0000 0.0000 0.0000 0.0000 0.0000 0.0000 0.0000 0.0000 0.0000 0.0000 0.0000 0.0000 0.0000 0.0000 0.0000 0.0000 0.0000 0.0000 0.0000 0.0000 0.0000 0.0000 0.0000 0.0000 0.0000 0.0000 0.0000 0.0000 0.0000 0.0000 0.0000 0.0000 0.0000 0.0000 0.0000 0.0000 0.0000 0.0000 0.0000 0.0000 22.6712 28.3820 155.3461 -4.9659 -0.5329 19.0908 -205.6089 194.3733 238.0429 0.0000 0.0000 0.0000 0.0000 0.0000 0.0000 0.0000 0.0000 0.0000 0.0000 0.0000 0.0000 0.0000 0.0000 0.0000 0.0000 0.0000 0.0000 0.0000 0.0000 0.0000 0.0000 0.0000 0.0000 0.0000 0.0000 0.0000 0.0000 0.0000 0.0000 0.0000 0.0000 0.0000 0.0000 0.0000 0.0000 0.0000 0.0000 0.0000 0.0000 0.0000 0.0000 0.0000 0.0000 0.0000
-437.7438 103.9764 -345.7908 -72.6851 54.3351 78.7462 62.7260 -56.9783 27.0822 20.6496 15.1761 -6.3186 -13.4062 -15.3514 -37.7762 0.0000 0.0000 0.0000 74.5735 -25.9689 26.6755 -17.8256 -9.7813 -0.1486 19.8684 -29.3825 45.1664 0.0000 0.0000 0.0000 11.6965 1.4047 -9.8506 11.6965 1.4047 -9.8506 11.6965 1.4047 -9.8506 23.0460 -30.5659 41.8474 23.0460 -30.5659 41.8474 0.0000 0.0000 0.0000 -7.9974 -2.1678 -52.1481 -8.5869 -1.7431 22.0108 71.5873 10.7356 14.8488 0.0000 0.0000 0.0000 0.0000 0.0000 0.0000 0.0000 0.0000 0.0000 0.0000 0.0000 0.0000 0.0000 0.0000 0.0000 0.0000 0.0000 0.0000 0.0000 0.0000 0.0000 0.0000 0.0000 0.0000 0.0000 0.0000 0.0000 0.0000 0.0000 0.0000 0.0000 0.0000 0.0000 0.0000 0.0000 0.0000 0.0000 0.0000 0.0000 0.0000 0.0000 0.0000 0.0000 0.0000 0.0000 0.0000 0.0000 0.0000 22.6006 28.2051 155.3837 -4.8160 -0.5131 19.2886 -205.7460 194.3958 237.8518 0.0000 0.0000 0.0000 0.0000 0.0000 0.0000 0.0000 0.0000 0.0000 0.0000 0.0000 0.0000 0.0000 0.0000 0.0000 0.0000 0.0000 0.0000 0.0000 0.0000 0.0000 0.0000 0.0000 0.0000 0.0000 0.0000 0.0000 0.0000 0.0000 0.0000 0.0000 0.0000 0.0000 0.0000 0.0000 0.0000 0.0000 0.0000 0.0000 0.0000 0.0000 0.0000 0.0000 0.0000 0.0000
-437.6337 103.9511 -345.3888 -72.7307 54.2980 78.8132 62.7833 -57.0015 27.1299 20.6383 15.1586 -6.3109 -13.4109 -15.4202 -37.7955 0.0000 0.0000 0.0000 74.6494 -25.9350 26.6773 -17.8784 -9.8264 -0.1569 19.8923 -29.4000 45.2048 0.0000 0.0000 0.0000 11.7161 1.4044 -9.8397 11.7161 1.4044 -9.8397 11.7161 1.4044 -9.8397 22.9862 -30.5879 41.7833 22.9862 -30.5879 41.7833 0.0000 0.0000 0.0000 -7.9835 -2.1744 -52.1981 -8.5802 -1.7418 22.0112 71.5748 10.7503 14.8723 0.0000 0.0000 0.0000 0.0000 0.0000 0.0000 0.0000 0.0000 0.0000 0.0000 0.0000 0.0000 0.0000 0.0000 0.0000 0.0000 0.0000 0.0000 0.0000 0.0000 0.0000 0.0000 0.0000 0.0000 0.0000 0.0000 0.0000 0.0000 0.0000 0.0000 0.0000 0.0000 0.0000 0.0000 0.0000 0.0000 0.0000 0.0000 0.0000 0.0000 0.0000 0.0000 0.0000 0.0000 0.0000 0.0000 0.0000 0.0000 22.5604 28.1019 155.4024 -4.7112 -0.4986 19.4167 -205.8228 194.4071 237.7404 0.0000 0.0000 0.0000 0.0000 0.0000 0.0000 0.0000 0.0000 0.0000 0.0000 0.0000 0.0000 0.0000 0.0000 0.0000 0.0000 0.0000 0.0000 0.0000 0.0000 0.0000 0.0000 0.0000 0.0000 0.0000 0.0000 0.0000 0.0000 0.0000 0.0000 0.0000 0.0000 0.0000 0.0000 0.0000 0.0000 0.0000 0.0000 0.0000 0.0000 0.0000 0.0000 0.0000 0.0000 0.0000
-437.5444 103.9347 -345.0894 -72.7598 54.2731 78.8572 62.8199 -57.0176 27.1609 20.6320 15.1467 -6.3060 -13.4147 -15.4648 -37.8097 0.0000 0.0000 0.0000 74.6997 -25.9121 26.6780 -17.9139 -9.8570 -0.1626 19.9076 -29.4110 45.2295 0.0000 0.0000 0.0000 11.7295 1.4042 -9.8329 11.7295 1.4042 -9.8329 11.7295 1.4042 -9.8329 22.9465 -30.6023 41.7404 22.9465 -30.6023 41.7404 0.0000 0.0000 0.0000 -7.9751 -2.1785 -52.2312 -8.5765 -1.7410 22.0110 71.5664 10.7599 14.8879 0.0000 0.0000 0.0000 0.0000 0.0000 0.0000 0.0000 0.0000 0.0000 0.0000 0.0000 0.0000 0.0000 0.0000 0.0000 0.0000 0.0000 0.0000 0.0000 0.0000 0.0000 0.0000 0.0000 0.0000 0.0000 0.0000 0.0000 0.0000 0.0000 0.0000 0.0000 0.0000 0.0000 0.0000 0.0000 0.0000 0.0000 0.0000 0.0000 0.0000 0.0000 0.0000 0.0000 0.0000 0.0000 0.0000 0.0000 0.0000 22.5370 28.0407 155.4117 -4.6382 -0.4882 19.5003 -205.8667 194.4127 237.6744 0.0000 0.0000 0.0000 0.0000 0.0000 0.0000 0.0000 0.0000 0.0000 0.0000 0.0000 0.0000 0.0000 0.0000 0.0000 0.0000 0.0000 0.0000 0.0000 0.0000 0.0000 0.0000 0.0000 0.0000 0.0000 0.0000 0.0000 0.0000 0.0000 0.0000 0.0000 0.0000 0.0000 0.0000 0.0000 0.0000 0.0000 0.0000 0.0000 0.0000 0.0000 0.0000 0.0000 0.0000 0.0000
-437.4736 103.9241 -344.8668 -72.7785 54.2563 78.8862 62.8434 -57.0287 27.1813 20.6284 15.1386 -6.3029 -13.4178 -15.4940 -37.8201 0.0000 0.0000 0.0000 74.7332 -25.8966 26.6782 -17.9378 -9.8778 -0.1664 19.9175 -29.4180 45.2454 0.0000 0.0000 0.0000 11.7386 1.4041 -9.8285 11.7386 1.4041 -9.8285 11.7386 1.4041 -9.8285 22.9198 -30.6117 41.7117 22.9198 -30.6117 41.7117 0.0000 0.0000 0.0000 -7.9698 -2.1811 -52.2532 -8.5744 -1.7405 22.0106 71.5608 10.7663 14.8982 0.0000 0.0000 0.0000 0.0000 0.0000 0.0000 0.0000 0.0000 0.0000 0.0000 0.0000 0.0000 0.0000 0.0000 0.0000 0.0000 0.0000 0.0000 0.0000 0.0000 0.0000 0.0000 0.0000 0.0000 0.0000 0.0000 0.0000 0.0000 0.0000 0.0000 0.0000 0.0000 0.0000 0.0000 0.0000 0.0000 0.0000 0.0000 0.0000 0.0000 0.0000 0.0000 0.0000 0.0000 0.0000 0.0000 0.0000 0.0000 22.5233 28.0038 155.4161 -4.5876 -0.4809 19.5553 -205.8922 194.4155 237.6346 0.0000 0.0000 0.0000 0.0000 0.0000 0.0000 0.0000 0.0000 0.0000 0.0000 0.0000 0.0000 0.0000 0.0000 0.0000 0.0000 0.0000 0.0000 0.0000 0.0000 0.0000 0.0000 0.0000 0.0000 0.0000 0.0000 0.0000 0.0000 0.0000 0.0000 0.0000 0.0000 0.0000 0.0000 0.0000 0.0000 0.0000 0.0000 0.0000 0.0000 0.0000 0.0000 0.0000 0.0000 0.0000
-437.4182 103.9171 -344.7010 -72.7907 54.2450 78.9055 62.8587 -57.0363 27.1947 20.6264 15.1332 -6.3008 -13.4200 -15.5133 -37.8275 0.0000 0.0000 0.0000 74.7556 -25.8861 26.6782 -17.9539 -9.8919 -0.1691 19.9240 -29.4225 45.2558 0.0000 0.0000 0.0000 11.7448 1.4039 -9.8256 11.7448 1.4039 -9.8256 11.7448 1.4039 -9.8256 22.9020 -30.6179 41.6924 22.9020 -30.6179 41.6924 0.0000 0.0000 0.0000 -7.9665 -2.1828 -52.2679 -8.5733 -1.7403 22.0102 71.5570 10.7705 14.9050 0.0000 0.0000 0.0000 0.0000 0.0000 0.0000 0.0000 0.0000 0.0000 0.0000 0.0000 0.0000 0.0000 0.0000 0.0000 0.0000 0.0000 0.0000 0.0000 0.0000 0.0000 0.0000 0.0000 0.0000 0.0000 0.0000 0.0000 0.0000 0.0000 0.0000 0.0000 0.0000 0.0000 0.0000 0.0000 0.0000 0.0000 0.0000 0.0000 0.0000 0.0000 0.0000 0.0000 0.0000 0.0000 0.0000 0.0000 0.0000 22.5151 27.9811 155.4182 -4.5527 -0.4758 19.5917 -205.9071 194.4168 237.6103 0.0000 0.0000 0.0000 0.0000 0.0000 0.0000 0.0000 0.0000 0.0000 0.0000 0.0000 0.0000 0.0000 0.0000 0.0000 0.0000 0.0000 0.0000 0.0000 0.0000 0.0000 0.0000 0.0000 0.0000 0.0000 0.0000 0.0000 0.0000 0.0000 0.0000 0.0000 0.0000 0.0000 0.0000 0.0000 0.0000 0.0000 0.0000 0.0000 0.0000 0.0000 0.0000 0.0000 0.0000 0.0000
-437.3751 103.9126 -344.5770 -72.7987 54.2373 78.9184 62.8687 -57.0416 27.2037 20.6253 15.1295 -6.2995 -13.4217 -15.5260 -37.8327 0.0000 0.0000 0.0000 74.7707 -25.8789 26.6781 -17.9648 -9.9016 -0.1709 19.9282 -29.4254 45.2626 0.0000 0.0000 0.0000 11.7490 1.4038 -9.8237 11.7490 1.4038 -9.8237 11.7490 1.4038 -9.8237 22.8899 -30.6220 41.6793 22.8899 -30.6220 41.6793 0.0000 0.0000 0.0000 -7.9644 -2.1839 -52.2778 -8.5726 -1.7401 22.0099 71.5544 10.7734 14.9097 0.0000 0.0000 0.0000 0.0000 0.0000 0.0000 0.0000 0.0000 0.0000 0.0000 0.0000 0.0000 0.0000 0.0000 0.0000 0.0000 0.0000 0.0000 0.0000 0.0000 0.0000 0.0000 0.0000 0.0000 0.0000 0.0000 0.0000 0.0000 0.0000 0.0000 0.0000 0.0000 0.0000 0.0000 0.0000 0.0000 0.0000 0.0000 0.0000 0.0000 0.0000 0.0000 0.0000 0.0000 0.0000 0.0000 0.0000 0.0000 22.5101 27.9671 155.4190 -4.5287 -0.4723 19.6160 -205.9160 194.4175 237.5953 0.0000 0.0000 0.0000 0.0000 0.0000 0.0000 0.0000 0.0000 0.0000 0.0000 0.0000 0.0000 0.0000 0.0000 0.0000 0.0000 0.0000 0.0000 0.0000 0.0000 0.0000 0.0000 0.0000 0.0000 0.0000 0.0000 0.0000 0.0000 0.0000 0.0000 0.0000 0.0000 0.0000 0.0000 0.0000 0.0000 0.0000 0.0000 0.0000 0.0000 0.0000 0.0000 0.0000 0.0000 0.0000
-437.3417 103.9096 -344.4839 -72.8040 54.2321 78.9270 62.8753 -57.0452 27.2096 20.6246 15.1269 -6.2986 -13.4229 -15.5345 -37.8364 0.0000 0.0000 0.0000 74.7809 -25.8740 26.6780 -17.9723 -9.9081 -0.1721 19.9309 -29.4273 45.2671 0.0000 0.0000 0.0000 11.7518 1.4037 -9.8225 11.7518 1.4037 -9.8225 11.7518 1.4037 -9.8225 22.8818 -30.6248 41.6705 22.8818 -30.6248 41.6705 0.0000 0.0000 0.0000 -7.9630 -2.1846 -52.2845 -8.5723 -1.7400 22.0096 71.5527 10.7753 14.9128 0.0000 0.0000 0.0000 0.0000 0.0000 0.0000 0.0000 0.0000 0.0000 0.0000 0.0000 0.0000 0.0000 0.0000 0.0000 0.0000 0.0000 0.0000 0.0000 0.0000 0.0000 0.0000 0.0000 0.0000 0.0000 0.0000 0.0000 0.0000 0.0000 0.0000 0.0000 0.0000 0.0000 0.0000 0.0000 0.0000 0.0000 0.0000 0.0000 0.0000 0.0000 0.0000 0.0000 0.0000 0.0000 0.0000 0.0000 0.0000 22.5070 27.9582 155.4194 -4.5121 -0.4698 19.6322 -205.9214 194.4178 237.5858 0.0000 0.0000 0.0000 0.0000 0.0000 0.0000 0.0000 0.0000 0.0000 0.0000 0.0000 0.0000 0.0000 0.0000 0.0000 0.0000 0.0000 0.0000 0.0000 0.0000 0.0000 0.0000 0.0000 0.0000 0.0000 0.0000 0.0000 0.0000 0.0000 0.0000 0.0000 0.0000 0.0000 0.0000 0.0000 0.0000 0.0000 0.0000 0.0000 0.0000 0.0000 0.0000 0.0000 0.0000 0.0000
-437.3158 103.9077 -344.4135 -72.8075 54.2286 78.9328 62.8797 -57.0477 27.2137 20.6242 15.1252 -6.2980 -13.4237 -15.5402 -37.8390 0.0000 0.0000 0.0000 74.7877 -25.8707 26.6779 -17.9773 -9.9126 -0.1729 19.9328 -29.4286 45.2701 0.0000 0.0000 0.0000 11.7538 1.4037 -9.8217 11.7538 1.4037 -9.8217 11.7538 1.4037 -9.8217 22.8763 -30.6267 41.6645 22.8763 -30.6267 41.6645 0.0000 0.0000 0.0000 -7.9621 -2.1850 -52.2890 -8.5720 -1.7400 22.0094 71.5515 10.7766 14.9149 0.0000 0.0000 0.0000 0.0000 0.0000 0.0000 0.0000 0.0000 0.0000 0.0000 0.0000 0.0000 0.0000 0.0000 0.0000 0.0000 0.0000 0.0000 0.0000 0.0000 0.0000 0.0000 0.0000 0.0000 0.0000 0.0000 0.0000 0.0000 0.0000 0.0000 0.0000 0.0000 0.0000 0.0000 0.0000 0.0000 0.0000 0.0000 0.0000 0.0000 0.0000 0.0000 0.0000 0.0000 0.0000 0.0000 0.0000 0.0000 22.5051 27.9526 155.4194 -4.5007 -0.4681 19.6431 -205.9247 194.4179 237.5798 0.0000 0.0000 0.0000 0.0000 0.0000 0.0000 0.0000 0.0000 0.0000 0.0000 0.0000 0.0000 0.0000 0.0000 0.0000 0.0000 0.0000 0.0000 0.0000 0.0000 0.0000 0.0000 0.0000 0.0000 0.0000 0.0000 0.0000 0.0000 0.0000 0.0000 0.0000 0.0000 0.0000 0.0000 0.0000 0.0000 0.0000 0.0000 0.0000 0.0000 0.0000 0.0000 0.0000 0.0000 0.0000
-437.2974 103.9061 -344.3649 -72.8099 54.2262 78.9368 62.8826 -57.0494 27.2164 20.6240 15.1240 -6.2976 -13.4243 -15.5440 -37.8408 0.0000 0.0000 0.0000 74.7924 -25.8684 26.6778 -17.9807 -9.9157 -0.1735 19.9340 -29.4294 45.2721 0.0000 0.0000 0.0000 11.7551 1.4037 -9.8211 11.7551 1.4037 -9.8211 11.7551 1.4037 -9.8211 22.8725 -30.6279 41.6604 22.8725 -30.6279 41.6604 0.0000 0.0000 0.0000 -7.9615 -2.1853 -52.2921 -8.5719 -1.7399 22.0092 71.5507 10.7774 14.9163 0.0000 0.0000 0.0000 0.0000 0.0000 0.0000 0.0000 0.0000 0.0000 0.0000 0.0000 0.0000 0.0000 0.0000 0.0000 0.0000 0.0000 0.0000 0.0000 0.0000 0.0000 0.0000 0.0000 0.0000 0.0000 0.0000 0.0000 0.0000 0.0000 0.0000 0.0000 0.0000 0.0000 0.0000 0.0000 0.0000 0.0000 0.0000 0.0000 0.0000 0.0000 0.0000 0.0000 0.0000 0.0000 0.0000 0.0000 0.0000 22.5039 27.9490 155.4193 -4.4929 -0.4669 19.6504 -205.9268 194.4179 237.5760 0.0000 0.0000 0.0000 0.0000 0.0000 0.0000 0.0000 0.0000 0.0000 0.0000 0.0000 0.0000 0.0000 0.0000 0.0000 0.0000 0.0000 0.0000 0.0000 0.0000 0.0000 0.0000 0.0000 0.0000 0.0000 0.0000 0.0000 0.0000 0.0000 0.0000 0.0000 0.0000 0.0000 0.0000 0.0000 0.0000 0.0000 0.0000 0.0000 0.0000 0.0000 0.0000 0.0000 0.0000 0.0000
-437.2826 103.9052 -344.3262 -72.8114 54.2245 78.9394 62.8846 -57.0506 27.2182 20.6239 15.1232 -6.2973 -13.4248 -15.5466 -37.8420 0.0000 0.0000 0.0000 74.7955 -25.8669 26.6777 -17.9831 -9.9178 -0.1739 19.9348 -29.4300 45.2734 0.0000 0.0000 0.0000 11.7561 1.4036 -9.8208 11.7561 1.4036 -9.8208 11.7561 1.4036 -9.8208 22.8700 -30.6288 41.6577 22.8700 -30.6288 41.6577 0.0000 0.0000 0.0000 -7.9612 -2.1855 -52.2941 -8.5719 -1.7399 22.0091 71.5502 10.7780 14.9172 0.0000 0.0000 0.0000 0.0000 0.0000 0.0000 0.0000 0.0000 0.0000 0.0000 0.0000 0.0000 0.0000 0.0000 0.0000 0.0000 0.0000 0.0000 0.0000 0.0000 0.0000 0.0000 0.0000 0.0000 0.0000 0.0000 0.0000 0.0000 0.0000 0.0000 0.0000 0.0000 0.0000 0.0000 0.0000 0.0000 0.0000 0.0000 0.0000 0.0000 0.0000 0.0000 0.0000 0.0000 0.0000 0.0000 0.0000 0.0000 22.5032 27.9467 155.4193 -4.4875 -0.4661 19.6554 -205.9281 194.4179 237.5735 0.0000 0.0000 0.0000 0.0000 0.0000 0.0000 0.0000 0.0000 0.0000 0.0000 0.0000 0.0000 0.0000 0.0000 0.0000 0.0000 0.0000 0.0000 0.0000 0.0000 0.0000 0.0000 0.0000 0.0000 0.0000 0.0000 0.0000 0.0000 0.0000 0.0000 0.0000 0.0000 0.0000 0.0000 0.0000 0.0000 0.0000 0.0000 0.0000 0.0000 0.0000 0.0000 0.0000 0.0000 0.0000
-437.2718 103.9045 -344.2986 -72.8125 54.2234 78.9412 62.8859 -57.0514 27.2194 20.6238 15.1227 -6.2972 -13.4251 -15.5484 -37.8429 0.0000 0.0000 0.0000 74.7977 -25.8658 26.6777 -17.9846 -9.9192 -0.1742 19.9354 -29.4303 45.2743 0.0000 0.0000 0.0000 11.7567 1.4036 -9.8205 11.7567 1.4036 -9.8205 11.7567 1.4036 -9.8205 22.8682 -30.6293 41.6558 22.8682 -30.6293 41.6558 0.0000 0.0000 0.0000 -7.9609 -2.1857 -52.2956 -8.5718 -1.7399 22.0090 71.5498 10.7784 14.9179 0.0000 0.0000 0.0000 0.0000 0.0000 0.0000 0.0000 0.0000 0.0000 0.0000 0.0000 0.0000 0.0000 0.0000 0.0000 0.0000 0.0000 0.0000 0.0000 0.0000 0.0000 0.0000 0.0000 0.0000 0.0000 0.0000 0.0000 0.0000 0.0000 0.0000 0.0000 0.0000 0.0000 0.0000 0.0000 0.0000 0.0000 0.0000 0.0000 0.0000 0.0000 0.0000 0.0000 0.0000 0.0000 0.0000 0.0000 0.0000 22.5027 27.9452 155.4192 -4.4838 -0.4655 19.6587 -205.9289 194.4179 237.5719 0.0000 0.0000 0.0000 0.0000 0.0000 0.0000 0.0000 0.0000 0.0000 0.0000 0.0000 0.0000 0.0000 0.0000 0.0000 0.0000 0.0000 0.0000 0.0000 0.0000 0.0000 0.0000 0.0000 0.0000 0.0000 0.0000 0.0000 0.0000 0.0000 0.0000 0.0000 0.0000 0.0000 0.0000 0.0000 0.0000 0.0000 0.0000 0.0000 0.0000 0.0000 0.0000 0.0000 0.0000 0.0000
-437.2629 103.9041 -344.2757 -72.8132 54.2227 78.9425 62.8868 -57.0519 27.2203 20.6237 15.1223 -6.2970 -13.4253 -15.5495 -37.8435 0.0000 0.0000 0.0000 74.7991 -25.8651 26.6777 -17.9857 -9.9202 -0.1744 19.9358 -29.4306 45.2749 0.0000 0.0000 0.0000 11.7571 1.4036 -9.8204 11.7571 1.4036 -9.8204 11.7571 1.4036 -9.8204 22.8671 -30.6297 41.6545 22.8671 -30.6297 41.6545 0.0000 0.0000 0.0000 -7.9607 -2.1858 -52.2965 -8.5718 -1.7399 22.0090 71.5495 10.7787 14.9183 0.0000 0.0000 0.0000 0.0000 0.0000 0.0000 0.0000 0.0000 0.0000 0.0000 0.0000 0.0000 0.0000 0.0000 0.0000 0.0000 0.0000 0.0000 0.0000 0.0000 0.0000 0.0000 0.0000 0.0000 0.0000 0.0000 0.0000 0.0000 0.0000 0.0000 0.0000 0.0000 0.0000 0.0000 0.0000 0.0000 0.0000 0.0000 0.0000 0.0000 0.0000 0.0000 0.0000 0.0000 0.0000 0.0000 0.0000 0.0000 22.5023 27.9442 155.4191 -4.4813 -0.4652 19.6610 -205.9294 194.4179 237.5708 0.0000 0.0000 0.0000 0.0000 0.0000 0.0000 0.0000 0.0000 0.0000 0.0000 0.0000 0.0000 0.0000 0.0000 0.0000 0.0000 0.0000 0.0000 0.0000 0.0000 0.0000 0.0000 0.0000 0.0000 0.0000 0.0000 0.0000 0.0000 0.0000 0.0000 0.0000 0.0000 0.0000 0.0000 0.0000 0.0000 0.0000 0.0000 0.0000 0.0000 0.0000 0.0000 0.0000 0.0000 0.0000
-437.2563 103.9037 -344.2590 -72.8137 54.2221 78.9433 62.8874 -57.0523 27.2208 20.6237 15.1220 -6.2970 -13.4254 -15.5503 -37.8439 0.0000 0.0000 0.0000 74.8001 -25.8646 26.6776 -17.9865 -9.9209 -0.1745 19.9360 -29.4307 45.2753 0.0000 0.0000 0.0000 11.7574 1.4036 -9.8203 11.7574 1.4036 -9.8203 11.7574 1.4036 -9.8203 22.8663 -30.6300 41.6536 22.8663 -30.6300 41.6536 0.0000 0.0000 0.0000 -7.9606 -2.1858 -52.2972 -8.5718 -1.7399 22.0089 71.5494 10.7789 14.9186 0.0000 0.0000 0.0000 0.0000 0.0000 0.0000 0.0000 0.0000 0.0000 0.0000 0.0000 0.0000 0.0000 0.0000 0.0000 0.0000 0.0000 0.0000 0.0000 0.0000 0.0000 0.0000 0.0000 0.0000 0.0000 0.0000 0.0000 0.0000 0.0000 0.0000 0.0000 0.0000 0.0000 0.0000 0.0000 0.0000 0.0000 0.0000 0.0000 0.0000 0.0000 0.0000 0.0000 0.0000 0.0000 0.0000 0.0000 0.0000 22.5021 27.9435 155.4190 -4.4796 -0.4649 19.6626 -205.9297 194.4178 237.5701 0.0000 0.0000 0.0000 0.0000 0.0000 0.0000 0.0000 0.0000 0.0000 0.0000 0.0000 0.0000 0.0000 0.0000 0.0000 0.0000 0.0000 0.0000 0.0000 0.0000 0.0000 0.0000 0.0000 0.0000 0.0000 0.0000 0.0000 0.0000 0.0000 0.0000 0.0000 0.0000 0.0000 0.0000 0.0000 0.0000 0.0000 0.0000 0.0000 0.0000 0.0000 0.0000 0.0000 0.0000 0.0000
